timestamp,aggregate,temperature,holiday
2023-01-01 00:00:00,1120.6230261755309,16.13835527115488,0
2023-01-01 00:01:00,565.6914715466646,16.50986215960062,0
2023-01-01 00:02:00,415.2634693401974,16.01263247432509,0
2023-01-01 00:03:00,463.92461546543854,15.470348611449197,0
2023-01-01 00:04:00,536.1612410495095,15.353392353935677,0
2023-01-01 00:05:00,519.3799307726728,14.473504710438199,0
2023-01-01 00:06:00,460.1900156332181,15.264704153387951,0
2023-01-01 00:07:00,519.1741278318035,14.876515221781949,0
2023-01-01 00:08:00,548.4791388814238,15.087779195755305,0
2023-01-01 00:09:00,466.145111546995,14.571031253947147,0
2023-01-01 00:10:00,524.7012585529765,16.51269866696431,0
2023-01-01 00:11:00,548.6602703763024,14.441679267856607,0
2023-01-01 00:12:00,392.77858206167446,15.304077646215308,0
2023-01-01 00:13:00,495.731679397013,15.73192048159817,0
2023-01-01 00:14:00,556.860657829058,14.978933251656334,0
2023-01-01 00:15:00,527.7860273123222,14.755784988054629,0
2023-01-01 00:16:00,422.3631052100648,15.407375223199088,0
2023-01-01 00:17:00,445.88190839527516,15.890924858599668,0
2023-01-01 00:18:00,528.770938822785,13.580221224445221,0
2023-01-01 00:19:00,627.807579761851,15.565046821823643,0
2023-01-01 00:20:00,411.55289014356345,14.782082146802319,0
2023-01-01 00:21:00,608.5390628582612,16.250925512556776,0
2023-01-01 00:22:00,474.09442965355373,13.888011882405918,0
2023-01-01 00:23:00,483.2820418415333,15.537432287939037,0
2023-01-01 00:24:00,608.3421630812479,16.869920557265946,0
2023-01-01 00:25:00,579.1337156999224,14.415792561151536,0
2023-01-01 00:26:00,540.3129696502205,14.702652783747432,0
2023-01-01 00:27:00,591.0624120611219,16.2544191529549,0
2023-01-01 00:28:00,547.9936095315505,14.571906895191333,0
2023-01-01 00:29:00,551.1694347395903,17.07198995736961,0
2023-01-01 00:30:00,444.745510295738,15.881480154004956,0
2023-01-01 00:31:00,621.5512052344695,16.117925623799067,0
2023-01-01 00:32:00,543.933389852448,15.895410441172054,0
2023-01-01 00:33:00,500.4479015943374,13.524315834840596,0
2023-01-01 00:34:00,573.1201445842073,15.07884374914289,0
2023-01-01 00:35:00,536.4593430718984,13.023601739604999,0
2023-01-01 00:36:00,594.4561760070739,15.286965850476307,0
2023-01-01 00:37:00,569.5373311749784,15.363069980258008,0
2023-01-01 00:38:00,586.0983382999729,15.002030957327332,0
2023-01-01 00:39:00,493.77846733754444,14.81291506922265,0
2023-01-01 00:40:00,597.3670002279662,15.701317839858804,0
2023-01-01 00:41:00,502.10826377023966,13.791235437222038,0
2023-01-01 00:42:00,598.0753858155933,14.416626714804098,0
2023-01-01 00:43:00,552.9772229542273,15.969882268075226,0
2023-01-01 00:44:00,563.567013331619,15.496208936542262,0
2023-01-01 00:45:00,455.2222499820079,17.33622976283092,0
2023-01-01 00:46:00,613.7254782895955,15.116112805060775,0
2023-01-01 00:47:00,563.3303992485035,14.69757113379687,0
2023-01-01 00:48:00,510.3293972585781,16.32192143242554,0
2023-01-01 00:49:00,559.9463880863578,16.529936913649124,0
2023-01-01 00:50:00,599.5945919999775,14.649947045054478,0
2023-01-01 00:51:00,531.9197144413833,15.015444883784763,0
2023-01-01 00:52:00,596.3383210435745,14.875492021613992,0
2023-01-01 00:53:00,480.4571841370287,14.196344959078564,0
2023-01-01 00:54:00,593.3760227042687,16.53794002886962,0
2023-01-01 00:55:00,572.9305814188183,16.463011552585748,0
2023-01-01 00:56:00,583.8521913768311,13.361295527829476,0
2023-01-01 00:57:00,534.1872923199927,14.530869580718196,0
2023-01-01 00:58:00,596.7965957793682,16.377547446776813,0
2023-01-01 00:59:00,507.2853062033406,15.693537972101241,0
2023-01-01 01:00:00,515.302045420688,13.54383983715883,0
2023-01-01 01:01:00,569.1372904159488,14.418796256701135,0
2023-01-01 01:02:00,569.5130099039195,15.748106968014687,0
2023-01-01 01:03:00,566.7342862893101,14.836564645060594,0
2023-01-01 01:04:00,567.4562965460029,15.776705903321814,0
2023-01-01 01:05:00,599.3742106658553,15.486016074665145,0
2023-01-01 01:06:00,606.917205270389,15.637759432716212,0
2023-01-01 01:07:00,603.3439535559237,13.914632776601522,0
2023-01-01 01:08:00,518.542218259871,15.924704259824171,0
2023-01-01 01:09:00,510.68164923318466,16.172693368102614,0
2023-01-01 01:10:00,598.9123675000542,16.18234556111034,0
2023-01-01 01:11:00,492.1282701373127,14.29039259660841,0
2023-01-01 01:12:00,565.2549641409261,15.685870482335085,0
2023-01-01 01:13:00,541.9913902364397,14.769492511481412,0
2023-01-01 01:14:00,544.7554851605248,15.752550335654611,0
2023-01-01 01:15:00,562.5967349392705,16.920524681019426,0
2023-01-01 01:16:00,531.7091812523406,15.595695037560636,0
2023-01-01 01:17:00,587.4464787131899,16.066212178658073,0
2023-01-01 01:18:00,599.9736532432635,15.791451081726304,0
2023-01-01 01:19:00,500.25692837083625,16.298751026194434,0
2023-01-01 01:20:00,514.7916362626557,16.676948426165104,0
2023-01-01 01:21:00,601.6596819400562,14.37760399017625,0
2023-01-01 01:22:00,512.44909693452,15.200471394164515,0
2023-01-01 01:23:00,582.2207140423521,16.222221850601443,0
2023-01-01 01:24:00,595.8918165191413,15.433290335207593,0
2023-01-01 01:25:00,557.5669423230779,15.070450218070508,0
2023-01-01 01:26:00,558.8760772054223,16.84814868512727,0
2023-01-01 01:27:00,576.4357143422867,14.3146090066459,0
2023-01-01 01:28:00,522.5210823466202,15.3368011908645,0
2023-01-01 01:29:00,549.7660380058435,15.17709248848208,0
2023-01-01 01:30:00,541.5452133659096,16.224309381078807,0
2023-01-01 01:31:00,611.6368543900153,15.329798716462658,0
2023-01-01 01:32:00,514.3997793165258,15.188490368080275,0
2023-01-01 01:33:00,601.0066792581871,15.482959996597513,0
2023-01-01 01:34:00,556.5924975796959,16.564771472438736,0
2023-01-01 01:35:00,584.9930432497313,15.497847195618693,0
2023-01-01 01:36:00,549.930078038873,17.51864538267615,0
2023-01-01 01:37:00,545.946152965577,16.349965402652032,0
2023-01-01 01:38:00,613.4008021276936,15.850123234540188,0
2023-01-01 01:39:00,592.5764278516419,16.352234461704125,0
2023-01-01 01:40:00,,14.862694473447768,0
2023-01-01 01:41:00,,14.799205469484297,0
2023-01-01 01:42:00,,17.86254874755399,0
2023-01-01 01:43:00,,15.192627145850699,0
2023-01-01 01:44:00,,16.247694124005562,0
2023-01-01 01:45:00,,14.234610359007915,0
2023-01-01 01:46:00,621.6606022125454,13.92255967498955,0
2023-01-01 01:47:00,599.0803033479237,15.45662548183519,0
2023-01-01 01:48:00,502.41703674041196,14.66979590746265,0
2023-01-01 01:49:00,545.854400458344,16.380393800190024,0
2023-01-01 01:50:00,577.3173493453336,17.099386444185086,0
2023-01-01 01:51:00,434.34238696124964,15.39866229941298,0
2023-01-01 01:52:00,581.2703241793502,16.55129821856604,0
2023-01-01 01:53:00,548.7599439093035,14.493965265739648,0
2023-01-01 01:54:00,581.1876879396596,15.70818868905461,0
2023-01-01 01:55:00,662.5782114118866,15.365435104457429,0
2023-01-01 01:56:00,547.0995006630905,16.477285099277623,0
2023-01-01 01:57:00,554.8612671636695,15.900084027080277,0
2023-01-01 01:58:00,599.3017002762749,16.180853566257117,0
2023-01-01 01:59:00,640.5795122379448,14.778274533763382,0
2023-01-01 02:00:00,614.3383045704874,16.09114101949984,0
2023-01-01 02:01:00,556.9344914235421,14.947928564998568,0
2023-01-01 02:02:00,590.3480326011893,15.611559811183877,0
2023-01-01 02:03:00,641.1363042710694,17.73098421239535,0
2023-01-01 02:04:00,545.7032588484475,14.857782526084257,0
2023-01-01 02:05:00,568.9156468052355,16.08673022133457,0
2023-01-01 02:06:00,615.1729916589778,14.27183008840109,0
2023-01-01 02:07:00,685.1235132984802,13.678000598491789,0
2023-01-01 02:08:00,551.3246663203236,16.88679673163412,0
2023-01-01 02:09:00,642.4649141055473,14.897402542580652,0
2023-01-01 02:10:00,647.0728707783655,15.673848216359218,0
2023-01-01 02:11:00,603.264227195681,15.398042238288578,0
2023-01-01 02:12:00,575.4540620377022,18.542865511213677,0
2023-01-01 02:13:00,618.9244156926479,16.01941308003357,0
2023-01-01 02:14:00,577.564267710386,15.478225903433938,0
2023-01-01 02:15:00,548.689761104205,15.377989460603551,0
2023-01-01 02:16:00,667.4276538792909,16.468444597522996,0
2023-01-01 02:17:00,599.2848279406709,15.915436755396072,0
2023-01-01 02:18:00,726.3603140576448,19.086861234305392,0
2023-01-01 02:19:00,604.7402874308283,14.569141065235636,0
2023-01-01 02:20:00,557.109304877607,14.132574231664972,0
2023-01-01 02:21:00,765.7246011755498,13.913726663777835,0
2023-01-01 02:22:00,635.6229417746955,15.963519497423395,0
2023-01-01 02:23:00,665.1933623533445,15.658380155459504,0
2023-01-01 02:24:00,637.2156075156349,16.657776571417582,0
2023-01-01 02:25:00,631.2041647673889,16.369947497629056,0
2023-01-01 02:26:00,609.7297210487761,15.672279202079606,0
2023-01-01 02:27:00,598.4227769472525,16.288904743624727,0
2023-01-01 02:28:00,568.6310870182041,15.933520112051976,0
2023-01-01 02:29:00,658.8426518203609,17.119682023519484,0
2023-01-01 02:30:00,610.7027984295175,15.524626189861841,0
2023-01-01 02:31:00,583.3617351932021,15.462717265860535,0
2023-01-01 02:32:00,575.269811362435,16.919513970770428,0
2023-01-01 02:33:00,539.8447528111988,15.241328888306594,0
2023-01-01 02:34:00,572.9737881045672,16.013586612113514,0
2023-01-01 02:35:00,632.1344288525082,15.486988484814505,0
2023-01-01 02:36:00,640.979335721617,15.206016678948027,0
2023-01-01 02:37:00,655.4267330136857,16.340647779117006,0
2023-01-01 02:38:00,572.1772787711627,16.801593829026622,0
2023-01-01 02:39:00,631.1640153135223,16.9666481774615,0
2023-01-01 02:40:00,648.2834943620553,14.597966593942845,0
2023-01-01 02:41:00,672.5714796808193,16.73681666175494,0
2023-01-01 02:42:00,608.148100897203,17.132616318948152,0
2023-01-01 02:43:00,660.2100302699946,16.491720789108246,0
2023-01-01 02:44:00,613.5302265044182,15.310653729113296,0
2023-01-01 02:45:00,536.5138689334976,17.370622546459742,0
2023-01-01 02:46:00,648.1282654885135,16.65292482410921,0
2023-01-01 02:47:00,732.703121944256,17.417079429703684,0
2023-01-01 02:48:00,639.4100298756794,16.190761602678513,0
2023-01-01 02:49:00,670.825785630072,16.2552791607921,0
2023-01-01 02:50:00,615.3889762235046,17.812872113015256,0
2023-01-01 02:51:00,662.5149627547477,16.58922437236296,0
2023-01-01 02:52:00,634.3695853907905,16.183314029796655,0
2023-01-01 02:53:00,639.8787013042626,18.122074070651678,0
2023-01-01 02:54:00,736.0482163659655,16.03587677963325,0
2023-01-01 02:55:00,677.0395237336596,16.14960641228318,0
2023-01-01 02:56:00,611.3328883565948,16.811696335805312,0
2023-01-01 02:57:00,621.5260447079714,15.834132360738208,0
2023-01-01 02:58:00,656.1902571102626,17.17466798558645,0
2023-01-01 02:59:00,743.2640089191174,16.12178907195085,0
2023-01-01 03:00:00,642.7594674333955,16.997855514424593,0
2023-01-01 03:01:00,640.3322014791582,16.50261030232027,0
2023-01-01 03:02:00,636.2934852349317,17.84384100481274,0
2023-01-01 03:03:00,652.4460516255582,17.53236924033591,0
2023-01-01 03:04:00,690.3301503254221,15.766687870287086,0
2023-01-01 03:05:00,668.0366458547654,17.338463505830028,0
2023-01-01 03:06:00,685.7256728433659,15.069385494747712,0
2023-01-01 03:07:00,651.0836010275191,15.52854991210737,0
2023-01-01 03:08:00,609.1051628710977,13.02836190041415,0
2023-01-01 03:09:00,686.1122253785591,17.419182538044897,0
2023-01-01 03:10:00,627.4358537689144,16.82128238372061,0
2023-01-01 03:11:00,659.0886679670435,17.50093081772339,0
2023-01-01 03:12:00,682.17394585267,16.40389182357511,0
2023-01-01 03:13:00,569.7705186505164,14.392999379527705,0
2023-01-01 03:14:00,580.9210281318152,16.02147258391477,0
2023-01-01 03:15:00,703.3091863935534,17.710924494762143,0
2023-01-01 03:16:00,574.5031710813121,15.600774518089532,0
2023-01-01 03:17:00,569.728136893817,16.399559140889057,0
2023-01-01 03:18:00,603.34662730665,16.976056457174693,0
2023-01-01 03:19:00,651.1016524782642,16.56164104153718,0
2023-01-01 03:20:00,1139.1001591808717,14.634148452962151,0
2023-01-01 03:21:00,643.669911398082,15.388952437642995,0
2023-01-01 03:22:00,725.8315578338115,16.025143891527033,0
2023-01-01 03:23:00,697.9505669455517,15.6531753843607,0
2023-01-01 03:24:00,639.067519772837,16.468105192296697,0
2023-01-01 03:25:00,688.4856592166126,15.850335267167335,0
2023-01-01 03:26:00,686.0369288764888,15.339388815878568,0
2023-01-01 03:27:00,663.7200257645939,16.52870135442676,0
2023-01-01 03:28:00,558.9111672589728,17.942767341849844,0
2023-01-01 03:29:00,683.0046827434836,16.433028049718516,0
2023-01-01 03:30:00,599.8758350077057,16.767657512785767,0
2023-01-01 03:31:00,574.232364276195,16.943256668580187,0
2023-01-01 03:32:00,561.7083768398061,17.615597198834166,0
2023-01-01 03:33:00,745.9513041738437,17.23840421944385,0
2023-01-01 03:34:00,591.3891377692362,17.490327674146542,0
2023-01-01 03:35:00,755.4543099915937,15.365355643812137,0
2023-01-01 03:36:00,638.270182049397,18.014974918303245,0
2023-01-01 03:37:00,583.0745368144437,15.552887225408314,0
2023-01-01 03:38:00,612.409078821564,16.169383761656228,0
2023-01-01 03:39:00,708.4492878344403,15.351763011348526,0
2023-01-01 03:40:00,626.1447148085582,15.481861858632646,0
2023-01-01 03:41:00,720.7373813494067,17.796525593285924,0
2023-01-01 03:42:00,731.7115933639541,17.648645565836755,0
2023-01-01 03:43:00,660.0571873376867,17.05865534887423,0
2023-01-01 03:44:00,603.668707676094,17.46334659399519,0
2023-01-01 03:45:00,651.6169069312259,16.677898427528216,0
2023-01-01 03:46:00,705.8067032698813,15.331761211737403,0
2023-01-01 03:47:00,700.5410507677666,17.612102959310317,0
2023-01-01 03:48:00,723.543473456495,18.83752984699812,0
2023-01-01 03:49:00,555.8799557200566,17.595632708212456,0
2023-01-01 03:50:00,676.1141527466464,15.887279576367655,0
2023-01-01 03:51:00,680.7566226598855,17.872363832332795,0
2023-01-01 03:52:00,595.6397305624866,18.317843692081272,0
2023-01-01 03:53:00,583.1671843593676,16.16403228675753,0
2023-01-01 03:54:00,733.3363621398519,16.336605223908858,0
2023-01-01 03:55:00,671.2225436953707,16.204222429132187,0
2023-01-01 03:56:00,613.8553484741257,17.53363346781919,0
2023-01-01 03:57:00,717.9310248874601,18.218372251674708,0
2023-01-01 03:58:00,661.6672660684334,18.308851344303722,0
2023-01-01 03:59:00,506.6147091307239,17.25119382400905,0
2023-01-01 04:00:00,692.1255546937313,17.12720120079792,0
2023-01-01 04:01:00,619.6130157415857,17.905900740006405,0
2023-01-01 04:02:00,665.2191805610535,15.825098236189172,0
2023-01-01 04:03:00,732.1760331190587,15.390223849008555,0
2023-01-01 04:04:00,665.5808153575612,18.10079900428095,0
2023-01-01 04:05:00,709.3680714372093,17.73334970202535,0
2023-01-01 04:06:00,672.9686853996192,16.496817334631086,0
2023-01-01 04:07:00,730.5249489019398,17.211028857308065,0
2023-01-01 04:08:00,765.2768946090093,17.806731420375765,0
2023-01-01 04:09:00,749.3013238735039,16.25554997560581,0
2023-01-01 04:10:00,667.0144595561965,16.359953068886345,0
2023-01-01 04:11:00,694.1778384801089,18.749722985793166,0
2023-01-01 04:12:00,663.0826079294044,16.270935875369265,0
2023-01-01 04:13:00,613.3193929293687,17.944539246034715,0
2023-01-01 04:14:00,648.6885020914165,17.02392631836185,0
2023-01-01 04:15:00,672.5010179958275,14.297061953710312,0
2023-01-01 04:16:00,670.2370343612293,18.253502491686042,0
2023-01-01 04:17:00,654.5774879138513,18.237531141221467,0
2023-01-01 04:18:00,636.9389388614825,18.11079235299563,0
2023-01-01 04:19:00,552.2159996757264,16.282102640831,0
2023-01-01 04:20:00,643.1529880816593,17.06332085862763,0
2023-01-01 04:21:00,715.1121861885972,16.151571032769073,0
2023-01-01 04:22:00,681.3557126010814,16.604967618205468,0
2023-01-01 04:23:00,704.4129928247211,15.77986586206478,0
2023-01-01 04:24:00,700.652442177585,16.712964709548984,0
2023-01-01 04:25:00,637.6557419651816,16.807142142233626,0
2023-01-01 04:26:00,643.5254516317134,16.19098926266905,0
2023-01-01 04:27:00,671.545864325001,17.973877227185046,0
2023-01-01 04:28:00,771.1624584351308,16.359251960576035,0
2023-01-01 04:29:00,748.5403833002388,17.599173637279524,0
2023-01-01 04:30:00,674.3113408078017,15.902715958042206,0
2023-01-01 04:31:00,675.1636676779145,17.31439425639906,0
2023-01-01 04:32:00,612.0317405606478,16.848614903041412,0
2023-01-01 04:33:00,696.0132713562907,17.62754361867468,0
2023-01-01 04:34:00,694.5813314980106,15.571067054519464,0
2023-01-01 04:35:00,635.418261679508,16.46512797624966,0
2023-01-01 04:36:00,739.4148101053132,15.827908619389238,0
2023-01-01 04:37:00,759.1164929435274,16.89657586952244,0
2023-01-01 04:38:00,614.0795210184077,17.229305982198543,0
2023-01-01 04:39:00,730.3312358420264,19.003009172405484,0
2023-01-01 04:40:00,723.1674816296816,14.677430490687984,0
2023-01-01 04:41:00,734.0888596964809,15.870677131048279,0
2023-01-01 04:42:00,697.3343028722705,18.23014690968476,0
2023-01-01 04:43:00,684.2984531792174,17.114623587159713,0
2023-01-01 04:44:00,698.934852566948,17.741173162409247,0
2023-01-01 04:45:00,732.3662627220126,18.97183982322955,0
2023-01-01 04:46:00,748.2698809224139,18.07022835924772,0
2023-01-01 04:47:00,763.1270734176044,16.98725641581492,0
2023-01-01 04:48:00,708.9891948694693,16.47884758531353,0
2023-01-01 04:49:00,758.8523285828027,18.56218035746542,0
2023-01-01 04:50:00,682.92875427684,17.318402266750468,0
2023-01-01 04:51:00,707.5914838274618,17.277318386057964,0
2023-01-01 04:52:00,698.1985720458255,19.052640710718087,0
2023-01-01 04:53:00,641.5932423835284,18.24402972362398,0
2023-01-01 04:54:00,634.8949909179823,16.410309314074883,0
2023-01-01 04:55:00,635.7455280947155,16.93909267826361,0
2023-01-01 04:56:00,738.325024185727,17.393510562834027,0
2023-01-01 04:57:00,706.1837146059614,16.69505340227229,0
2023-01-01 04:58:00,740.6625274079604,17.00019858403984,0
2023-01-01 04:59:00,623.5357854207012,18.225674051616615,0
2023-01-01 05:00:00,1244.8053390428365,18.23003167974019,0
2023-01-01 05:01:00,689.924855819741,17.239900577087724,0
2023-01-01 05:02:00,656.0186158028714,15.806627974106783,0
2023-01-01 05:03:00,705.0804488075956,17.837568785788125,0
2023-01-01 05:04:00,734.1801619139599,17.94446343134792,0
2023-01-01 05:05:00,664.8982122396941,17.846579728133285,0
2023-01-01 05:06:00,706.2227951074831,17.147773524148512,0
2023-01-01 05:07:00,793.387489455841,15.46738473308806,0
2023-01-01 05:08:00,644.433450928791,16.757317185634847,0
2023-01-01 05:09:00,610.5662772679581,16.76649842389238,0
2023-01-01 05:10:00,796.181229883412,19.106849699744714,0
2023-01-01 05:11:00,695.5864579727636,17.916591814572445,0
2023-01-01 05:12:00,740.191323383096,17.254616022768857,0
2023-01-01 05:13:00,778.4333392783128,16.14745571959418,0
2023-01-01 05:14:00,737.8880031590096,17.699092165873452,0
2023-01-01 05:15:00,761.9888079576128,17.463932719353235,0
2023-01-01 05:16:00,595.0339155402146,16.73111382094371,0
2023-01-01 05:17:00,678.1887915963888,19.022950750655074,0
2023-01-01 05:18:00,691.0272244727322,17.14096656338206,0
2023-01-01 05:19:00,683.8612580389454,17.189286753248798,0
2023-01-01 05:20:00,714.5081837595186,17.159382055242514,0
2023-01-01 05:21:00,731.4180050505431,18.857515295971965,0
2023-01-01 05:22:00,692.832898268439,17.404682930464173,0
2023-01-01 05:23:00,794.8932565077325,17.37797430153394,0
2023-01-01 05:24:00,689.5572928095827,18.10495409854225,0
2023-01-01 05:25:00,706.3469515062907,16.783687755733542,0
2023-01-01 05:26:00,738.5971493375812,18.347871139168337,0
2023-01-01 05:27:00,731.5659891491484,15.85900809514966,0
2023-01-01 05:28:00,743.4668175854396,17.4285546912166,0
2023-01-01 05:29:00,605.994832989043,16.831464786116815,0
2023-01-01 05:30:00,681.297700562879,16.133766497255984,0
2023-01-01 05:31:00,694.6299522831629,17.8129160611242,0
2023-01-01 05:32:00,651.8726301585515,17.087301434399052,0
2023-01-01 05:33:00,702.2920412980193,18.310946177056735,0
2023-01-01 05:34:00,732.8428643860873,15.795191613515389,0
2023-01-01 05:35:00,715.4313998535399,18.249262720785694,0
2023-01-01 05:36:00,656.4786762946788,16.628015107324188,0
2023-01-01 05:37:00,660.9679340145196,18.18950504624359,0
2023-01-01 05:38:00,675.2976035794713,16.589677403663494,0
2023-01-01 05:39:00,676.1817814955167,15.652556374848132,0
2023-01-01 05:40:00,630.9464124886265,17.667684286104947,0
2023-01-01 05:41:00,751.9591983161878,18.020268839064933,0
2023-01-01 05:42:00,683.3546247286619,17.23546799101399,0
2023-01-01 05:43:00,696.8734678048282,18.046488861119357,0
2023-01-01 05:44:00,707.2558348679082,16.582837427281813,0
2023-01-01 05:45:00,740.2597885515844,16.95962185600446,0
2023-01-01 05:46:00,711.4083008512532,17.98960111435982,0
2023-01-01 05:47:00,756.7185117592858,16.160708221746567,0
2023-01-01 05:48:00,698.8200263120444,16.178169275304242,0
2023-01-01 05:49:00,659.1885899291236,17.455094273748184,0
2023-01-01 05:50:00,776.9976449310645,16.265512985396413,0
2023-01-01 05:51:00,811.7021209968646,15.743848098724103,0
2023-01-01 05:52:00,618.4333330003739,19.086272521669926,0
2023-01-01 05:53:00,711.0209481497127,19.251671456250694,0
2023-01-01 05:54:00,751.1052503257845,17.186801107894404,0
2023-01-01 05:55:00,735.0763312454784,17.849087485376565,0
2023-01-01 05:56:00,785.9647597004847,16.590576144233196,0
2023-01-01 05:57:00,784.1829151867727,17.543564452353117,0
2023-01-01 05:58:00,697.194873901639,18.059751229033072,0
2023-01-01 05:59:00,634.0749929972225,16.595733084311536,0
2023-01-01 06:00:00,749.0273632359773,16.19152638585574,0
2023-01-01 06:01:00,684.6726614671228,17.508814247488587,0
2023-01-01 06:02:00,729.9262536111278,17.961532086325555,0
2023-01-01 06:03:00,699.6638944364748,17.057178557367862,0
2023-01-01 06:04:00,678.939772013661,16.138766083650268,0
2023-01-01 06:05:00,690.03943046503,16.422460903693004,0
2023-01-01 06:06:00,728.527142655645,16.370588772615147,0
2023-01-01 06:07:00,680.0308950567919,18.83915486513071,0
2023-01-01 06:08:00,738.6363780485372,15.996225556176158,0
2023-01-01 06:09:00,606.7819488972242,16.52503492679405,0
2023-01-01 06:10:00,716.5140523856586,16.311308842810423,0
2023-01-01 06:11:00,583.2347060282002,18.123281555232158,0
2023-01-01 06:12:00,776.8257188708509,17.311863664185434,0
2023-01-01 06:13:00,612.7712699801436,17.994433293930655,0
2023-01-01 06:14:00,746.2093164248886,16.58753693426144,0
2023-01-01 06:15:00,702.3161507594778,16.155739491293918,0
2023-01-01 06:16:00,696.0907261149821,16.432319789107304,0
2023-01-01 06:17:00,689.1357706973463,19.210784121913647,0
2023-01-01 06:18:00,618.1199818489808,18.007903846163995,0
2023-01-01 06:19:00,735.9280314416417,18.08101342639923,0
2023-01-01 06:20:00,795.6932787840401,17.622829061380706,0
2023-01-01 06:21:00,654.5787312740533,16.854219339771767,0
2023-01-01 06:22:00,656.971179455281,18.600420175602014,0
2023-01-01 06:23:00,653.8353124176274,17.609211047908122,0
2023-01-01 06:24:00,733.9065852418718,17.0630183518376,0
2023-01-01 06:25:00,747.6600925891166,17.943712555999205,0
2023-01-01 06:26:00,696.8233579286398,17.022149002242664,0
2023-01-01 06:27:00,715.4791782807661,17.646140966893757,0
2023-01-01 06:28:00,588.8383142867874,15.161266330384791,0
2023-01-01 06:29:00,658.858017680304,17.836607797757686,0
2023-01-01 06:30:00,785.8492144224975,17.637642757027177,0
2023-01-01 06:31:00,621.3994607697758,19.24346756788617,0
2023-01-01 06:32:00,742.2781715652259,18.040336008057444,0
2023-01-01 06:33:00,658.1764869335415,17.748491228157377,0
2023-01-01 06:34:00,762.6692369278492,15.354424677975198,0
2023-01-01 06:35:00,602.8903768708639,17.435304256463603,0
2023-01-01 06:36:00,669.4242089078381,18.546338962556653,0
2023-01-01 06:37:00,736.4713760019039,19.720979459567893,0
2023-01-01 06:38:00,740.7011954722491,17.28245996724828,0
2023-01-01 06:39:00,748.9508114614109,17.27735406104092,0
2023-01-01 06:40:00,1189.1676392192849,16.677773269437374,0
2023-01-01 06:41:00,681.4802020369231,17.82950143437121,0
2023-01-01 06:42:00,701.603736452727,18.031486185568408,0
2023-01-01 06:43:00,590.5854832802213,17.39408983069576,0
2023-01-01 06:44:00,780.4275019794486,16.685360302541774,0
2023-01-01 06:45:00,719.6191487820097,17.82930902260322,0
2023-01-01 06:46:00,646.1702852764548,18.115848121988414,0
2023-01-01 06:47:00,635.1621856933286,19.24770981438044,0
2023-01-01 06:48:00,653.6655096628348,16.228870503838834,0
2023-01-01 06:49:00,659.59985196809,17.87955497930862,0
2023-01-01 06:50:00,646.3205487325054,17.567451478916606,0
2023-01-01 06:51:00,739.3533107872817,18.25799404603688,0
2023-01-01 06:52:00,711.8528024748389,18.12473830275998,0
2023-01-01 06:53:00,751.4068474977062,18.44990422333163,0
2023-01-01 06:54:00,750.8043727904779,17.77204562069566,0
2023-01-01 06:55:00,693.7254897474161,20.428185818515214,0
2023-01-01 06:56:00,730.3762564586569,17.494427447144727,0
2023-01-01 06:57:00,737.0898924002281,18.721160998315685,0
2023-01-01 06:58:00,644.3931753677932,16.547504037714315,0
2023-01-01 06:59:00,719.2878853729791,18.332592659702662,0
2023-01-01 07:00:00,684.9944684865762,17.3482147630361,0
2023-01-01 07:01:00,650.5184393998014,18.32427589135261,0
2023-01-01 07:02:00,704.2558968596366,19.012650905720424,0
2023-01-01 07:03:00,738.3414542523418,18.306224598444455,0
2023-01-01 07:04:00,739.4962346926947,19.04700992234669,0
2023-01-01 07:05:00,597.5162024289104,17.2635693030615,0
2023-01-01 07:06:00,746.0644570761093,16.01460545680106,0
2023-01-01 07:07:00,652.3149474357435,18.56750109007528,0
2023-01-01 07:08:00,785.0433229556987,17.070683123066928,0
2023-01-01 07:09:00,691.8378390639232,18.699247121322497,0
2023-01-01 07:10:00,670.0586305279991,19.691868071768333,0
2023-01-01 07:11:00,670.0300144236828,19.565150680337627,0
2023-01-01 07:12:00,701.0515379190879,17.552559642949667,0
2023-01-01 07:13:00,687.7923172338914,17.695053353569225,0
2023-01-01 07:14:00,731.8925557476414,19.140662248613367,0
2023-01-01 07:15:00,657.7815546659698,17.93050473152425,0
2023-01-01 07:16:00,679.1479774682084,18.31496164340724,0
2023-01-01 07:17:00,666.9946021846235,17.650097283365586,0
2023-01-01 07:18:00,729.5595323543221,17.319071423785513,0
2023-01-01 07:19:00,742.5357333237695,16.732051698560458,0
2023-01-01 07:20:00,642.5182914638624,18.170606684746865,0
2023-01-01 07:21:00,743.4400173829521,18.76716900393629,0
2023-01-01 07:22:00,666.6727040716777,17.536321511203763,0
2023-01-01 07:23:00,695.3246421594621,16.901981490387143,0
2023-01-01 07:24:00,652.4518649238929,17.633145210279977,0
2023-01-01 07:25:00,721.1634816141271,17.24157371623076,0
2023-01-01 07:26:00,680.6144000723741,18.84500411479112,0
2023-01-01 07:27:00,663.4883606791172,18.28691385943376,0
2023-01-01 07:28:00,684.1152782262641,17.242396911230696,0
2023-01-01 07:29:00,813.552702079535,17.705008416006045,0
2023-01-01 07:30:00,687.9971945953564,15.426976734530362,0
2023-01-01 07:31:00,639.5515966501623,18.88828606230032,0
2023-01-01 07:32:00,764.8743606466494,18.374285879196375,0
2023-01-01 07:33:00,704.990530621683,17.009775727412514,0
2023-01-01 07:34:00,658.8876641250015,19.222499275011888,0
2023-01-01 07:35:00,566.2540770811364,17.51356562372591,0
2023-01-01 07:36:00,602.4197140887591,18.87122523811083,0
2023-01-01 07:37:00,674.3655238942955,18.540013216586416,0
2023-01-01 07:38:00,586.797733279273,18.254307057326198,0
2023-01-01 07:39:00,680.356446617451,17.821699695023007,0
2023-01-01 07:40:00,671.8913117083528,18.59965499192088,0
2023-01-01 07:41:00,694.3468170132131,18.255946239169464,0
2023-01-01 07:42:00,706.0127479781704,16.634209140214406,0
2023-01-01 07:43:00,689.4685697492857,16.472105566786503,0
2023-01-01 07:44:00,782.5309714358602,18.019682601378925,0
2023-01-01 07:45:00,593.8205414116279,17.824901088685266,0
2023-01-01 07:46:00,655.7547448716624,18.193347046829643,0
2023-01-01 07:47:00,632.8749081005119,17.792489245352424,0
2023-01-01 07:48:00,705.710162104149,20.185317511712938,0
2023-01-01 07:49:00,744.3940434057055,18.44293140180927,0
2023-01-01 07:50:00,631.4118257910336,18.26457249256447,0
2023-01-01 07:51:00,651.9138269336504,17.8741584924636,0
2023-01-01 07:52:00,704.3894160458816,17.028832129443096,0
2023-01-01 07:53:00,718.7069907447514,18.409016139620885,0
2023-01-01 07:54:00,682.011823806722,18.47298086583352,0
2023-01-01 07:55:00,744.6091511032461,17.074722006803167,0
2023-01-01 07:56:00,693.6651604013496,17.594678071940287,0
2023-01-01 07:57:00,680.1783189175287,17.599417997028098,0
2023-01-01 07:58:00,696.8262853066865,18.456666324118185,0
2023-01-01 07:59:00,619.0772457148264,18.848616438581768,0
2023-01-01 08:00:00,788.6000202271221,16.874886880627965,0
2023-01-01 08:01:00,633.2148120768967,18.663392908848486,0
2023-01-01 08:02:00,564.1250329816755,19.309345097601856,0
2023-01-01 08:03:00,688.6834924606742,18.51227898274009,0
2023-01-01 08:04:00,618.4860694692169,17.918322466908826,0
2023-01-01 08:05:00,745.270894024244,17.977909793895062,0
2023-01-01 08:06:00,676.6640528410287,19.00496243049866,0
2023-01-01 08:07:00,724.4548279488614,19.407501559863814,0
2023-01-01 08:08:00,639.8184301392308,15.426716959203109,0
2023-01-01 08:09:00,642.9714780736598,18.70473268455507,0
2023-01-01 08:10:00,574.5783820574263,18.064954801267803,0
2023-01-01 08:11:00,582.4736222321858,19.069724797663884,0
2023-01-01 08:12:00,687.570820286169,18.339811053898963,0
2023-01-01 08:13:00,678.4458623128289,17.69997496091638,0
2023-01-01 08:14:00,730.8447359621547,18.127426020207807,0
2023-01-01 08:15:00,672.8264268701245,17.58801418350826,0
2023-01-01 08:16:00,671.7256243841581,16.601129811153644,0
2023-01-01 08:17:00,646.6450024658452,18.553720295720474,0
2023-01-01 08:18:00,630.6210913796523,19.61867521073856,0
2023-01-01 08:19:00,665.9158635676149,16.37764071067563,0
2023-01-01 08:20:00,1124.0680852040464,17.7337751572088,0
2023-01-01 08:21:00,616.3976624924601,18.327415317931056,0
2023-01-01 08:22:00,643.727886993054,18.09063333394175,0
2023-01-01 08:23:00,662.4407423744617,16.59506290134989,0
2023-01-01 08:24:00,692.9855606521298,17.185332447606996,0
2023-01-01 08:25:00,630.881605451386,19.322603129101196,0
2023-01-01 08:26:00,650.8722244694064,18.2673677651995,0
2023-01-01 08:27:00,664.767864245228,19.185874555333548,0
2023-01-01 08:28:00,749.1392061618482,17.866407912118483,0
2023-01-01 08:29:00,625.4404860508122,16.831588424259746,0
2023-01-01 08:30:00,706.4047821102344,18.048450762903148,0
2023-01-01 08:31:00,635.2964109217803,19.103525924850675,0
2023-01-01 08:32:00,728.4557096725366,19.20339849866018,0
2023-01-01 08:33:00,705.8424182880052,17.719780544217684,0
2023-01-01 08:34:00,578.9530663811763,20.397089039615373,0
2023-01-01 08:35:00,695.3669235664114,15.8451528004917,0
2023-01-01 08:36:00,698.5450522949184,19.88030175359822,0
2023-01-01 08:37:00,709.2687329304237,18.806259243696843,0
2023-01-01 08:38:00,663.159962291286,19.777110833506544,0
2023-01-01 08:39:00,670.3185091513434,16.981162741478816,0
2023-01-01 08:40:00,769.370838129644,16.236192733481342,0
2023-01-01 08:41:00,658.708675927045,16.993771198278747,0
2023-01-01 08:42:00,735.8004149604687,19.27579534122442,0
2023-01-01 08:43:00,602.5258004638233,18.267496068081066,0
2023-01-01 08:44:00,663.4819005772005,17.464292976769855,0
2023-01-01 08:45:00,693.8403983790693,18.57899155300452,0
2023-01-01 08:46:00,699.7422624483356,17.810078358132888,0
2023-01-01 08:47:00,642.8001240629,19.65846466357025,0
2023-01-01 08:48:00,658.5532238009076,18.295895232364654,0
2023-01-01 08:49:00,690.926088900995,18.52672602893174,0
2023-01-01 08:50:00,715.5808997567068,18.432645358262864,0
2023-01-01 08:51:00,641.6075911761957,20.56856922910616,0
2023-01-01 08:52:00,641.7613625000308,17.860581068769495,0
2023-01-01 08:53:00,623.6696462662359,17.757813520594674,0
2023-01-01 08:54:00,665.606882478925,18.348847713882193,0
2023-01-01 08:55:00,592.4025897526074,18.176976846141294,0
2023-01-01 08:56:00,693.2100758216208,18.656988103885308,0
2023-01-01 08:57:00,625.9953643429425,18.488123317615646,0
2023-01-01 08:58:00,633.2924179690983,18.590691864467566,0
2023-01-01 08:59:00,594.6498498488997,17.47167053499162,0
2023-01-01 09:00:00,622.6819213823597,17.842432454063104,0
2023-01-01 09:01:00,664.9433429132496,16.974522078911555,0
2023-01-01 09:02:00,614.2607354744118,19.54019164410453,0
2023-01-01 09:03:00,673.865983739814,17.63685058535959,0
2023-01-01 09:04:00,667.1095594766423,18.366063088298898,0
2023-01-01 09:05:00,721.9701881769197,17.916184539794735,0
2023-01-01 09:06:00,591.3373895055256,18.632724659417324,0
2023-01-01 09:07:00,643.3412018312354,19.191645136212006,0
2023-01-01 09:08:00,622.90248353619,19.197723912345655,0
2023-01-01 09:09:00,647.0466550880517,18.36086134707935,0
2023-01-01 09:10:00,702.6502360530811,18.387432168590966,0
2023-01-01 09:11:00,674.773596761501,18.876164063684897,0
2023-01-01 09:12:00,580.7856144953998,18.85233852593823,0
2023-01-01 09:13:00,697.3239665627914,19.120559966679583,0
2023-01-01 09:14:00,589.1504164872975,18.840125784275795,0
2023-01-01 09:15:00,600.681392704771,20.140532455764827,0
2023-01-01 09:16:00,524.4630283070913,18.618966538324347,0
2023-01-01 09:17:00,701.6284190153484,19.777272443018983,0
2023-01-01 09:18:00,562.6702682091966,17.829104175752434,0
2023-01-01 09:19:00,559.5069539239005,18.906593124864862,0
2023-01-01 09:20:00,703.6139644042403,18.294741888904202,0
2023-01-01 09:21:00,574.3999434614899,17.284598146949183,0
2023-01-01 09:22:00,537.3793207104485,18.328780469587993,0
2023-01-01 09:23:00,605.2573555897534,18.129264211029927,0
2023-01-01 09:24:00,650.1747025467978,17.94426385435533,0
2023-01-01 09:25:00,586.3724462891681,19.96133864678856,0
2023-01-01 09:26:00,601.5178822596557,19.57078859169818,0
2023-01-01 09:27:00,692.5408881626602,19.38009046710442,0
2023-01-01 09:28:00,663.7948994361304,18.174383028909247,0
2023-01-01 09:29:00,633.823634315591,19.207715530121718,0
2023-01-01 09:30:00,750.9783535581992,16.70012962227149,0
2023-01-01 09:31:00,566.045079928349,17.211622445720003,0
2023-01-01 09:32:00,590.2564758722307,19.20658352618629,0
2023-01-01 09:33:00,763.7797834936308,19.652424947201656,0
2023-01-01 09:34:00,674.006919635641,18.636842634073727,0
2023-01-01 09:35:00,661.807720472113,17.371341938837638,0
2023-01-01 09:36:00,561.2269843728012,18.240753916474812,0
2023-01-01 09:37:00,701.9673582573295,19.003373215498925,0
2023-01-01 09:38:00,625.7175346815384,16.514277944504386,0
2023-01-01 09:39:00,564.3121348491078,17.25257233359907,0
2023-01-01 09:40:00,616.2055239286462,18.910967877983467,0
2023-01-01 09:41:00,611.5525461878763,19.372558472483416,0
2023-01-01 09:42:00,596.8788017880031,18.87675531179227,0
2023-01-01 09:43:00,654.5412588500731,18.47673521135818,0
2023-01-01 09:44:00,595.8580946868598,18.04026621972433,0
2023-01-01 09:45:00,646.1185533503724,18.09089463332125,0
2023-01-01 09:46:00,550.4647154748601,18.704670644982798,0
2023-01-01 09:47:00,569.4943562093008,19.096843327274545,0
2023-01-01 09:48:00,599.9110872413838,19.429828063750907,0
2023-01-01 09:49:00,587.2235785313235,19.019519867380684,0
2023-01-01 09:50:00,668.4087698841188,19.243264701467094,0
2023-01-01 09:51:00,634.6599581110602,19.232942092364883,0
2023-01-01 09:52:00,605.1740539073348,18.75459861878532,0
2023-01-01 09:53:00,592.8244496487158,18.05145661735723,0
2023-01-01 09:54:00,596.3491100110123,19.591461210724027,0
2023-01-01 09:55:00,632.616439502731,18.87496347565643,0
2023-01-01 09:56:00,721.4383537117079,18.765406288326812,0
2023-01-01 09:57:00,560.2358269421874,18.92383597732697,0
2023-01-01 09:58:00,534.2272331293514,18.560512657645713,0
2023-01-01 09:59:00,501.96817657255536,19.099949703911257,0
2023-01-01 10:00:00,1175.2171492870104,18.84725537922488,0
2023-01-01 10:01:00,581.1684755077247,18.842442194734463,0
2023-01-01 10:02:00,666.1619957475646,18.522390961307714,0
2023-01-01 10:03:00,559.2891785227279,18.739124708654433,0
2023-01-01 10:04:00,562.3429937808654,20.182684474001817,0
2023-01-01 10:05:00,606.5311669556421,19.359729818603316,0
2023-01-01 10:06:00,626.3601378793807,18.291176878847896,0
2023-01-01 10:07:00,543.3503447955179,18.485178070882,0
2023-01-01 10:08:00,617.8702793135348,19.644295066435163,0
2023-01-01 10:09:00,667.0830445274042,19.00620558939758,0
2023-01-01 10:10:00,582.1537543263393,19.03966356115524,0
2023-01-01 10:11:00,593.9305899014357,18.93972566268266,0
2023-01-01 10:12:00,548.3066613331297,19.40669736086846,0
2023-01-01 10:13:00,537.1934773582702,17.817677794347617,0
2023-01-01 10:14:00,437.26843193417005,20.360528008852572,0
2023-01-01 10:15:00,554.2758846377383,19.011399693514463,0
2023-01-01 10:16:00,632.9955117680836,18.556628699683504,0
2023-01-01 10:17:00,639.719588315906,18.06783526160156,0
2023-01-01 10:18:00,535.524044809806,18.986762282272846,0
2023-01-01 10:19:00,589.1923393071809,16.952603144490887,0
2023-01-01 10:20:00,626.7065967933817,17.593264863578582,0
2023-01-01 10:21:00,588.8454189836219,17.534406048587293,0
2023-01-01 10:22:00,583.4017991824454,20.55009088955896,0
2023-01-01 10:23:00,634.2019990419119,19.876465113183496,0
2023-01-01 10:24:00,529.4321272149075,19.830215123134927,0
2023-01-01 10:25:00,554.2787717211568,18.079421922587624,0
2023-01-01 10:26:00,607.0864301334345,18.527306890354193,0
2023-01-01 10:27:00,573.964121052478,18.45230476576563,0
2023-01-01 10:28:00,577.2934965169178,17.95978086713523,0
2023-01-01 10:29:00,551.3128024383183,19.948760518217142,0
2023-01-01 10:30:00,575.8014961669055,20.830157423093482,0
2023-01-01 10:31:00,522.8300487847764,19.750982957481913,0
2023-01-01 10:32:00,582.1440402927578,18.720328781137813,0
2023-01-01 10:33:00,497.85683112806123,20.014692107968393,0
2023-01-01 10:34:00,684.9468031128209,18.9144748560544,0
2023-01-01 10:35:00,648.0444914037752,19.113438087409836,0
2023-01-01 10:36:00,588.4159911218865,19.32882665995012,0
2023-01-01 10:37:00,518.4595101855705,18.550435866958534,0
2023-01-01 10:38:00,625.0789290845823,20.46021847352679,0
2023-01-01 10:39:00,581.3692030028101,19.127670913665884,0
2023-01-01 10:40:00,621.9490736170665,19.570597969183257,0
2023-01-01 10:41:00,594.3625297556184,18.19556521841019,0
2023-01-01 10:42:00,623.7773636030405,19.96769620148306,0
2023-01-01 10:43:00,613.6802748133676,20.047846814298993,0
2023-01-01 10:44:00,689.1859837051113,20.342962115179382,0
2023-01-01 10:45:00,546.0130085923137,19.00556233314933,0
2023-01-01 10:46:00,483.9598212894951,19.230553348386803,0
2023-01-01 10:47:00,632.2687006974372,20.05420495596768,0
2023-01-01 10:48:00,647.2851065689879,20.65113528536153,0
2023-01-01 10:49:00,527.39766049557,20.196437602074564,0
2023-01-01 10:50:00,523.5559724040068,18.53049156227628,0
2023-01-01 10:51:00,531.2370540275954,20.27357911660855,0
2023-01-01 10:52:00,546.708708842333,20.29555714866387,0
2023-01-01 10:53:00,576.8272916362921,17.470504012401182,0
2023-01-01 10:54:00,521.5456533560449,19.85521935137576,0
2023-01-01 10:55:00,549.7375379929181,20.394351003692545,0
2023-01-01 10:56:00,438.97421861990307,18.602806858535853,0
2023-01-01 10:57:00,434.10082429222393,19.056716497281723,0
2023-01-01 10:58:00,519.2398712010782,17.77295465481912,0
2023-01-01 10:59:00,485.75652946146073,18.36590220729212,0
2023-01-01 11:00:00,573.2669588072638,19.349719578722674,0
2023-01-01 11:01:00,526.0280599593369,20.941724475453846,0
2023-01-01 11:02:00,553.5479702307657,18.105464102182353,0
2023-01-01 11:03:00,513.9678328432108,18.7769459604644,0
2023-01-01 11:04:00,496.47897824826026,17.708287538653675,0
2023-01-01 11:05:00,526.3933821260969,20.337085951820672,0
2023-01-01 11:06:00,579.0377573172602,18.87585559545861,0
2023-01-01 11:07:00,449.0551019767026,20.337074034514114,0
2023-01-01 11:08:00,498.3379405797312,19.56265139964121,0
2023-01-01 11:09:00,535.0980809756885,17.782826184640047,0
2023-01-01 11:10:00,530.9459922082012,20.405144157068882,0
2023-01-01 11:11:00,542.4539467949636,19.36260561148319,0
2023-01-01 11:12:00,525.291924179003,19.63170911125084,0
2023-01-01 11:13:00,591.0573601570608,18.760371210078578,0
2023-01-01 11:14:00,518.4121971273396,17.632721267180308,0
2023-01-01 11:15:00,604.378539894987,19.471559232637947,0
2023-01-01 11:16:00,459.7122881634424,19.819275057361555,0
2023-01-01 11:17:00,606.3398962827747,18.715939802955187,0
2023-01-01 11:18:00,542.3954810110973,17.66726422064169,0
2023-01-01 11:19:00,514.1016538375613,18.48451595676331,0
2023-01-01 11:20:00,593.9723742214637,18.126011014875626,0
2023-01-01 11:21:00,550.3233750305411,19.554052378846475,0
2023-01-01 11:22:00,535.8492934124625,19.317803322880025,0
2023-01-01 11:23:00,565.2762360906311,19.950123843730115,0
2023-01-01 11:24:00,458.4283224527758,20.919817232475495,0
2023-01-01 11:25:00,560.31836377183,19.050970407291313,0
2023-01-01 11:26:00,546.7854613622568,20.049267980823217,0
2023-01-01 11:27:00,495.1001790147022,18.616161917788734,0
2023-01-01 11:28:00,474.9800106265244,17.8786424716414,0
2023-01-01 11:29:00,478.6564118500581,18.065796881444736,0
2023-01-01 11:30:00,577.125618139508,20.687273064752226,0
2023-01-01 11:31:00,569.2662137529729,21.0203409613967,0
2023-01-01 11:32:00,525.6738495779923,20.225777625663817,0
2023-01-01 11:33:00,492.0379805524277,20.307742961858164,0
2023-01-01 11:34:00,573.7040156688033,19.529041230275585,0
2023-01-01 11:35:00,479.64544797362015,18.806440789212363,0
2023-01-01 11:36:00,527.0884436659502,19.28627535903482,0
2023-01-01 11:37:00,462.57759719065814,22.302105500730875,0
2023-01-01 11:38:00,523.3916497658832,19.602596175989838,0
2023-01-01 11:39:00,498.6500559576888,19.062301703958543,0
2023-01-01 11:40:00,962.1830319283932,17.355371550969434,0
2023-01-01 11:41:00,543.6278967080552,18.017933600758525,0
2023-01-01 11:42:00,483.2720637055004,21.379980995094417,0
2023-01-01 11:43:00,501.6493400043672,20.088751286913,0
2023-01-01 11:44:00,535.3333016174738,19.056546729703904,0
2023-01-01 11:45:00,506.40773000954675,21.857693553890766,0
2023-01-01 11:46:00,536.3392637078608,19.50598359693893,0
2023-01-01 11:47:00,488.23288386568987,19.330320839296533,0
2023-01-01 11:48:00,488.47237062863576,18.436242707729964,0
2023-01-01 11:49:00,503.068518418163,18.507878562568884,0
2023-01-01 11:50:00,571.3500782875317,17.21996616073211,0
2023-01-01 11:51:00,561.8360056915753,19.133280205738487,0
2023-01-01 11:52:00,560.3071047446454,19.51471315815056,0
2023-01-01 11:53:00,464.64099195979094,20.137285611797914,0
2023-01-01 11:54:00,573.7904036966514,19.71937974910227,0
2023-01-01 11:55:00,486.4384853481407,18.23961236053042,0
2023-01-01 11:56:00,519.0764084012424,18.459349302817518,0
2023-01-01 11:57:00,598.1975499710718,16.969188203954527,0
2023-01-01 11:58:00,563.1175829538605,19.632355803495994,0
2023-01-01 11:59:00,504.17306529624943,21.022386373667754,0
2023-01-01 12:00:00,570.9330144779117,18.997523960834663,0
2023-01-01 12:01:00,421.2317325900714,20.966048055668335,0
2023-01-01 12:02:00,481.0475228199666,19.769751323043646,0
2023-01-01 12:03:00,571.8097552189734,18.37366472788785,0
2023-01-01 12:04:00,558.2644045301362,19.333751586032502,0
2023-01-01 12:05:00,425.80383397728707,18.91664610955911,0
2023-01-01 12:06:00,484.4922943534824,18.858581389034025,0
2023-01-01 12:07:00,502.38861191930437,19.140237027181552,0
2023-01-01 12:08:00,515.6816814100118,19.86594131641465,0
2023-01-01 12:09:00,504.2643383027162,18.707158142833652,0
2023-01-01 12:10:00,436.5042735502881,20.827505342311163,0
2023-01-01 12:11:00,430.6179899833134,19.814994758030526,0
2023-01-01 12:12:00,426.43034522181443,21.585573814795126,0
2023-01-01 12:13:00,512.1722917731979,19.51189054645532,0
2023-01-01 12:14:00,462.8612383251576,18.988331089997544,0
2023-01-01 12:15:00,513.1013756773094,18.505115044643393,0
2023-01-01 12:16:00,538.3457065922319,17.172625956651935,0
2023-01-01 12:17:00,430.6898614134229,17.670166126363593,0
2023-01-01 12:18:00,444.6855877703155,19.12082108946674,0
2023-01-01 12:19:00,549.2022066610908,18.739986083504277,0
2023-01-01 12:20:00,453.4562785241318,19.13860260192785,0
2023-01-01 12:21:00,456.5526543022592,18.203185621185234,0
2023-01-01 12:22:00,490.4396928979762,20.82629031665637,0
2023-01-01 12:23:00,399.9460453549933,18.761190964556167,0
2023-01-01 12:24:00,483.8626104821393,19.59918312597861,0
2023-01-01 12:25:00,480.50246515692976,19.59099905978515,0
2023-01-01 12:26:00,432.4764477378642,20.067840388253057,0
2023-01-01 12:27:00,458.7117892711897,18.242043523080945,0
2023-01-01 12:28:00,460.4064233233534,17.22979303184763,0
2023-01-01 12:29:00,429.16564072874024,19.337267008041465,0
2023-01-01 12:30:00,497.35218164788506,19.2447630298842,0
2023-01-01 12:31:00,484.28241318895954,18.244318918700593,0
2023-01-01 12:32:00,498.84862708268355,20.998463154973187,0
2023-01-01 12:33:00,423.0130948019463,17.834951522574013,0
2023-01-01 12:34:00,527.6205322685747,20.579600996040966,0
2023-01-01 12:35:00,439.67060268371966,19.606336701425043,0
2023-01-01 12:36:00,425.2507985837241,17.465053965968767,0
2023-01-01 12:37:00,476.5832724859753,19.546800763799247,0
2023-01-01 12:38:00,503.55962291617226,20.124173089506424,0
2023-01-01 12:39:00,380.86066014401865,19.266340778233197,0
2023-01-01 12:40:00,516.2588346663915,20.28943078776319,0
2023-01-01 12:41:00,517.5371608755614,19.404086840029642,0
2023-01-01 12:42:00,530.4322883301415,19.539429362518387,0
2023-01-01 12:43:00,461.06987357473236,18.724856227670656,0
2023-01-01 12:44:00,376.1146795596277,21.441843484346176,0
2023-01-01 12:45:00,519.4014999081145,19.176278781249994,0
2023-01-01 12:46:00,479.8917595960922,20.095942170577324,0
2023-01-01 12:47:00,474.8552024783042,19.309390235946587,0
2023-01-01 12:48:00,498.6018849091828,19.14775704129401,0
2023-01-01 12:49:00,360.487254075781,19.64045533320225,0
2023-01-01 12:50:00,465.48171201821276,19.484488510732945,0
2023-01-01 12:51:00,481.7180631184463,20.039269269066214,0
2023-01-01 12:52:00,447.5922049306348,20.630041956195594,0
2023-01-01 12:53:00,455.11547163935415,19.085507235596538,0
2023-01-01 12:54:00,472.80404240008835,19.98808991935462,0
2023-01-01 12:55:00,499.76898671079306,19.548809516895705,0
2023-01-01 12:56:00,489.5787184897233,18.688898882586997,0
2023-01-01 12:57:00,428.6004581594161,19.47043450722528,0
2023-01-01 12:58:00,485.53114226701456,18.41057289219808,0
2023-01-01 12:59:00,432.6261060123566,18.715883599793507,0
2023-01-01 13:00:00,360.9877851877628,21.167358440928002,0
2023-01-01 13:01:00,418.8658243187345,18.616613924258942,0
2023-01-01 13:02:00,459.3588552004438,19.890956734183483,0
2023-01-01 13:03:00,461.27364044755416,17.823322885894157,0
2023-01-01 13:04:00,434.4228979091223,17.752606167580907,0
2023-01-01 13:05:00,473.86155776519416,18.973942854464795,0
2023-01-01 13:06:00,410.75676211481476,20.58329015039123,0
2023-01-01 13:07:00,396.8716902642087,20.35331273401569,0
2023-01-01 13:08:00,464.5103178958904,20.299223438331754,0
2023-01-01 13:09:00,505.23410488932535,16.490896607049052,0
2023-01-01 13:10:00,453.9997813091804,20.01739500730651,0
2023-01-01 13:11:00,508.5675311936203,19.22792341676933,0
2023-01-01 13:12:00,492.568283378233,19.256939334041892,0
2023-01-01 13:13:00,366.68289116023783,18.848093373451455,0
2023-01-01 13:14:00,497.05572469641015,17.53565390589556,0
2023-01-01 13:15:00,480.731152761473,20.032546504211943,0
2023-01-01 13:16:00,468.6668016389908,19.714530609959226,0
2023-01-01 13:17:00,402.3834427531762,19.59381263631844,0
2023-01-01 13:18:00,395.98988830241234,19.55807030976328,0
2023-01-01 13:19:00,492.7497578998416,20.47183886532624,0
2023-01-01 13:20:00,951.0788231920093,19.436134851113692,0
2023-01-01 13:21:00,405.22585408720795,19.180904781839505,0
2023-01-01 13:22:00,481.0844381563531,19.65668057179931,0
2023-01-01 13:23:00,380.2379796691853,18.334851998964826,0
2023-01-01 13:24:00,457.4816835102431,20.099182638419673,0
2023-01-01 13:25:00,389.01579073685593,19.621809111475443,0
2023-01-01 13:26:00,437.50070636905696,19.830899436134388,0
2023-01-01 13:27:00,452.705870321921,20.182578502788175,0
2023-01-01 13:28:00,463.93472365332366,20.03839810732449,0
2023-01-01 13:29:00,405.5823334099191,18.072557645371887,0
2023-01-01 13:30:00,404.9558786935068,20.147265878344843,0
2023-01-01 13:31:00,410.146862418971,18.578549375011214,0
2023-01-01 13:32:00,478.77177364974636,18.833392759669433,0
2023-01-01 13:33:00,490.3012507831844,18.67867396033646,0
2023-01-01 13:34:00,335.73340409754786,19.76350783426087,0
2023-01-01 13:35:00,421.49133871496707,18.40581850014538,0
2023-01-01 13:36:00,382.70947557154034,17.87377132651439,0
2023-01-01 13:37:00,382.75391701994494,19.550856309496638,0
2023-01-01 13:38:00,448.8092048034684,20.03054986957383,0
2023-01-01 13:39:00,431.3048636056886,20.338795863633496,0
2023-01-01 13:40:00,416.18207218159716,20.992890765416238,0
2023-01-01 13:41:00,415.8769315094079,20.214247531782895,0
2023-01-01 13:42:00,385.19202191605973,18.984173759115375,0
2023-01-01 13:43:00,450.6857183774131,20.38901788706575,0
2023-01-01 13:44:00,425.5748452104046,20.24280657601863,0
2023-01-01 13:45:00,440.8523239307027,18.913464759181622,0
2023-01-01 13:46:00,486.78396611383045,19.24615923799765,0
2023-01-01 13:47:00,476.03697316733655,19.2012126230382,0
2023-01-01 13:48:00,499.7833344121669,17.992126038510964,0
2023-01-01 13:49:00,332.55065418792583,19.621143916801593,0
2023-01-01 13:50:00,408.76301960901867,20.178728648166903,0
2023-01-01 13:51:00,357.9307646138336,19.10014738016904,0
2023-01-01 13:52:00,433.2796589124544,20.537763010771375,0
2023-01-01 13:53:00,400.0117602690777,19.551390714219192,0
2023-01-01 13:54:00,410.70954251797576,20.149839613702515,0
2023-01-01 13:55:00,363.8062363746722,17.752124575122778,0
2023-01-01 13:56:00,471.68921395079076,21.07515763694639,0
2023-01-01 13:57:00,390.67650338618614,20.395964885048972,0
2023-01-01 13:58:00,421.7284421014628,21.055246483452144,0
2023-01-01 13:59:00,426.0971577222542,19.05223393224608,0
2023-01-01 14:00:00,447.1519358942629,18.242866106463595,0
2023-01-01 14:01:00,338.4175222630191,20.42057199300594,0
2023-01-01 14:02:00,368.80820183103316,20.75685239511506,0
2023-01-01 14:03:00,301.60813213248093,20.163584563779395,0
2023-01-01 14:04:00,381.0016218313033,20.44671638536942,0
2023-01-01 14:05:00,363.04003780539176,19.811949547476384,0
2023-01-01 14:06:00,428.7233033004549,19.21768125334862,0
2023-01-01 14:07:00,319.2162589923612,19.04420069405663,0
2023-01-01 14:08:00,365.31862386535204,18.155309743202945,0
2023-01-01 14:09:00,468.4182826782155,18.589097610117637,0
2023-01-01 14:10:00,387.77792817583355,19.53090833584251,0
2023-01-01 14:11:00,422.75703920721367,19.882473686691917,0
2023-01-01 14:12:00,333.96645404889404,19.673805354941045,0
2023-01-01 14:13:00,409.38600527254033,20.81262903130306,0
2023-01-01 14:14:00,382.22819504782365,19.198106799698593,0
2023-01-01 14:15:00,435.9413381441469,20.3300801645225,0
2023-01-01 14:16:00,387.1606488610768,20.87912088174374,0
2023-01-01 14:17:00,410.4165814076312,20.068940213455353,0
2023-01-01 14:18:00,348.0921441943776,19.886757717643498,0
2023-01-01 14:19:00,366.7161074643654,19.26732665455268,0
2023-01-01 14:20:00,350.5354066002184,20.298897848138147,0
2023-01-01 14:21:00,426.57116144714473,21.06986323305663,0
2023-01-01 14:22:00,345.46407333048865,20.680186941241242,0
2023-01-01 14:23:00,399.68550184765104,19.079654159939608,0
2023-01-01 14:24:00,380.39239988437924,18.290552968066454,0
2023-01-01 14:25:00,363.60779539569813,21.224236463609493,0
2023-01-01 14:26:00,436.23023003589003,18.84808160731668,0
2023-01-01 14:27:00,435.3256043028854,19.832876186446377,0
2023-01-01 14:28:00,392.7933002706471,19.05051403035144,0
2023-01-01 14:29:00,390.6733192565889,20.55559526257557,0
2023-01-01 14:30:00,403.2948575189271,20.378058048592973,0
2023-01-01 14:31:00,403.8663240221144,21.375457876755632,0
2023-01-01 14:32:00,361.72394414427,18.729174595034394,0
2023-01-01 14:33:00,459.77989175252503,20.568705245747,0
2023-01-01 14:34:00,371.3366646552709,19.06383195401319,0
2023-01-01 14:35:00,433.9084151164356,19.315677909063687,0
2023-01-01 14:36:00,434.2060989831713,20.114744780780168,0
2023-01-01 14:37:00,393.25958343146857,19.234027907509553,0
2023-01-01 14:38:00,447.2990332196738,19.954402707019458,0
2023-01-01 14:39:00,382.19509441126144,20.097590441303762,0
2023-01-01 14:40:00,378.11049510437795,21.544181359833303,0
2023-01-01 14:41:00,381.7268615670009,18.922294491814142,0
2023-01-01 14:42:00,362.85208252931585,19.415458354338774,0
2023-01-01 14:43:00,294.7728351581878,19.708267468215947,0
2023-01-01 14:44:00,299.28131247604995,20.41661475321865,0
2023-01-01 14:45:00,322.67605750647704,18.707510182657394,0
2023-01-01 14:46:00,365.0209476966007,18.815221751161413,0
2023-01-01 14:47:00,371.2261602166391,20.478171123074514,0
2023-01-01 14:48:00,400.5099386125548,20.973579604689526,0
2023-01-01 14:49:00,432.88911031322704,20.112272654364403,0
2023-01-01 14:50:00,370.7097948046806,21.287331686930614,0
2023-01-01 14:51:00,385.8889223840722,19.022030005288247,0
2023-01-01 14:52:00,439.365432404918,19.244899649474277,0
2023-01-01 14:53:00,363.11731285340636,19.011100851473337,0
2023-01-01 14:54:00,374.53493710418036,19.238245865004583,0
2023-01-01 14:55:00,412.32493517031986,20.252611330359244,0
2023-01-01 14:56:00,392.3792545343798,20.42935658378384,0
2023-01-01 14:57:00,281.75404409895543,19.408429848812887,0
2023-01-01 14:58:00,373.3646225040894,19.623431269167945,0
2023-01-01 14:59:00,362.49683089257206,19.97392651496182,0
2023-01-01 15:00:00,883.149557014178,18.649236986299837,0
2023-01-01 15:01:00,278.04803146327055,20.62672376641815,0
2023-01-01 15:02:00,445.14243579969843,21.17988696307657,0
2023-01-01 15:03:00,364.4945432821138,19.434097401936196,0
2023-01-01 15:04:00,352.06829802867884,20.26650882931452,0
2023-01-01 15:05:00,289.67923201886936,19.33287280619459,0
2023-01-01 15:06:00,365.1825866291739,20.871061698146757,0
2023-01-01 15:07:00,344.32012654068404,19.76143286082243,0
2023-01-01 15:08:00,328.65434500209597,19.96649932472146,0
2023-01-01 15:09:00,359.41900663439435,19.513545304528137,0
2023-01-01 15:10:00,356.37046259448204,18.805676180325722,0
2023-01-01 15:11:00,373.13340973792833,17.55694910663742,0
2023-01-01 15:12:00,284.74597069657125,19.65913924752662,0
2023-01-01 15:13:00,348.235674411422,20.510561632266885,0
2023-01-01 15:14:00,379.0697685622269,19.928798954441728,0
2023-01-01 15:15:00,410.8163390880144,20.458892604724767,0
2023-01-01 15:16:00,320.1017305265972,19.356778811196026,0
2023-01-01 15:17:00,445.179775997918,18.97757119331434,0
2023-01-01 15:18:00,344.87096200971325,19.55041769207737,0
2023-01-01 15:19:00,374.5731460110483,19.26722688465642,0
2023-01-01 15:20:00,404.82619549983457,19.950443129773067,0
2023-01-01 15:21:00,392.67984960415606,20.560623181573916,0
2023-01-01 15:22:00,267.98452792630974,17.702973207511196,0
2023-01-01 15:23:00,380.2509159959285,20.499092503523542,0
2023-01-01 15:24:00,278.65779657584665,20.691665049456464,0
2023-01-01 15:25:00,276.24701191594943,21.140460215540912,0
2023-01-01 15:26:00,352.4324511851634,21.36967233741267,0
2023-01-01 15:27:00,352.37562439835796,21.53207775931162,0
2023-01-01 15:28:00,390.7891579694942,19.062635032334953,0
2023-01-01 15:29:00,302.93123418962136,19.628706985166584,0
2023-01-01 15:30:00,253.0014631115476,19.56767968254948,0
2023-01-01 15:31:00,362.44443432623103,20.649795711397875,0
2023-01-01 15:32:00,256.5746215478651,20.53597870231226,0
2023-01-01 15:33:00,289.0125795623685,19.017854276971285,0
2023-01-01 15:34:00,298.4124761475909,20.2982278455015,0
2023-01-01 15:35:00,265.0365322488385,21.05384054210574,0
2023-01-01 15:36:00,320.55200154756767,19.267363386181938,0
2023-01-01 15:37:00,282.9492687441973,20.916961542642966,0
2023-01-01 15:38:00,365.94382302180634,19.16152583949156,0
2023-01-01 15:39:00,321.826110210055,18.97091627623258,0
2023-01-01 15:40:00,422.5060545571764,17.90958409224463,0
2023-01-01 15:41:00,366.10426015967045,18.292212462443654,0
2023-01-01 15:42:00,380.97727003268744,20.879696457118886,0
2023-01-01 15:43:00,340.85255504330803,20.23904128581015,0
2023-01-01 15:44:00,313.9652294785128,20.11941823883106,0
2023-01-01 15:45:00,312.66195482174015,21.066471213658318,0
2023-01-01 15:46:00,345.47632320616617,20.917589434996334,0
2023-01-01 15:47:00,322.70347612229386,20.717213436817907,0
2023-01-01 15:48:00,347.50770633312413,21.216016006902844,0
2023-01-01 15:49:00,341.3877025684725,19.289272930075324,0
2023-01-01 15:50:00,298.28944245182265,19.94942920834608,0
2023-01-01 15:51:00,178.70222202486588,21.967375919440986,0
2023-01-01 15:52:00,310.88898953725277,20.984961617353466,0
2023-01-01 15:53:00,356.3714470205349,19.15338779993231,0
2023-01-01 15:54:00,324.96310109961644,18.79022668308673,0
2023-01-01 15:55:00,358.88467732139617,19.63735702858851,0
2023-01-01 15:56:00,374.4401655295928,18.9554209603506,0
2023-01-01 15:57:00,365.2257187861485,21.953973064684863,0
2023-01-01 15:58:00,306.8597320313109,20.90494546628541,0
2023-01-01 15:59:00,361.7250084282629,20.07308713048994,0
2023-01-01 16:00:00,346.45987016192987,18.38726908441856,0
2023-01-01 16:01:00,281.6486198707161,20.585176252077332,0
2023-01-01 16:02:00,302.01919511788685,18.882386380593168,0
2023-01-01 16:03:00,304.5945434655267,20.418435922634977,0
2023-01-01 16:04:00,370.62920034470795,19.91916279752426,0
2023-01-01 16:05:00,377.56018612812716,19.82025840305593,0
2023-01-01 16:06:00,308.92790037495257,19.471610188241637,0
2023-01-01 16:07:00,214.90906695084988,20.173258939657295,0
2023-01-01 16:08:00,261.28768337398867,17.601869272622153,0
2023-01-01 16:09:00,348.50022557848587,19.214282215912057,0
2023-01-01 16:10:00,298.914395858619,20.978575953737458,0
2023-01-01 16:11:00,308.4956792450731,19.072889280952403,0
2023-01-01 16:12:00,314.4606088401845,18.89639535115294,0
2023-01-01 16:13:00,363.706213744038,20.37679453274108,0
2023-01-01 16:14:00,325.70611315086643,21.245291166086062,0
2023-01-01 16:15:00,277.506135464781,19.321727668599063,0
2023-01-01 16:16:00,253.8172530440479,20.429747397489177,0
2023-01-01 16:17:00,324.8075571709476,20.20216072643365,0
2023-01-01 16:18:00,343.37293025662456,20.4651971262582,0
2023-01-01 16:19:00,324.8939048290947,18.324024247239624,0
2023-01-01 16:20:00,259.84820443360746,20.56919777083214,0
2023-01-01 16:21:00,363.0265784922609,20.29340781749691,0
2023-01-01 16:22:00,303.26815047050655,20.367507231969647,0
2023-01-01 16:23:00,256.81201785717604,18.5019815178734,0
2023-01-01 16:24:00,288.45872811439006,18.94449732001284,0
2023-01-01 16:25:00,295.9882646609845,19.01566439741029,0
2023-01-01 16:26:00,343.40742453022085,20.150938814766505,0
2023-01-01 16:27:00,372.544394541757,20.628489240945058,0
2023-01-01 16:28:00,346.4330326458737,18.17506388935282,0
2023-01-01 16:29:00,428.29693018810417,21.2592119283714,0
2023-01-01 16:30:00,302.32821082207346,19.127020636094784,0
2023-01-01 16:31:00,323.1584673418091,19.880460564159954,0
2023-01-01 16:32:00,288.97821285814643,18.69790759751799,0
2023-01-01 16:33:00,307.4553369609972,20.29321310225793,0
2023-01-01 16:34:00,286.9296712302943,21.36296561725029,0
2023-01-01 16:35:00,378.027851515404,18.104101420454466,0
2023-01-01 16:36:00,366.13828321018366,18.98477173241978,0
2023-01-01 16:37:00,420.3778326315719,18.93281992442789,0
2023-01-01 16:38:00,398.9641404866222,21.78934061718517,0
2023-01-01 16:39:00,338.0512522050183,17.1324130443514,0
2023-01-01 16:40:00,737.6500252638652,19.427524927709662,0
2023-01-01 16:41:00,365.74224305818234,18.904967332238925,0
2023-01-01 16:42:00,323.13190867430006,21.335183274730298,0
2023-01-01 16:43:00,411.5026183627006,19.37303608248681,0
2023-01-01 16:44:00,279.48690924975546,19.967507184968042,0
2023-01-01 16:45:00,354.0646091580513,20.87007442256988,0
2023-01-01 16:46:00,350.7108823882743,20.152747836338705,0
2023-01-01 16:47:00,319.7330475199614,20.424311813753086,0
2023-01-01 16:48:00,335.95224027109236,20.50353069048199,0
2023-01-01 16:49:00,266.1146661001995,21.22186669232016,0
2023-01-01 16:50:00,292.7352418701864,20.25111572654177,0
2023-01-01 16:51:00,352.04032620583337,19.995542100803252,0
2023-01-01 16:52:00,290.27820474239024,18.668384776549594,0
2023-01-01 16:53:00,241.25971700502905,21.80713974440228,0
2023-01-01 16:54:00,332.1285457540468,19.212982788542384,0
2023-01-01 16:55:00,360.6000103258273,20.72120924378108,0
2023-01-01 16:56:00,409.98338994577165,19.231440991530402,0
2023-01-01 16:57:00,326.62972180502334,20.583919371453625,0
2023-01-01 16:58:00,282.24307390110954,20.19821895837594,0
2023-01-01 16:59:00,305.6261522144763,19.47720217318865,0
2023-01-01 17:00:00,280.2958164321351,19.780503154486578,0
2023-01-01 17:01:00,307.01110342483054,19.586781332059044,0
2023-01-01 17:02:00,293.35300733747835,20.713015656019476,0
2023-01-01 17:03:00,339.1047548570442,20.27867468162566,0
2023-01-01 17:04:00,255.98750070821472,19.07131608837485,0
2023-01-01 17:05:00,303.8917131763156,17.67643035683956,0
2023-01-01 17:06:00,340.51996367793635,19.03426354558496,0
2023-01-01 17:07:00,192.95874256179258,20.16046129378278,0
2023-01-01 17:08:00,384.948472612438,19.909088391115105,0
2023-01-01 17:09:00,251.25493351136862,19.42848701122026,0
2023-01-01 17:10:00,296.2196877499035,20.745954472766996,0
2023-01-01 17:11:00,228.01462359955133,20.764595603293735,0
2023-01-01 17:12:00,407.47170701464233,20.853880365643857,0
2023-01-01 17:13:00,353.03035049356134,18.86590430418136,0
2023-01-01 17:14:00,283.32610306584377,19.91051273701216,0
2023-01-01 17:15:00,381.73655791525914,19.822014100326147,0
2023-01-01 17:16:00,253.28709216521645,18.912299098954612,0
2023-01-01 17:17:00,256.4810390272305,19.20375572156522,0
2023-01-01 17:18:00,294.04044861384773,18.979886398204968,0
2023-01-01 17:19:00,217.15981617099723,18.701276845224104,0
2023-01-01 17:20:00,343.4603933936349,18.260199815016872,0
2023-01-01 17:21:00,302.11233347472904,18.710749438346987,0
2023-01-01 17:22:00,321.3880065264632,20.630322784965585,0
2023-01-01 17:23:00,333.28042969255443,21.00875873732397,0
2023-01-01 17:24:00,283.10419092157366,19.537652737583663,0
2023-01-01 17:25:00,288.41888362940034,19.41583460346623,0
2023-01-01 17:26:00,255.01659970452897,20.91033129232008,0
2023-01-01 17:27:00,283.15292937433804,21.38904097575533,0
2023-01-01 17:28:00,241.97370440773528,19.741146958969583,0
2023-01-01 17:29:00,338.3432670238046,19.895720468732122,0
2023-01-01 17:30:00,219.31494292108286,18.13802217599626,0
2023-01-01 17:31:00,255.7670244965873,20.655082238505123,0
2023-01-01 17:32:00,330.51721646127805,20.631756263443492,0
2023-01-01 17:33:00,346.17267065204175,18.878079084409485,0
2023-01-01 17:34:00,344.6310076811467,20.733781130890655,0
2023-01-01 17:35:00,271.14593810407143,20.205980107794907,0
2023-01-01 17:36:00,313.21535414994133,20.379779976777684,0
2023-01-01 17:37:00,298.3409473106387,17.6506618679283,0
2023-01-01 17:38:00,285.0610383619554,19.273015538827664,0
2023-01-01 17:39:00,296.3224378015984,18.368792462447544,0
2023-01-01 17:40:00,283.2279977027921,18.350775940477714,0
2023-01-01 17:41:00,453.68690788275666,21.2405552522728,0
2023-01-01 17:42:00,279.20238344904095,20.32231077422606,0
2023-01-01 17:43:00,282.9484453177796,19.622007723255408,0
2023-01-01 17:44:00,341.21029914106623,20.44072440726848,0
2023-01-01 17:45:00,331.3015694026027,19.011834851860733,0
2023-01-01 17:46:00,305.03338522512036,22.457055014521092,0
2023-01-01 17:47:00,327.48641365988686,20.420916746822183,0
2023-01-01 17:48:00,387.28261133749373,21.34942573252554,0
2023-01-01 17:49:00,240.71361429820072,19.045629610307948,0
2023-01-01 17:50:00,283.2279242318362,19.510747724888237,0
2023-01-01 17:51:00,324.7131362606176,19.943311625634664,0
2023-01-01 17:52:00,222.45301345473612,20.56488867572965,0
2023-01-01 17:53:00,299.79810112585784,20.577791880559896,0
2023-01-01 17:54:00,320.7000528527441,20.15508148123776,0
2023-01-01 17:55:00,341.47436953561396,20.746402662657186,0
2023-01-01 17:56:00,324.64311010301293,19.23571550643045,0
2023-01-01 17:57:00,369.8680881160665,20.17098115882364,0
2023-01-01 17:58:00,234.98144363894409,19.17194136589537,0
2023-01-01 17:59:00,258.91265431041586,18.753209876228176,0
2023-01-01 18:00:00,251.78654820800398,19.57421605858993,0
2023-01-01 18:01:00,200.4793011899383,20.589929251534194,0
2023-01-01 18:02:00,352.7890933348041,19.147393596188,0
2023-01-01 18:03:00,327.79497621495585,21.334494056445592,0
2023-01-01 18:04:00,239.53105877199087,21.552550438631993,0
2023-01-01 18:05:00,262.45386924899714,18.767761847298516,0
2023-01-01 18:06:00,276.78514807036913,20.51628895563982,0
2023-01-01 18:07:00,354.0078131183284,18.82023783868246,0
2023-01-01 18:08:00,372.3604503684546,19.953916780535753,0
2023-01-01 18:09:00,260.05983492196265,20.237148015596432,0
2023-01-01 18:10:00,277.63735746651884,19.360162165776835,0
2023-01-01 18:11:00,257.0083911917253,20.854888223045226,0
2023-01-01 18:12:00,301.30278095196877,20.60901358615739,0
2023-01-01 18:13:00,388.64623801346033,21.093423014631043,0
2023-01-01 18:14:00,322.88498952453455,19.2096233489103,0
2023-01-01 18:15:00,290.21743972568703,19.450516367058146,0
2023-01-01 18:16:00,313.2101580894822,20.517113730585585,0
2023-01-01 18:17:00,376.0325484348,20.676171858814506,0
2023-01-01 18:18:00,283.605315533716,20.734186412228148,0
2023-01-01 18:19:00,328.5963805259896,22.210894059455836,0
2023-01-01 18:20:00,770.6367799473198,19.892340711156233,0
2023-01-01 18:21:00,237.62959098035566,18.823958216624455,0
2023-01-01 18:22:00,327.5035404442289,20.211191436298044,0
2023-01-01 18:23:00,338.9155735496214,19.45374392754617,0
2023-01-01 18:24:00,264.8304544588234,21.078727172821264,0
2023-01-01 18:25:00,330.2783158554757,19.96670463542899,0
2023-01-01 18:26:00,329.0051974021757,18.19745894774065,0
2023-01-01 18:27:00,350.2170306624097,19.265894329580853,0
2023-01-01 18:28:00,225.47697106693806,21.503596015627803,0
2023-01-01 18:29:00,300.4992793330118,19.891356424781403,0
2023-01-01 18:30:00,220.37518947513973,20.019745803860047,0
2023-01-01 18:31:00,383.17803946576686,19.91305710874443,0
2023-01-01 18:32:00,254.27872123856181,20.699389096288865,0
2023-01-01 18:33:00,256.62889220398085,20.1628498520976,0
2023-01-01 18:34:00,258.3101435107073,20.525240947256858,0
2023-01-01 18:35:00,350.95406202567074,20.239508601301964,0
2023-01-01 18:36:00,321.2196588340761,21.852270753969023,0
2023-01-01 18:37:00,409.6977741760853,21.142012211152007,0
2023-01-01 18:38:00,212.9152241699624,21.529416928645738,0
2023-01-01 18:39:00,315.6444340735181,21.064645251884414,0
2023-01-01 18:40:00,297.7041287132332,20.885562287664325,0
2023-01-01 18:41:00,352.47078661221855,19.968840657084375,0
2023-01-01 18:42:00,336.16488737738854,19.920420491244542,0
2023-01-01 18:43:00,380.47076616034224,18.757026707396363,0
2023-01-01 18:44:00,294.7428622019658,19.231644566219476,0
2023-01-01 18:45:00,308.54699791874816,20.065117592971596,0
2023-01-01 18:46:00,368.2909720287987,22.28206217022037,0
2023-01-01 18:47:00,232.28022849333183,20.46994011204007,0
2023-01-01 18:48:00,272.42614995679975,19.861153303613367,0
2023-01-01 18:49:00,279.22701628639095,18.78511756964084,0
2023-01-01 18:50:00,268.06938405726606,19.523257756618406,0
2023-01-01 18:51:00,378.05892975819904,20.828818703019895,0
2023-01-01 18:52:00,312.6817127844904,20.529572616694033,0
2023-01-01 18:53:00,248.83030462103832,20.153807405480897,0
2023-01-01 18:54:00,310.52619702700974,18.597227217850012,0
2023-01-01 18:55:00,327.4563348108401,21.618525437145813,0
2023-01-01 18:56:00,344.67641696840326,20.415271655263734,0
2023-01-01 18:57:00,206.25792840410122,21.21446781557629,0
2023-01-01 18:58:00,326.23017552970913,20.967752310562897,0
2023-01-01 18:59:00,351.36844140514904,20.611364337168364,0
2023-01-01 19:00:00,368.21264452108517,19.70523093754159,0
2023-01-01 19:01:00,418.62120716707034,18.698361234032976,0
2023-01-01 19:02:00,291.15608070374435,18.41650513738748,0
2023-01-01 19:03:00,384.0957873192239,18.742227434929212,0
2023-01-01 19:04:00,280.75798812746626,18.59744825073134,0
2023-01-01 19:05:00,356.44439104824966,19.07071463506844,0
2023-01-01 19:06:00,353.01962259805464,18.085533593558957,0
2023-01-01 19:07:00,286.23165234527085,19.990195030454704,0
2023-01-01 19:08:00,253.9858352283496,19.64141850833003,0
2023-01-01 19:09:00,336.9262032318293,20.10817574633373,0
2023-01-01 19:10:00,323.43031434617114,18.432655501316106,0
2023-01-01 19:11:00,358.5556566922693,20.935470683349447,0
2023-01-01 19:12:00,263.0173386675567,18.524220445446876,0
2023-01-01 19:13:00,364.3508018123649,19.23840073479365,0
2023-01-01 19:14:00,346.49897381624265,18.445525029380697,0
2023-01-01 19:15:00,275.0177596408529,19.03699761310781,0
2023-01-01 19:16:00,217.91660374574957,18.514626402181516,0
2023-01-01 19:17:00,269.4318045439881,18.698676051878625,0
2023-01-01 19:18:00,293.88726285346326,20.324764757604644,0
2023-01-01 19:19:00,328.8495095571029,18.201974775661704,0
2023-01-01 19:20:00,235.77366121378742,19.110100394785476,0
2023-01-01 19:21:00,303.36192540887015,20.88310905057692,0
2023-01-01 19:22:00,319.13038334768,20.557916550829933,0
2023-01-01 19:23:00,305.4344772613507,20.068436924655515,0
2023-01-01 19:24:00,265.9470163173329,18.65840971659311,0
2023-01-01 19:25:00,236.3923082714888,19.82707761987453,0
2023-01-01 19:26:00,324.7654763557906,20.32294355630696,0
2023-01-01 19:27:00,372.5601497904947,21.05633562340178,0
2023-01-01 19:28:00,373.9763534651332,19.388358296866237,0
2023-01-01 19:29:00,322.58175952613584,19.89372021359626,0
2023-01-01 19:30:00,361.7597792822197,18.417294490656474,0
2023-01-01 19:31:00,316.07682708894794,20.200756618741345,0
2023-01-01 19:32:00,269.41101967248915,20.065731745469787,0
2023-01-01 19:33:00,217.05879625917632,19.58125105576879,0
2023-01-01 19:34:00,341.49296792074887,21.299134435636883,0
2023-01-01 19:35:00,311.32675247780094,18.91349036340022,0
2023-01-01 19:36:00,401.29967166193694,21.830658613955855,0
2023-01-01 19:37:00,336.8450496981016,18.93032000087883,0
2023-01-01 19:38:00,299.7414062235079,21.564381062929215,0
2023-01-01 19:39:00,322.5915009230932,20.586181409906835,0
2023-01-01 19:40:00,318.75122957556135,20.505783690189922,0
2023-01-01 19:41:00,327.46349795308794,19.10609325900969,0
2023-01-01 19:42:00,398.7912107885611,20.273012119731067,0
2023-01-01 19:43:00,277.90788239503905,21.448576414093644,0
2023-01-01 19:44:00,320.8892037412009,18.311194811555577,0
2023-01-01 19:45:00,278.3401596169948,20.507146363734623,0
2023-01-01 19:46:00,377.4497981043198,19.69755613778284,0
2023-01-01 19:47:00,353.2600694996279,20.75657214497585,0
2023-01-01 19:48:00,293.5284680712439,19.656926158012826,0
2023-01-01 19:49:00,396.12223373500365,21.536087973923458,0
2023-01-01 19:50:00,231.5539029452167,20.313689650631,0
2023-01-01 19:51:00,364.7078432144707,19.41218659955151,0
2023-01-01 19:52:00,353.3835649173756,18.593990232124987,0
2023-01-01 19:53:00,349.8030854631716,21.14847650632363,0
2023-01-01 19:54:00,420.1275833943787,21.332677327742037,0
2023-01-01 19:55:00,314.0132713881666,18.31128312130562,0
2023-01-01 19:56:00,356.827834364939,18.4383861024702,0
2023-01-01 19:57:00,211.03716498709554,20.920931485256098,0
2023-01-01 19:58:00,373.75411237434434,20.283487797041108,0
2023-01-01 19:59:00,242.53400619012473,20.763741734955236,0
2023-01-01 20:00:00,812.0641347712466,19.9921655817058,0
2023-01-01 20:01:00,310.98161436014476,20.55394138841937,0
2023-01-01 20:02:00,309.13922854250194,18.785839230426404,0
2023-01-01 20:03:00,285.1636902622068,20.420276385758946,0
2023-01-01 20:04:00,419.36245477113744,19.311654464047788,0
2023-01-01 20:05:00,242.54332264458532,20.569316987705403,0
2023-01-01 20:06:00,343.3297129002552,19.358391151715537,0
2023-01-01 20:07:00,321.59637948342555,20.142293435182438,0
2023-01-01 20:08:00,206.95515943431286,20.039700750705247,0
2023-01-01 20:09:00,297.0724369124403,19.602590595885808,0
2023-01-01 20:10:00,309.5863456356744,20.85887295750777,0
2023-01-01 20:11:00,246.80947504131086,21.13445526965184,0
2023-01-01 20:12:00,358.9805349693588,18.759818959836828,0
2023-01-01 20:13:00,407.7187871304708,19.79332634330897,0
2023-01-01 20:14:00,371.4403473843275,19.23271468542463,0
2023-01-01 20:15:00,306.0695146979801,19.1665013728389,0
2023-01-01 20:16:00,303.3541340509318,18.64432292841798,0
2023-01-01 20:17:00,368.1961881095139,19.322939067220265,0
2023-01-01 20:18:00,350.9203741894143,19.892356373213612,0
2023-01-01 20:19:00,390.64721931854297,20.27261069356446,0
2023-01-01 20:20:00,213.64754617580283,20.753634170456078,0
2023-01-01 20:21:00,376.2724049481164,19.319337617973865,0
2023-01-01 20:22:00,374.4428446933635,18.837081897800026,0
2023-01-01 20:23:00,317.9053983977437,20.458617595816253,0
2023-01-01 20:24:00,325.53684743970075,18.378401980257532,0
2023-01-01 20:25:00,350.1603445257164,19.9106629999538,0
2023-01-01 20:26:00,296.15778793463545,19.660662090375347,0
2023-01-01 20:27:00,372.18217611968373,20.831581155777084,0
2023-01-01 20:28:00,389.6280000424549,19.429392623960332,0
2023-01-01 20:29:00,281.20619149150895,18.810029966127924,0
2023-01-01 20:30:00,300.0253439174769,19.830653935619463,0
2023-01-01 20:31:00,336.15317745598486,21.414765732197946,0
2023-01-01 20:32:00,292.787552230749,20.709452497293572,0
2023-01-01 20:33:00,368.2420472425189,21.955577085541744,0
2023-01-01 20:34:00,402.92954782109945,20.19021482290431,0
2023-01-01 20:35:00,339.9124668747619,20.85180618999086,0
2023-01-01 20:36:00,419.3624206034056,20.56251289091279,0
2023-01-01 20:37:00,287.95293365626384,20.516079426928265,0
2023-01-01 20:38:00,321.0031876717318,17.577048605321217,0
2023-01-01 20:39:00,321.2131618272256,18.65382545854092,0
2023-01-01 20:40:00,412.3363424407897,20.639508589653794,0
2023-01-01 20:41:00,321.9529720048708,21.60247509692771,0
2023-01-01 20:42:00,272.4211011329779,18.513641737424425,0
2023-01-01 20:43:00,316.19964726406704,20.884151110218404,0
2023-01-01 20:44:00,292.5021110784522,22.12791115210448,0
2023-01-01 20:45:00,378.7833225422996,19.97382495272155,0
2023-01-01 20:46:00,363.4594965563569,21.674807612699848,0
2023-01-01 20:47:00,319.93886554183064,17.884978715033817,0
2023-01-01 20:48:00,367.9417566108629,18.24602908729667,0
2023-01-01 20:49:00,354.57411762570587,19.746444564903825,0
2023-01-01 20:50:00,365.78028430665756,21.7129914219167,0
2023-01-01 20:51:00,317.71369727145924,19.64727421307507,0
2023-01-01 20:52:00,417.4553932526272,21.100115533345353,0
2023-01-01 20:53:00,366.1517820594893,18.288663182658723,0
2023-01-01 20:54:00,329.5197786162052,19.88580615472701,0
2023-01-01 20:55:00,314.47116476048825,22.359447255206316,0
2023-01-01 20:56:00,292.71736853754965,17.943460705297255,0
2023-01-01 20:57:00,279.8078152915572,19.79828309945252,0
2023-01-01 20:58:00,340.73468421565764,19.4412398370428,0
2023-01-01 20:59:00,278.8590236732383,19.022808081207426,0
2023-01-01 21:00:00,294.95357571340116,20.53638698239422,0
2023-01-01 21:01:00,296.9509349408545,19.080758417005622,0
2023-01-01 21:02:00,359.3241731040759,19.660345624127316,0
2023-01-01 21:03:00,345.04421774582573,20.62323408009137,0
2023-01-01 21:04:00,368.95419310442367,20.77001005539235,0
2023-01-01 21:05:00,445.7264593070896,19.85654171344128,0
2023-01-01 21:06:00,376.5680113338347,20.708247513429157,0
2023-01-01 21:07:00,345.2557518123297,20.612909110715997,0
2023-01-01 21:08:00,366.5328063220245,19.64110176926563,0
2023-01-01 21:09:00,447.13125685598334,19.404771673486902,0
2023-01-01 21:10:00,414.7012016924215,20.18633253953345,0
2023-01-01 21:11:00,299.4323934703782,19.42705060024458,0
2023-01-01 21:12:00,309.8335864300354,19.61480063441721,0
2023-01-01 21:13:00,320.891883826661,18.567217180421462,0
2023-01-01 21:14:00,411.1630495278548,21.73000649939968,0
2023-01-01 21:15:00,439.4162398384914,18.504544254513345,0
2023-01-01 21:16:00,324.458739674517,19.996901707847936,0
2023-01-01 21:17:00,306.2437214184195,19.51669646581018,0
2023-01-01 21:18:00,403.7408017155622,18.5875341062926,0
2023-01-01 21:19:00,317.6946073773414,19.082917944861123,0
2023-01-01 21:20:00,406.85687459663353,20.296807343663072,0
2023-01-01 21:21:00,448.2746354422315,18.74026354572672,0
2023-01-01 21:22:00,350.47960233750706,18.71669920199918,0
2023-01-01 21:23:00,378.9375585756485,19.19632164515992,0
2023-01-01 21:24:00,407.25094611630084,20.48217239358391,0
2023-01-01 21:25:00,437.6528824835882,20.098485762400003,0
2023-01-01 21:26:00,334.19983134930567,19.483632832367604,0
2023-01-01 21:27:00,410.38079761325594,18.424156473822197,0
2023-01-01 21:28:00,329.0291580997857,19.386206142863934,0
2023-01-01 21:29:00,369.65650646596305,18.660898563958295,0
2023-01-01 21:30:00,368.79478981078165,20.603151756734643,0
2023-01-01 21:31:00,495.10563676782215,17.16529038705346,0
2023-01-01 21:32:00,348.3288819389387,19.19509110934798,0
2023-01-01 21:33:00,415.0283545301633,19.093481709044454,0
2023-01-01 21:34:00,309.04464142071527,20.039935718618587,0
2023-01-01 21:35:00,412.5348148039919,18.78276368423798,0
2023-01-01 21:36:00,294.49799330249203,18.910986312592506,0
2023-01-01 21:37:00,438.80945755027625,19.834713944432007,0
2023-01-01 21:38:00,292.48931101506116,18.51660701635122,0
2023-01-01 21:39:00,310.6404313935956,19.37132025790509,0
2023-01-01 21:40:00,852.294383659979,20.512292706260066,0
2023-01-01 21:41:00,341.51703650947366,17.749339998160554,0
2023-01-01 21:42:00,416.93020864599794,19.9754069078547,0
2023-01-01 21:43:00,454.7874566684298,18.82576056703936,0
2023-01-01 21:44:00,423.22720716595256,19.0173295193823,0
2023-01-01 21:45:00,327.4328830124908,18.582774723393175,0
2023-01-01 21:46:00,410.3228257488436,20.867253700254366,0
2023-01-01 21:47:00,443.19289217888905,19.942515686068703,0
2023-01-01 21:48:00,489.08776604978897,20.35025358703786,0
2023-01-01 21:49:00,494.87663484025444,19.718942703241268,0
2023-01-01 21:50:00,460.14920708402246,18.961610253236277,0
2023-01-01 21:51:00,398.7214356635251,17.755642037934454,0
2023-01-01 21:52:00,422.0418974941585,21.53224102810081,0
2023-01-01 21:53:00,393.5628869848931,19.05275487349983,0
2023-01-01 21:54:00,380.24784340527134,20.757068957222394,0
2023-01-01 21:55:00,307.9224784628999,19.434682006778957,0
2023-01-01 21:56:00,427.6087988609223,20.394629670600054,0
2023-01-01 21:57:00,351.7484089435752,18.80005853106793,0
2023-01-01 21:58:00,348.30592208017015,21.688213396800155,0
2023-01-01 21:59:00,378.7252913768698,21.227727645023368,0
2023-01-01 22:00:00,371.0905482448003,20.678360505671478,0
2023-01-01 22:01:00,292.6413236254148,18.101439169689474,0
2023-01-01 22:02:00,458.837176989804,20.146970884600485,0
2023-01-01 22:03:00,267.78174491443804,19.190736543538222,0
2023-01-01 22:04:00,425.29875482137203,19.85611544132995,0
2023-01-01 22:05:00,353.70162385048116,21.768661418681035,0
2023-01-01 22:06:00,409.93180714484987,20.49511588401791,0
2023-01-01 22:07:00,410.3561044884445,19.142368878665536,0
2023-01-01 22:08:00,345.45163722380505,19.082370587884252,0
2023-01-01 22:09:00,442.79482673878454,20.51871834321808,0
2023-01-01 22:10:00,473.2553813618314,18.43551344033876,0
2023-01-01 22:11:00,469.4446951732297,20.387493096834376,0
2023-01-01 22:12:00,484.9087572763225,19.063839734213392,0
2023-01-01 22:13:00,454.93684362744193,20.06675306810114,0
2023-01-01 22:14:00,486.8395991550068,18.8970294106228,0
2023-01-01 22:15:00,410.9487865564922,20.191513177430632,0
2023-01-01 22:16:00,408.35369459368644,19.750497552000148,0
2023-01-01 22:17:00,462.1758274109548,17.763327698689434,0
2023-01-01 22:18:00,496.1623466324886,20.56618069946755,0
2023-01-01 22:19:00,400.602201039299,19.054069919166302,0
2023-01-01 22:20:00,435.7431654738474,18.562406424840763,0
2023-01-01 22:21:00,418.39137322460874,21.438766816332528,0
2023-01-01 22:22:00,405.57928620372456,19.10195101873046,0
2023-01-01 22:23:00,413.36998740637773,19.040241729250464,0
2023-01-01 22:24:00,370.6322943284212,19.772120482531577,0
2023-01-01 22:25:00,485.58170922369595,19.15721218577469,0
2023-01-01 22:26:00,459.3123048297096,18.40711958008358,0
2023-01-01 22:27:00,434.5651742376705,19.499793172023168,0
2023-01-01 22:28:00,447.7423882587775,20.408098719983993,0
2023-01-01 22:29:00,467.8390844331549,21.448017176879727,0
2023-01-01 22:30:00,481.37495716511495,18.55021057690432,0
2023-01-01 22:31:00,454.92891598201993,19.746361515580773,0
2023-01-01 22:32:00,348.85545628106155,20.22911395562557,0
2023-01-01 22:33:00,386.4068902589396,20.31663399009842,0
2023-01-01 22:34:00,424.2930479250822,19.19603292150161,0
2023-01-01 22:35:00,363.65667901530725,19.391282168887646,0
2023-01-01 22:36:00,400.2811212660743,17.745364759232178,0
2023-01-01 22:37:00,519.9015576710451,19.70205955319325,0
2023-01-01 22:38:00,461.91096590858916,19.430361336348774,0
2023-01-01 22:39:00,420.99561851069336,17.90931742285236,0
2023-01-01 22:40:00,408.3221518707806,20.444850372079557,0
2023-01-01 22:41:00,453.987661739755,18.90561492428453,0
2023-01-01 22:42:00,418.20097692593276,17.091175866905857,0
2023-01-01 22:43:00,478.1090424135925,18.761677028658394,0
2023-01-01 22:44:00,413.3876419977076,20.119599504058236,0
2023-01-01 22:45:00,436.82986775760577,19.06413073204883,0
2023-01-01 22:46:00,357.36452589005034,19.719046435359328,0
2023-01-01 22:47:00,495.69024602663677,18.20983169617776,0
2023-01-01 22:48:00,421.3449947506242,19.43911668171527,0
2023-01-01 22:49:00,497.6118739942194,22.41367960439288,0
2023-01-01 22:50:00,408.51679007994437,19.152381828731762,0
2023-01-01 22:51:00,413.7560850873625,20.558995599466517,0
2023-01-01 22:52:00,436.64554461278686,19.647541049072696,0
2023-01-01 22:53:00,440.0129353449535,20.052753576578876,0
2023-01-01 22:54:00,372.4259184296602,20.530517500589685,0
2023-01-01 22:55:00,440.7244264558611,18.717288303083375,0
2023-01-01 22:56:00,431.69460538238474,20.043611101469693,0
2023-01-01 22:57:00,382.1773005563128,21.77591864701647,0
2023-01-01 22:58:00,462.4754574281124,18.44228413912099,0
2023-01-01 22:59:00,428.68245629246377,20.54240480104961,0
2023-01-01 23:00:00,501.07976569668125,19.880815262978885,0
2023-01-01 23:01:00,485.23872548021984,20.178556934597655,0
2023-01-01 23:02:00,415.9551265032651,19.194896268478352,0
2023-01-01 23:03:00,432.39038308704363,20.16077194360723,0
2023-01-01 23:04:00,486.9650981627889,20.08200412477587,0
2023-01-01 23:05:00,485.7339044337291,20.227149453454068,0
2023-01-01 23:06:00,475.1322804489165,21.759635015210257,0
2023-01-01 23:07:00,512.1834744578855,19.735844343949235,0
2023-01-01 23:08:00,436.5091888600674,19.542277322458922,0
2023-01-01 23:09:00,509.0902200788188,19.040175425601728,0
2023-01-01 23:10:00,465.0724705058947,18.82158210809171,0
2023-01-01 23:11:00,396.30648627069195,19.372579697863745,0
2023-01-01 23:12:00,511.72592880266365,19.957206927499023,0
2023-01-01 23:13:00,430.80853861040634,19.794655349418477,0
2023-01-01 23:14:00,389.6623260457029,18.908041836425316,0
2023-01-01 23:15:00,472.33560534616504,18.070915674257048,0
2023-01-01 23:16:00,506.07432744030996,18.891363219853083,0
2023-01-01 23:17:00,562.0408327446921,20.417591808814876,0
2023-01-01 23:18:00,491.06057080619564,18.355667769373717,0
2023-01-01 23:19:00,522.0330276399352,19.919564438262398,0
2023-01-01 23:20:00,901.9744225236068,18.790359537842743,0
2023-01-01 23:21:00,376.0117175463652,18.917216248167705,0
2023-01-01 23:22:00,521.4546617142555,18.726378156993228,0
2023-01-01 23:23:00,436.66410316126667,18.094732045657526,0
2023-01-01 23:24:00,522.418818191821,20.60984320224615,0
2023-01-01 23:25:00,492.2965938726273,21.019612331755862,0
2023-01-01 23:26:00,487.8000269393972,19.232969438916125,0
2023-01-01 23:27:00,470.31373682693635,19.84223626118489,0
2023-01-01 23:28:00,529.0238602284909,19.16000496675705,0
2023-01-01 23:29:00,468.4930690966576,18.869340572544615,0
2023-01-01 23:30:00,433.0003125508871,18.574647940719135,0
2023-01-01 23:31:00,473.2255774603117,20.3828221902938,0
2023-01-01 23:32:00,511.86944014455014,18.93859040723472,0
2023-01-01 23:33:00,455.2340815373641,18.33499572349184,0
2023-01-01 23:34:00,516.0747090146583,19.177598592392474,0
2023-01-01 23:35:00,577.9837367746759,19.31168012419676,0
2023-01-01 23:36:00,452.20685236262125,19.89327973770473,0
2023-01-01 23:37:00,544.607929945072,20.463255338923243,0
2023-01-01 23:38:00,459.6410648096409,19.697121238653715,0
2023-01-01 23:39:00,432.43355191803977,18.733111268510026,0
2023-01-01 23:40:00,414.91157016728357,20.88573840038057,0
2023-01-01 23:41:00,560.5209366330427,19.881742608344467,0
2023-01-01 23:42:00,500.85733625013626,19.3935332361556,0
2023-01-01 23:43:00,379.95915446231305,17.368926734318276,0
2023-01-01 23:44:00,584.1018364325643,19.893733741999707,0
2023-01-01 23:45:00,481.9635705175888,19.59866663879205,0
2023-01-01 23:46:00,582.3838353934228,18.560186034864756,0
2023-01-01 23:47:00,396.8040705873001,19.99495602846356,0
2023-01-01 23:48:00,503.0152543180247,19.640998930963832,0
2023-01-01 23:49:00,469.602024870182,19.61732430098464,0
2023-01-01 23:50:00,403.6792029670611,18.268861054072154,0
2023-01-01 23:51:00,418.0380416626824,19.20394796341561,0
2023-01-01 23:52:00,577.520874416948,17.736012655161577,0
2023-01-01 23:53:00,501.2010817017888,20.24537567510224,0
2023-01-01 23:54:00,514.3750201926032,19.464545029714714,0
2023-01-01 23:55:00,532.3360047131223,17.098378462888718,0
2023-01-01 23:56:00,422.4011180829266,17.822341632332737,0
2023-01-01 23:57:00,478.20602498413047,18.683825293110072,0
2023-01-01 23:58:00,499.8760822583556,18.523168668007344,0
2023-01-01 23:59:00,511.39276879618365,17.9241012524033,0
2023-01-02 00:00:00,476.4706304883269,17.887987087948186,0
2023-01-02 00:01:00,514.3047591492458,19.550823769677265,0
2023-01-02 00:02:00,446.142397703894,19.438383982813466,0
2023-01-02 00:03:00,505.4752542408631,19.370126156935104,0
2023-01-02 00:04:00,516.5114356784969,20.303832309073197,0
2023-01-02 00:05:00,510.6248434445691,19.035829257931493,0
2023-01-02 00:06:00,427.1615656956761,20.292389180964797,0
2023-01-02 00:07:00,492.3920673054822,18.250594044440412,0
2023-01-02 00:08:00,504.4686703541547,20.416480192596598,0
2023-01-02 00:09:00,429.5968664852444,17.848209853630657,0
2023-01-02 00:10:00,552.5680257040968,18.417789121803608,0
2023-01-02 00:11:00,596.2421133463197,19.311622478998803,0
2023-01-02 00:12:00,502.6337904809328,18.763997235155067,0
2023-01-02 00:13:00,474.14077044381486,20.400988319027324,0
2023-01-02 00:14:00,538.9204495754047,18.659240563157375,0
2023-01-02 00:15:00,475.25688293331774,18.385117834630993,0
2023-01-02 00:16:00,562.7035514210796,18.71849479572636,0
2023-01-02 00:17:00,452.62924685553253,20.41890538371201,0
2023-01-02 00:18:00,446.13437697839674,18.213393189829134,0
2023-01-02 00:19:00,557.0597145513921,18.414314281317246,0
2023-01-02 00:20:00,446.34854437040565,18.053479213468528,0
2023-01-02 00:21:00,559.253185757784,18.093509931917882,0
2023-01-02 00:22:00,558.7471512578031,18.73698761810052,0
2023-01-02 00:23:00,526.8371614813972,19.24141696215908,0
2023-01-02 00:24:00,554.2978420772548,20.545898376991932,0
2023-01-02 00:25:00,525.9440033766513,21.8779264810639,0
2023-01-02 00:26:00,425.30863586007194,20.556058500414604,0
2023-01-02 00:27:00,541.9042285929528,21.571866720628087,0
2023-01-02 00:28:00,565.4941135219218,18.51786174655116,0
2023-01-02 00:29:00,549.2436966293368,20.016008317323646,0
2023-01-02 00:30:00,523.8736733336424,19.660190322702764,0
2023-01-02 00:31:00,523.4472838916406,18.601480470533303,0
2023-01-02 00:32:00,510.8497050149531,20.334957342978583,0
2023-01-02 00:33:00,490.49172694107057,20.18245083396782,0
2023-01-02 00:34:00,443.7991525122439,19.12870864684132,0
2023-01-02 00:35:00,508.0767482571857,18.30792168274333,0
2023-01-02 00:36:00,486.4353408856995,20.781935852735014,0
2023-01-02 00:37:00,556.4882777113655,20.002736507888798,0
2023-01-02 00:38:00,549.417400956481,20.533544626617832,0
2023-01-02 00:39:00,533.8277059537797,19.271380490130653,0
2023-01-02 00:40:00,564.4502415878055,20.69081210413409,0
2023-01-02 00:41:00,571.8117770883414,19.87759932490653,0
2023-01-02 00:42:00,458.0447888484392,19.10936206905014,0
2023-01-02 00:43:00,545.0725842707826,18.742122826331318,0
2023-01-02 00:44:00,542.9765934719696,18.855057376176333,0
2023-01-02 00:45:00,500.28420187608685,19.621360550859688,0
2023-01-02 00:46:00,534.956204349728,18.538522477108238,0
2023-01-02 00:47:00,532.3511991650844,19.280564798481706,0
2023-01-02 00:48:00,608.5659154472715,19.738341518706722,0
2023-01-02 00:49:00,563.3047825716295,18.377026391310626,0
2023-01-02 00:50:00,580.8209444684195,19.732805793967845,0
2023-01-02 00:51:00,646.0073412932297,19.30974404030885,0
2023-01-02 00:52:00,544.7040650883637,18.44171808011391,0
2023-01-02 00:53:00,461.7317416898064,19.53465622145601,0
2023-01-02 00:54:00,458.15631114159504,17.653560342301166,0
2023-01-02 00:55:00,573.0986668368731,17.65831394786102,0
2023-01-02 00:56:00,571.3597244487931,16.924776654792208,0
2023-01-02 00:57:00,449.2879741735164,19.004423964679493,0
2023-01-02 00:58:00,543.8316725683108,20.19736879847617,0
2023-01-02 00:59:00,509.5998590788942,17.307256719827276,0
2023-01-02 01:00:00,994.0707722809632,19.56186572660202,0
2023-01-02 01:01:00,569.2990858937278,18.53244779487394,0
2023-01-02 01:02:00,540.5862707331415,19.33534378528647,0
2023-01-02 01:03:00,522.862636237791,19.283091872194422,0
2023-01-02 01:04:00,552.7172963568244,19.71998750552874,0
2023-01-02 01:05:00,565.9209369457527,19.512244089788787,0
2023-01-02 01:06:00,515.056066980434,18.050981576592665,0
2023-01-02 01:07:00,523.8983833471173,15.99958807775224,0
2023-01-02 01:08:00,568.5100277462645,19.575445203128748,0
2023-01-02 01:09:00,455.33599120333497,20.26481994570411,0
2023-01-02 01:10:00,605.581844825944,17.373781371427622,0
2023-01-02 01:11:00,533.2531826492947,19.592576475781335,0
2023-01-02 01:12:00,520.6698343648144,19.671332496037003,0
2023-01-02 01:13:00,598.8054557515743,20.94571554667006,0
2023-01-02 01:14:00,613.8868884896481,20.32830592842571,0
2023-01-02 01:15:00,505.4809042274439,18.92399257961984,0
2023-01-02 01:16:00,589.4095465466642,20.236213086018374,0
2023-01-02 01:17:00,564.4854955466334,21.218026183979248,0
2023-01-02 01:18:00,539.8862173628717,19.008638815776493,0
2023-01-02 01:19:00,545.2078566865267,19.41197521577789,0
2023-01-02 01:20:00,540.9488268311716,20.9295896265941,0
2023-01-02 01:21:00,622.3332902109817,18.185402166530874,0
2023-01-02 01:22:00,595.0271311779125,21.454338735227346,0
2023-01-02 01:23:00,558.6136163742182,18.717074042058808,0
2023-01-02 01:24:00,642.4927712891696,19.157030500260245,0
2023-01-02 01:25:00,644.7777831703326,18.0026468506566,0
2023-01-02 01:26:00,540.0357067028267,18.76459639774434,0
2023-01-02 01:27:00,479.8116638424235,19.38764914310961,0
2023-01-02 01:28:00,551.7097511918552,19.185098307948053,0
2023-01-02 01:29:00,549.3903947164621,20.978719424982188,0
2023-01-02 01:30:00,549.1841532260568,18.58390628482097,0
2023-01-02 01:31:00,593.3229542415575,18.080750960836912,0
2023-01-02 01:32:00,558.2694548269585,18.518953650158444,0
2023-01-02 01:33:00,520.0024383541305,17.085131943849397,0
2023-01-02 01:34:00,513.7113536886964,19.10219902854721,0
2023-01-02 01:35:00,577.1035509186497,19.03360574732652,0
2023-01-02 01:36:00,544.1999108159771,18.004749109371787,0
2023-01-02 01:37:00,647.9645747901463,20.106548920470498,0
2023-01-02 01:38:00,558.4632130058563,19.31707448711391,0
2023-01-02 01:39:00,620.1122862297623,21.655494839461994,0
2023-01-02 01:40:00,507.07020992172255,17.792091143063033,0
2023-01-02 01:41:00,571.2596550446272,18.042788159535025,0
2023-01-02 01:42:00,621.7507647273868,19.2578600170894,0
2023-01-02 01:43:00,551.486811602738,17.308615215731592,0
2023-01-02 01:44:00,639.9062639809185,18.110928687407963,0
2023-01-02 01:45:00,590.6467155828217,19.88440003152217,0
2023-01-02 01:46:00,592.6994279636201,20.517009767206666,0
2023-01-02 01:47:00,560.2968549236775,20.73343550045292,0
2023-01-02 01:48:00,606.6083462034521,17.863900233840546,0
2023-01-02 01:49:00,689.3261097044976,20.364076489123676,0
2023-01-02 01:50:00,612.9474310093949,19.197982070321785,0
2023-01-02 01:51:00,514.5238868122198,16.968225255775447,0
2023-01-02 01:52:00,639.7249285718794,18.053047892569605,0
2023-01-02 01:53:00,649.1512339468183,19.784665319816977,0
2023-01-02 01:54:00,530.2653575962499,19.012310233561617,0
2023-01-02 01:55:00,577.7012986677908,17.265795197500392,0
2023-01-02 01:56:00,670.9684835947357,17.502336992787175,0
2023-01-02 01:57:00,647.602982998348,19.89731079848287,0
2023-01-02 01:58:00,627.0992769319599,19.99754076727697,0
2023-01-02 01:59:00,674.0123644529207,19.1601196657468,0
2023-01-02 02:00:00,572.321703341076,20.02592580079417,0
2023-01-02 02:01:00,491.2777833116247,19.4300715810585,0
2023-01-02 02:02:00,518.5750406712257,18.097356141554314,0
2023-01-02 02:03:00,630.7423832242332,20.434102042050647,0
2023-01-02 02:04:00,526.8079600019621,20.095302114118052,0
2023-01-02 02:05:00,616.0510095211542,16.774415612173286,0
2023-01-02 02:06:00,690.1021902957086,19.333408173964543,0
2023-01-02 02:07:00,552.7808192776969,16.492750385091604,0
2023-01-02 02:08:00,636.612922363877,18.834441421394427,0
2023-01-02 02:09:00,617.0159979061193,19.86920657889332,0
2023-01-02 02:10:00,694.3740857280843,18.44110738493894,0
2023-01-02 02:11:00,694.6359369992871,18.002867874094832,0
2023-01-02 02:12:00,574.1813920393402,18.2811710685394,0
2023-01-02 02:13:00,598.2726988827743,19.877636829712976,0
2023-01-02 02:14:00,522.9059588092238,19.390026360270003,0
2023-01-02 02:15:00,677.7223860943483,19.099037444669122,0
2023-01-02 02:16:00,631.2302569208589,17.390848853371736,0
2023-01-02 02:17:00,598.1453222235109,17.790287296191323,0
2023-01-02 02:18:00,628.0120193407446,16.621249614947587,0
2023-01-02 02:19:00,706.6882643564649,18.801579664173246,0
2023-01-02 02:20:00,557.0122906445188,19.338045792208217,0
2023-01-02 02:21:00,597.8211842707706,18.613979745980224,0
2023-01-02 02:22:00,543.1839296284601,18.60207742025435,0
2023-01-02 02:23:00,617.6840712577133,17.892792139417555,0
2023-01-02 02:24:00,730.1294068161698,18.958674965387434,0
2023-01-02 02:25:00,580.8273293505325,18.593389325008168,0
2023-01-02 02:26:00,568.3618129970617,18.8145969881261,0
2023-01-02 02:27:00,607.5801049512273,18.49609813738278,0
2023-01-02 02:28:00,632.2691023139405,19.755803375880657,0
2023-01-02 02:29:00,642.4655833013418,18.064088821323804,0
2023-01-02 02:30:00,586.7451774505337,19.6155921504195,0
2023-01-02 02:31:00,743.0816093909832,17.08466234976592,0
2023-01-02 02:32:00,750.2572865306913,16.77002963691348,0
2023-01-02 02:33:00,612.5634988131388,17.799542320969376,0
2023-01-02 02:34:00,583.2615833103984,17.341675472681406,0
2023-01-02 02:35:00,591.0130256918446,18.062861263315433,0
2023-01-02 02:36:00,605.3185264555983,18.003430829105465,0
2023-01-02 02:37:00,560.7665074967036,18.402599342536664,0
2023-01-02 02:38:00,607.3610316086852,18.985318816253844,0
2023-01-02 02:39:00,581.9855979700961,18.89665425221997,0
2023-01-02 02:40:00,1163.5499522331465,19.67567112195321,0
2023-01-02 02:41:00,671.9325223028711,19.227690959203933,0
2023-01-02 02:42:00,580.1309389861461,18.736472771760575,0
2023-01-02 02:43:00,631.0615124424609,16.724020739147935,0
2023-01-02 02:44:00,595.1225216112787,15.875607790120268,0
2023-01-02 02:45:00,735.0817122171436,19.00221338516711,0
2023-01-02 02:46:00,658.3547746665845,20.56243101462587,0
2023-01-02 02:47:00,730.9112515986048,19.561590727476734,0
2023-01-02 02:48:00,575.7531951633714,19.15151807262736,0
2023-01-02 02:49:00,710.5402035091549,18.721989889374065,0
2023-01-02 02:50:00,699.0526039911331,18.298450206018995,0
2023-01-02 02:51:00,625.2941056101711,17.32117752211301,0
2023-01-02 02:52:00,683.7254364797332,19.375653123573642,0
2023-01-02 02:53:00,631.5961129153242,19.441598650058463,0
2023-01-02 02:54:00,593.4748407400468,19.15045519194242,0
2023-01-02 02:55:00,605.6037688962986,17.917724417043818,0
2023-01-02 02:56:00,672.1813351181493,19.47356401737717,0
2023-01-02 02:57:00,562.0603670083077,17.56887112831992,0
2023-01-02 02:58:00,652.8719493428072,18.038808851693855,0
2023-01-02 02:59:00,670.277237692576,17.694085893359137,0
2023-01-02 03:00:00,670.077267955442,18.91081413025192,0
2023-01-02 03:01:00,628.73358847932,19.422466771844498,0
2023-01-02 03:02:00,695.7416703561063,19.080736942768812,0
2023-01-02 03:03:00,624.484057403006,17.872797824951526,0
2023-01-02 03:04:00,718.844449869037,17.142001864060767,0
2023-01-02 03:05:00,580.4729772454514,16.199702489540226,0
2023-01-02 03:06:00,666.802595378306,18.289254219041872,0
2023-01-02 03:07:00,585.0010183106134,20.042547576906426,0
2023-01-02 03:08:00,658.3753293948372,17.639923196085284,0
2023-01-02 03:09:00,641.6034988796795,18.6690481732651,0
2023-01-02 03:10:00,540.7165333553701,19.804247097500742,0
2023-01-02 03:11:00,631.3269175601253,16.272794486736395,0
2023-01-02 03:12:00,631.3321537282145,19.92795680831297,0
2023-01-02 03:13:00,647.8692381236724,19.667271200845715,0
2023-01-02 03:14:00,640.4102881318172,18.64741439287007,0
2023-01-02 03:15:00,594.0012019557104,19.12861054132119,0
2023-01-02 03:16:00,616.6653693777907,17.634075546263514,0
2023-01-02 03:17:00,549.5525057471448,17.576791570800115,0
2023-01-02 03:18:00,620.5499997931869,19.26796862970986,0
2023-01-02 03:19:00,669.1807631335705,17.21925132454525,0
2023-01-02 03:20:00,716.7440327610358,18.905005646235356,0
2023-01-02 03:21:00,674.2336596597113,19.155329198229094,0
2023-01-02 03:22:00,637.4192375246064,17.808636071476496,0
2023-01-02 03:23:00,587.8356898246715,16.72686824353965,0
2023-01-02 03:24:00,700.0882866427454,18.301869649275694,0
2023-01-02 03:25:00,568.8028778594728,17.80281554228878,0
2023-01-02 03:26:00,607.9119553397456,18.782786775253197,0
2023-01-02 03:27:00,688.2998327208682,19.240372749477626,0
2023-01-02 03:28:00,687.942657725343,20.281576499108343,0
2023-01-02 03:29:00,654.5511982707125,17.279767647043144,0
2023-01-02 03:30:00,593.1114617857623,17.61164157874837,0
2023-01-02 03:31:00,744.4441419001304,17.113027601860455,0
2023-01-02 03:32:00,741.1203056985785,19.492214360126507,0
2023-01-02 03:33:00,728.5039641861443,19.69215889485812,0
2023-01-02 03:34:00,642.847809620751,16.705747192179917,0
2023-01-02 03:35:00,732.5159170395473,20.547014120196135,0
2023-01-02 03:36:00,708.6505817113483,16.75443601521077,0
2023-01-02 03:37:00,623.6243580286557,19.486334074027535,0
2023-01-02 03:38:00,674.2353838185945,19.385077425724536,0
2023-01-02 03:39:00,632.9218487325385,18.213231645177938,0
2023-01-02 03:40:00,674.4079051935893,18.654788360964503,0
2023-01-02 03:41:00,670.9262515023887,18.536512362275044,0
2023-01-02 03:42:00,678.8853934643317,17.579950750405835,0
2023-01-02 03:43:00,634.0092376914349,18.77560800729101,0
2023-01-02 03:44:00,613.5322498569288,17.84779049550375,0
2023-01-02 03:45:00,715.6273239579766,17.960691783362062,0
2023-01-02 03:46:00,691.392891793972,19.57542014788942,0
2023-01-02 03:47:00,638.5055059866414,19.097072173624383,0
2023-01-02 03:48:00,765.626301701165,18.285870919598523,0
2023-01-02 03:49:00,661.8351617074572,18.317782258470643,0
2023-01-02 03:50:00,696.9340954010124,17.65941299352769,0
2023-01-02 03:51:00,615.8548637553984,18.98499960918579,0
2023-01-02 03:52:00,648.9285562305395,18.001574013451805,0
2023-01-02 03:53:00,620.3543027264733,20.07927704613305,0
2023-01-02 03:54:00,552.2318354729153,18.775492486277898,0
2023-01-02 03:55:00,671.6588823155764,18.8980459220163,0
2023-01-02 03:56:00,650.9730213395954,18.286618687768957,0
2023-01-02 03:57:00,741.7948937790288,17.808463192274562,0
2023-01-02 03:58:00,662.9672388734493,18.83297641981445,0
2023-01-02 03:59:00,685.9139763062914,18.947322578190054,0
2023-01-02 04:00:00,727.4452908297586,19.251773355482207,0
2023-01-02 04:01:00,708.3944123988515,17.389456025108764,0
2023-01-02 04:02:00,674.0060619486271,19.091667244043386,0
2023-01-02 04:03:00,614.0739656934728,17.436389637802414,0
2023-01-02 04:04:00,703.6625621982542,19.10355500248395,0
2023-01-02 04:05:00,766.593674177994,16.581728999555075,0
2023-01-02 04:06:00,694.3929320998222,19.242888915020554,0
2023-01-02 04:07:00,618.3833581466644,17.99159421940573,0
2023-01-02 04:08:00,804.003095807646,19.4478768320354,0
2023-01-02 04:09:00,725.9543938498202,16.772464210657336,0
2023-01-02 04:10:00,736.2638308751416,19.40213695597124,0
2023-01-02 04:11:00,631.1317537040887,18.02422536100216,0
2023-01-02 04:12:00,746.7943472022755,18.613076423255073,0
2023-01-02 04:13:00,677.5719464309706,17.28757828958827,0
2023-01-02 04:14:00,654.8148746574477,17.99062738688078,0
2023-01-02 04:15:00,584.9231394879781,19.54557835190599,0
2023-01-02 04:16:00,692.6274462328299,17.512189957783466,0
2023-01-02 04:17:00,702.0095352533174,18.57935648550847,0
2023-01-02 04:18:00,730.2313945401637,17.138710670158762,0
2023-01-02 04:19:00,747.5633108142247,19.187159177553077,0
2023-01-02 04:20:00,1213.6905344963573,18.62476777280159,0
2023-01-02 04:21:00,657.4515809161472,18.40898418898922,0
2023-01-02 04:22:00,688.6085343202361,17.941488710349624,0
2023-01-02 04:23:00,676.7330616242,18.628984791028646,0
2023-01-02 04:24:00,681.9105451385906,17.91485190266201,0
2023-01-02 04:25:00,747.2865777480167,16.340056246097433,0
2023-01-02 04:26:00,722.2313238210693,17.893057692070492,0
2023-01-02 04:27:00,697.3218082388307,16.329315218319167,0
2023-01-02 04:28:00,664.4560652898516,19.483522467237723,0
2023-01-02 04:29:00,678.3743567472703,15.615317171230782,0
2023-01-02 04:30:00,700.6630106557045,17.760392440429165,0
2023-01-02 04:31:00,682.4727771562067,16.912423619904757,0
2023-01-02 04:32:00,739.1507317544927,17.8475995529978,0
2023-01-02 04:33:00,706.1160818734504,16.701295059919364,0
2023-01-02 04:34:00,639.8351081210315,17.97270038106251,0
2023-01-02 04:35:00,764.1115076101119,17.307482379187675,0
2023-01-02 04:36:00,655.4526923152441,16.551758004497643,0
2023-01-02 04:37:00,674.2198997844573,17.81471755001109,0
2023-01-02 04:38:00,653.0345456622781,19.427386196211284,0
2023-01-02 04:39:00,712.1883567421319,19.00676885944635,0
2023-01-02 04:40:00,689.0925501286521,17.25777234616411,0
2023-01-02 04:41:00,674.9210853882736,20.030321995288944,0
2023-01-02 04:42:00,675.7677853053941,18.5611435312042,0
2023-01-02 04:43:00,713.1747616889935,17.586344903912963,0
2023-01-02 04:44:00,609.2762250904365,17.456978444376038,0
2023-01-02 04:45:00,617.0341453918807,18.040086996759516,0
2023-01-02 04:46:00,633.9256379921319,19.359189153592176,0
2023-01-02 04:47:00,794.739243645787,19.129141029640387,0
2023-01-02 04:48:00,671.8570458802814,16.324323476970314,0
2023-01-02 04:49:00,733.2612678538369,17.698399142799776,0
2023-01-02 04:50:00,704.5371430492715,18.414079636475588,0
2023-01-02 04:51:00,667.4517488517454,16.969809974886253,0
2023-01-02 04:52:00,677.5070203472524,17.750263526141104,0
2023-01-02 04:53:00,678.5363839094208,17.605804955935284,0
2023-01-02 04:54:00,657.9767265825459,17.18415572020734,0
2023-01-02 04:55:00,775.6705066918837,15.87608095084901,0
2023-01-02 04:56:00,764.6080546984948,17.895737921102686,0
2023-01-02 04:57:00,689.6062487811628,18.499508698075175,0
2023-01-02 04:58:00,711.5647151332585,16.468564466645407,0
2023-01-02 04:59:00,709.8220047091487,17.9224484718942,0
2023-01-02 05:00:00,619.0953747971352,16.886766262314726,0
2023-01-02 05:01:00,710.2592018881771,19.72688018677543,0
2023-01-02 05:02:00,637.7593176328278,17.294309555171665,0
2023-01-02 05:03:00,663.2873278628658,18.33761757190438,0
2023-01-02 05:04:00,684.0508180514207,16.774724345871757,0
2023-01-02 05:05:00,827.0589125663188,18.11111931406825,0
2023-01-02 05:06:00,685.1305169215707,18.34409328633668,0
2023-01-02 05:07:00,700.1984730734016,19.25739865814198,0
2023-01-02 05:08:00,695.9690783816225,19.899906288711065,0
2023-01-02 05:09:00,809.7663509907464,18.991130645579435,0
2023-01-02 05:10:00,623.361115234449,18.37463966916903,0
2023-01-02 05:11:00,728.2245171279585,16.836793609558796,0
2023-01-02 05:12:00,710.0155660470353,17.683767241273262,0
2023-01-02 05:13:00,753.2507853075457,18.67554666874792,0
2023-01-02 05:14:00,694.2002317051576,17.39690454507033,0
2023-01-02 05:15:00,774.5402297765208,18.148809223634302,0
2023-01-02 05:16:00,767.8369056706945,17.04400774685741,0
2023-01-02 05:17:00,717.010941353263,18.599400270719286,0
2023-01-02 05:18:00,660.4933418969367,17.40051037620213,0
2023-01-02 05:19:00,699.161548786032,17.211911352736692,0
2023-01-02 05:20:00,763.875220263483,16.940662344121005,0
2023-01-02 05:21:00,742.4392994243301,17.86085323400304,0
2023-01-02 05:22:00,696.433352835417,18.220315059500592,0
2023-01-02 05:23:00,693.9920380338507,18.431896965188415,0
2023-01-02 05:24:00,752.2578179555778,17.505150730817444,0
2023-01-02 05:25:00,700.9894400334437,17.165789164769865,0
2023-01-02 05:26:00,662.9612466542079,18.698224613049067,0
2023-01-02 05:27:00,730.3664266454177,17.294708099012094,0
2023-01-02 05:28:00,700.9824925664292,17.584229914988647,0
2023-01-02 05:29:00,643.6848004785398,17.717179245956963,0
2023-01-02 05:30:00,735.3606092167955,18.34212537832652,0
2023-01-02 05:31:00,720.1875735054593,17.89750617838552,0
2023-01-02 05:32:00,691.7524991640105,18.890775765712164,0
2023-01-02 05:33:00,705.8062691151584,16.165774935657822,0
2023-01-02 05:34:00,700.8156836167418,17.52993487180819,0
2023-01-02 05:35:00,627.2476455659988,16.085947929631725,0
2023-01-02 05:36:00,685.8435809745766,17.153471083186652,0
2023-01-02 05:37:00,779.8763876654207,17.529942090779418,0
2023-01-02 05:38:00,663.1673396240159,19.13996535260304,0
2023-01-02 05:39:00,704.9948082239623,17.442800991987784,0
2023-01-02 05:40:00,750.4184474388204,18.20895509910699,0
2023-01-02 05:41:00,693.3066720835327,17.568557450865413,0
2023-01-02 05:42:00,719.8420984031952,18.073563551299795,0
2023-01-02 05:43:00,735.861071441414,16.410572533638113,0
2023-01-02 05:44:00,645.5578319560723,16.93073407579738,0
2023-01-02 05:45:00,762.5822967018812,17.142247081117873,0
2023-01-02 05:46:00,683.1106372258131,18.78685531565282,0
2023-01-02 05:47:00,571.0481975339636,18.269888481647858,0
2023-01-02 05:48:00,632.4383989114556,17.044306669766865,0
2023-01-02 05:49:00,699.394633126402,18.558223619898587,0
2023-01-02 05:50:00,654.7938642441242,17.995898286452803,0
2023-01-02 05:51:00,727.2385149389604,16.05242316228342,0
2023-01-02 05:52:00,766.4268155712557,17.4384431753438,0
2023-01-02 05:53:00,645.9372747368318,16.759814613420925,0
2023-01-02 05:54:00,677.7242090613715,17.657477498919743,0
2023-01-02 05:55:00,707.8285154983203,18.57472173014328,0
2023-01-02 05:56:00,720.5899705474304,17.488395922008475,0
2023-01-02 05:57:00,696.4053445952746,18.7568399756996,0
2023-01-02 05:58:00,735.8682455865619,17.77834813112518,0
2023-01-02 05:59:00,777.9334985044835,17.25712580993012,0
2023-01-02 06:00:00,1293.8509302991883,17.03347323737443,0
2023-01-02 06:01:00,664.6994546597723,18.28479767862429,0
2023-01-02 06:02:00,586.1163940264589,18.060259979850837,0
2023-01-02 06:03:00,859.1177094783818,16.2196922302554,0
2023-01-02 06:04:00,769.3007232679456,17.30015709025623,0
2023-01-02 06:05:00,738.2379512180121,16.570182234967504,0
2023-01-02 06:06:00,771.3546128902289,19.081003241049835,0
2023-01-02 06:07:00,703.741369914995,16.405043617823353,0
2023-01-02 06:08:00,686.7449056796197,18.750638682337527,0
2023-01-02 06:09:00,678.870986448236,16.101320763495405,0
2023-01-02 06:10:00,674.926950603482,16.109999344755302,0
2023-01-02 06:11:00,820.9596152548088,17.86606531674863,0
2023-01-02 06:12:00,610.2708673596774,17.19254378359926,0
2023-01-02 06:13:00,661.1645239835759,20.01923145097926,0
2023-01-02 06:14:00,743.44005938372,19.30690163501866,0
2023-01-02 06:15:00,542.2737799626702,16.697482578770273,0
2023-01-02 06:16:00,729.7807304716937,18.01085709939057,0
2023-01-02 06:17:00,634.3711732024211,17.931143133557985,0
2023-01-02 06:18:00,769.7507847049617,18.055094720300644,0
2023-01-02 06:19:00,610.9231114551386,18.63969345252893,0
2023-01-02 06:20:00,679.005108340924,17.179143821302503,0
2023-01-02 06:21:00,806.8812652188866,16.651943081326813,0
2023-01-02 06:22:00,630.7161730529261,15.965011619087647,0
2023-01-02 06:23:00,803.2023221942783,16.892590019815692,0
2023-01-02 06:24:00,815.0374818334318,17.293857538128098,0
2023-01-02 06:25:00,790.3453702987969,16.984904444694422,0
2023-01-02 06:26:00,739.352984859709,17.395247909570266,0
2023-01-02 06:27:00,773.3653668977894,18.21083521355816,0
2023-01-02 06:28:00,638.97519777241,17.48784742307729,0
2023-01-02 06:29:00,775.76248143643,17.10241944970809,0
2023-01-02 06:30:00,658.7435232423219,16.346981939398972,0
2023-01-02 06:31:00,769.8445652743255,17.564803740333666,0
2023-01-02 06:32:00,643.7949306486146,17.474868232261507,0
2023-01-02 06:33:00,674.9073984235927,18.20519981263076,0
2023-01-02 06:34:00,655.3429893624971,19.658490739757966,0
2023-01-02 06:35:00,655.1957858251246,16.791493424371772,0
2023-01-02 06:36:00,788.6458653752799,16.663213881020912,0
2023-01-02 06:37:00,691.8269718554843,17.84103849145623,0
2023-01-02 06:38:00,730.4645940202195,18.35077104219967,0
2023-01-02 06:39:00,833.645323941988,17.135722080591492,0
2023-01-02 06:40:00,728.2215868325338,17.650432237483358,0
2023-01-02 06:41:00,694.1646646233843,16.03302273418543,0
2023-01-02 06:42:00,626.1369890717324,18.39723663989227,0
2023-01-02 06:43:00,761.569377681834,16.94036089119395,0
2023-01-02 06:44:00,725.6923217680388,17.635035533342283,0
2023-01-02 06:45:00,750.2190875597711,17.33710556155511,0
2023-01-02 06:46:00,671.86434587923,17.282369453455626,0
2023-01-02 06:47:00,661.4452865791552,16.21924674437558,0
2023-01-02 06:48:00,742.8088624354658,18.53661010848996,0
2023-01-02 06:49:00,639.0013138363075,16.126399105185808,0
2023-01-02 06:50:00,616.2785427992927,17.85897777956358,0
2023-01-02 06:51:00,708.5663879789049,17.982373460526155,0
2023-01-02 06:52:00,742.1674999093245,19.584096222542676,0
2023-01-02 06:53:00,680.1610182225594,16.99455852145356,0
2023-01-02 06:54:00,647.72696486112,16.48215142455897,0
2023-01-02 06:55:00,707.9370183098466,16.7007964754085,0
2023-01-02 06:56:00,705.2902620532964,15.730755897302341,0
2023-01-02 06:57:00,665.2599382798726,16.963783220023874,0
2023-01-02 06:58:00,657.8168131130691,18.112325143600145,0
2023-01-02 06:59:00,814.1709477224699,17.24019587764503,0
2023-01-02 07:00:00,647.9133191893794,15.529603687394689,0
2023-01-02 07:01:00,659.9347109416659,16.865109468609596,0
2023-01-02 07:02:00,691.2539376162116,13.823357797137877,0
2023-01-02 07:03:00,801.931216609396,17.490994442338238,0
2023-01-02 07:04:00,734.4299786211648,17.120817719327093,0
2023-01-02 07:05:00,657.2349164556523,15.595780952902336,0
2023-01-02 07:06:00,698.3924505363641,16.988301307497526,0
2023-01-02 07:07:00,696.207571915114,16.46542022622323,0
2023-01-02 07:08:00,622.8964532788167,16.209860642860292,0
2023-01-02 07:09:00,682.1913458391631,18.95092918396723,0
2023-01-02 07:10:00,673.0131142104109,18.906600669081943,0
2023-01-02 07:11:00,692.8544653122107,17.465407105862013,0
2023-01-02 07:12:00,663.1276345468307,18.367258078030396,0
2023-01-02 07:13:00,631.9550427035896,16.931679656227278,0
2023-01-02 07:14:00,677.6988179456049,17.944915189851006,0
2023-01-02 07:15:00,759.0761025682887,15.854684578318437,0
2023-01-02 07:16:00,587.3156752534327,16.568059958995093,0
2023-01-02 07:17:00,633.0128939717908,16.981949375064534,0
2023-01-02 07:18:00,682.3491606185349,15.463584793911824,0
2023-01-02 07:19:00,691.8154081782125,16.613258280390802,0
2023-01-02 07:20:00,760.2165710581186,16.416448904542854,0
2023-01-02 07:21:00,680.6149973393052,17.513225803943136,0
2023-01-02 07:22:00,639.8223199883603,17.225763235224434,0
2023-01-02 07:23:00,736.1714579683962,17.093902389255774,0
2023-01-02 07:24:00,597.0135245826865,17.372149196670552,0
2023-01-02 07:25:00,698.5830226436383,19.070536982966235,0
2023-01-02 07:26:00,766.4821746573933,16.39119599667997,0
2023-01-02 07:27:00,744.3407315023147,18.420281838865396,0
2023-01-02 07:28:00,603.8378291448398,16.678105931940326,0
2023-01-02 07:29:00,599.5863890125229,18.14587871717722,0
2023-01-02 07:30:00,711.7408146193922,16.23015683998104,0
2023-01-02 07:31:00,663.0826649167583,15.892229464865823,0
2023-01-02 07:32:00,734.8871818162179,16.578811030821257,0
2023-01-02 07:33:00,667.2745388022081,17.10100659148429,0
2023-01-02 07:34:00,691.7308930519698,18.531093593092862,0
2023-01-02 07:35:00,587.2482276036894,18.118623982537475,0
2023-01-02 07:36:00,691.6808337402679,17.609761590220653,0
2023-01-02 07:37:00,692.409172949228,17.833899555264164,0
2023-01-02 07:38:00,599.3876369203956,17.81297763644881,0
2023-01-02 07:39:00,617.313610247789,19.177891920700446,0
2023-01-02 07:40:00,1241.9319311074576,17.72338522807276,0
2023-01-02 07:41:00,684.591831017328,17.012945936595354,0
2023-01-02 07:42:00,654.3941071620477,16.3990551412723,0
2023-01-02 07:43:00,618.1531804603857,16.46766577367169,0
2023-01-02 07:44:00,717.5899719594677,15.419617776339823,0
2023-01-02 07:45:00,691.9788157430194,17.10316752646261,0
2023-01-02 07:46:00,645.5214882043414,16.67349533794934,0
2023-01-02 07:47:00,623.2548555527858,15.69664800586585,0
2023-01-02 07:48:00,633.4236392977358,16.424240370254374,0
2023-01-02 07:49:00,752.9144315753565,16.85505797324598,0
2023-01-02 07:50:00,721.1691846731823,18.044998371412312,0
2023-01-02 07:51:00,675.006701515345,15.084608493403373,0
2023-01-02 07:52:00,630.6670731336528,14.85630841248366,0
2023-01-02 07:53:00,814.7817205599458,14.936755298090219,0
2023-01-02 07:54:00,721.8041383781131,17.89818600044034,0
2023-01-02 07:55:00,655.2598936612811,15.535138196512257,0
2023-01-02 07:56:00,592.7378734520602,15.224779469888443,0
2023-01-02 07:57:00,566.1885093043968,17.149908976740996,0
2023-01-02 07:58:00,609.002947185073,18.354298203530902,0
2023-01-02 07:59:00,651.9572701705309,16.013192414062082,0
2023-01-02 08:00:00,611.8709942098983,18.13865374679325,0
2023-01-02 08:01:00,598.986725540496,17.092447131989644,0
2023-01-02 08:02:00,663.8914036073727,16.38988078538753,0
2023-01-02 08:03:00,726.8713725016429,16.01768001234972,0
2023-01-02 08:04:00,737.317684294256,18.225072327468474,0
2023-01-02 08:05:00,684.2611406991028,16.130569673703224,0
2023-01-02 08:06:00,709.0161107092986,17.939892723988194,0
2023-01-02 08:07:00,752.7743705497221,15.397987412606122,0
2023-01-02 08:08:00,730.849113388432,14.424598598011796,0
2023-01-02 08:09:00,623.0274366567774,16.560303921776484,0
2023-01-02 08:10:00,677.6546276536195,15.978500384978075,0
2023-01-02 08:11:00,705.8282981515117,15.454322240008395,0
2023-01-02 08:12:00,578.3564473492247,18.73633134122197,0
2023-01-02 08:13:00,715.7010632525343,17.86451682040257,0
2023-01-02 08:14:00,778.5252470872683,16.65211781741073,0
2023-01-02 08:15:00,711.268606028161,17.41836838979039,0
2023-01-02 08:16:00,713.2329769825359,16.506680466508968,0
2023-01-02 08:17:00,617.9483896549427,15.561862185670897,0
2023-01-02 08:18:00,654.3221678320675,16.660255238155003,0
2023-01-02 08:19:00,712.3748035706234,16.889478447042862,0
2023-01-02 08:20:00,652.7643476602018,16.76564764443755,0
2023-01-02 08:21:00,746.7809798891474,18.30962791117067,0
2023-01-02 08:22:00,671.7839560664352,17.561184365814004,0
2023-01-02 08:23:00,645.2499250233765,18.684546923446007,0
2023-01-02 08:24:00,648.1090559273931,15.46199467862624,0
2023-01-02 08:25:00,635.5159390124534,16.06765155345285,0
2023-01-02 08:26:00,640.0705881424042,17.34072868002886,0
2023-01-02 08:27:00,560.5719754993117,18.101594263202834,0
2023-01-02 08:28:00,645.7630568872484,17.481072008385787,0
2023-01-02 08:29:00,569.0848606012862,17.418107562874614,0
2023-01-02 08:30:00,656.5351304450655,15.620527924758987,0
2023-01-02 08:31:00,691.0885111136367,17.63522411399208,0
2023-01-02 08:32:00,646.0592254420031,16.26016352299479,0
2023-01-02 08:33:00,695.7913798769699,17.15382453432958,0
2023-01-02 08:34:00,606.9681511143982,16.69855139494937,0
2023-01-02 08:35:00,622.6639973157942,17.51670974583049,0
2023-01-02 08:36:00,680.570209774061,16.143470507056854,0
2023-01-02 08:37:00,678.0387787239457,16.208050772932587,0
2023-01-02 08:38:00,573.3484657994862,15.942748675902445,0
2023-01-02 08:39:00,620.212839737075,15.942402916584125,0
2023-01-02 08:40:00,629.7096305075665,15.635373492664755,0
2023-01-02 08:41:00,591.7053767402488,15.976198980145988,0
2023-01-02 08:42:00,660.6746978760705,16.114033774082344,0
2023-01-02 08:43:00,671.1753826385456,17.092026872221723,0
2023-01-02 08:44:00,611.5359208990511,18.521164341594986,0
2023-01-02 08:45:00,633.0594564467452,16.435152000214206,0
2023-01-02 08:46:00,629.9218277638905,16.633083672776742,0
2023-01-02 08:47:00,680.0072445803015,17.850682433257504,0
2023-01-02 08:48:00,675.1486127078988,17.33465680124884,0
2023-01-02 08:49:00,579.8727861687717,16.391114054699905,0
2023-01-02 08:50:00,642.8418831446967,15.520532865419478,0
2023-01-02 08:51:00,591.6698591245588,16.921128531656773,0
2023-01-02 08:52:00,658.7682976031634,15.998815540370167,0
2023-01-02 08:53:00,711.6284091387436,16.289002772418122,0
2023-01-02 08:54:00,604.737708275347,14.91604875594701,0
2023-01-02 08:55:00,590.9647994259727,15.578948735074047,0
2023-01-02 08:56:00,712.0940124296693,16.304690922837075,0
2023-01-02 08:57:00,669.2296513590766,16.889125173737487,0
2023-01-02 08:58:00,583.6267602841832,14.805427642363416,0
2023-01-02 08:59:00,696.2108379956608,16.61986067248895,0
2023-01-02 09:00:00,582.9754751882426,15.148052014813095,0
2023-01-02 09:01:00,624.579777815501,15.734512846879953,0
2023-01-02 09:02:00,705.2350558872754,17.239976433925417,0
2023-01-02 09:03:00,613.0803449766992,18.132577853892435,0
2023-01-02 09:04:00,636.376253752377,15.296076589679314,0
2023-01-02 09:05:00,646.8611515964521,17.318156837084686,0
2023-01-02 09:06:00,679.8102762206976,15.563849192597038,0
2023-01-02 09:07:00,656.6929635835161,16.110691694359087,0
2023-01-02 09:08:00,609.2278182983306,16.187954101816196,0
2023-01-02 09:09:00,615.8255854187439,15.535535558797454,0
2023-01-02 09:10:00,706.2645389903709,15.64080429776648,0
2023-01-02 09:11:00,628.2709715587539,16.144628205959375,0
2023-01-02 09:12:00,564.1571457147943,15.299014509043907,0
2023-01-02 09:13:00,611.702038538348,17.206717233423134,0
2023-01-02 09:14:00,623.3329354695072,15.623237862999009,0
2023-01-02 09:15:00,575.4074326364953,17.723954403466184,0
2023-01-02 09:16:00,660.8765888700777,15.994522331366968,0
2023-01-02 09:17:00,585.7009199467858,15.2802169505217,0
2023-01-02 09:18:00,694.3942676016399,14.319836840855578,0
2023-01-02 09:19:00,640.7984061437868,18.9013312959384,0
2023-01-02 09:20:00,1214.1469951875301,17.690026818799986,0
2023-01-02 09:21:00,664.6747261525514,15.026428280144085,0
2023-01-02 09:22:00,581.3633621591429,17.088822515070554,0
2023-01-02 09:23:00,606.133017064721,14.994061093268648,0
2023-01-02 09:24:00,653.3797671531147,15.089773877180287,0
2023-01-02 09:25:00,604.5056204711632,15.798016455708634,0
2023-01-02 09:26:00,662.0322879811888,16.795355764152724,0
2023-01-02 09:27:00,545.2671458909106,15.531150168037113,0
2023-01-02 09:28:00,613.2251800837734,15.141730187250918,0
2023-01-02 09:29:00,641.0470559807736,16.559824036525953,0
2023-01-02 09:30:00,618.7074812448138,16.126292515804895,0
2023-01-02 09:31:00,590.2370950823868,15.895375489821301,0
2023-01-02 09:32:00,615.1827542863103,15.452409068454221,0
2023-01-02 09:33:00,545.3469151114716,16.30157518908045,0
2023-01-02 09:34:00,548.0881078754073,14.72457038472091,0
2023-01-02 09:35:00,676.7100647366099,15.961942003882047,0
2023-01-02 09:36:00,568.4578628290994,16.08456764918999,0
2023-01-02 09:37:00,570.7063582549113,16.503549918479262,0
2023-01-02 09:38:00,642.3853338800827,14.678032050133773,0
2023-01-02 09:39:00,603.9117950076501,15.711021598758034,0
2023-01-02 09:40:00,564.6224672884872,16.350823093157036,0
2023-01-02 09:41:00,660.3500018294981,15.833798074149803,0
2023-01-02 09:42:00,646.0866280682774,15.18111977933012,0
2023-01-02 09:43:00,522.8355713059514,17.500045682288636,0
2023-01-02 09:44:00,600.7825320518649,16.39391215622127,0
2023-01-02 09:45:00,577.8001370384992,16.94938589213172,0
2023-01-02 09:46:00,541.4880940639329,15.547294663098167,0
2023-01-02 09:47:00,625.6034385041993,17.56871121048643,0
2023-01-02 09:48:00,655.0277361964253,15.072735325719748,0
2023-01-02 09:49:00,630.1870337503398,16.125516368620787,0
2023-01-02 09:50:00,662.21519242055,15.583950304797376,0
2023-01-02 09:51:00,600.3836331410794,17.098655382870074,0
2023-01-02 09:52:00,611.5141533963784,17.129690714921765,0
2023-01-02 09:53:00,695.0970280860561,16.350371425464726,0
2023-01-02 09:54:00,600.9509982385185,16.875176605897284,0
2023-01-02 09:55:00,583.454106980353,16.78165032231089,0
2023-01-02 09:56:00,502.7198359716348,16.032173634528938,0
2023-01-02 09:57:00,612.3448711399085,16.76921640212282,0
2023-01-02 09:58:00,647.3854071560177,16.612840884891888,0
2023-01-02 09:59:00,552.00150907586,15.37918078602335,0
2023-01-02 10:00:00,690.7157165242346,15.315834653614036,0
2023-01-02 10:01:00,558.5520586111985,14.980621314451582,0
2023-01-02 10:02:00,658.983737572847,15.296106912369561,0
2023-01-02 10:03:00,620.6098358513059,14.437548823153165,0
2023-01-02 10:04:00,605.4023564610994,14.823100806354534,0
2023-01-02 10:05:00,633.0243263909331,16.5373014150034,0
2023-01-02 10:06:00,601.3966634630343,16.491465900363607,0
2023-01-02 10:07:00,513.9372035008861,16.69477666988924,0
2023-01-02 10:08:00,565.9504251402569,14.89951553055744,0
2023-01-02 10:09:00,588.6384992231588,15.780557381450029,0
2023-01-02 10:10:00,566.8414814850988,15.71530508679601,0
2023-01-02 10:11:00,633.3700757209932,14.567975180205012,0
2023-01-02 10:12:00,469.9752041855419,16.282108773702678,0
2023-01-02 10:13:00,573.8784084578525,16.431544735598795,0
2023-01-02 10:14:00,465.72007153529387,16.928518440225716,0
2023-01-02 10:15:00,594.2027090968955,15.655866259153076,0
2023-01-02 10:16:00,595.3554144245352,15.409525240242932,0
2023-01-02 10:17:00,574.7723570787639,16.570735672992388,0
2023-01-02 10:18:00,483.2559655493593,16.52891520565152,0
2023-01-02 10:19:00,578.1197143708622,15.980473233230127,0
2023-01-02 10:20:00,603.8790179657698,15.227711342161793,0
2023-01-02 10:21:00,615.3984712056326,16.766572473194724,0
2023-01-02 10:22:00,542.3132276975,15.201044128800444,0
2023-01-02 10:23:00,547.3880754677787,16.053289092732122,0
2023-01-02 10:24:00,628.369475762469,14.062420332045974,0
2023-01-02 10:25:00,561.4502362892582,15.159798439755608,0
2023-01-02 10:26:00,630.3982933916946,14.673957280636552,0
2023-01-02 10:27:00,620.9200389864907,14.639433293222321,0
2023-01-02 10:28:00,602.1551193872406,14.911742817496146,0
2023-01-02 10:29:00,569.2336546375163,15.350975694719425,0
2023-01-02 10:30:00,541.5327921090905,16.915219447010262,0
2023-01-02 10:31:00,602.1440534185365,15.97531203949514,0
2023-01-02 10:32:00,605.2772220413672,16.85219708763981,0
2023-01-02 10:33:00,642.5570300688782,15.601728433748876,0
2023-01-02 10:34:00,569.4624322938813,17.127458237260953,0
2023-01-02 10:35:00,538.6620043728248,15.583299195606978,0
2023-01-02 10:36:00,577.6199155473969,15.911497568523666,0
2023-01-02 10:37:00,583.549735595419,16.61136622469449,0
2023-01-02 10:38:00,551.6977952824034,13.875390529577581,0
2023-01-02 10:39:00,659.9769833089966,15.140061067106043,0
2023-01-02 10:40:00,505.75989539033867,16.579482590945375,0
2023-01-02 10:41:00,589.7254736308377,15.622496804378557,0
2023-01-02 10:42:00,649.4518616406463,16.360444599454333,0
2023-01-02 10:43:00,549.9428234730299,15.097740127654783,0
2023-01-02 10:44:00,572.4101923924671,13.918171165534977,0
2023-01-02 10:45:00,515.7426300684743,13.871402373713469,0
2023-01-02 10:46:00,562.55488762689,16.516487509725494,0
2023-01-02 10:47:00,613.5531213351804,13.63645510811135,0
2023-01-02 10:48:00,512.5266909965676,16.863888350483382,0
2023-01-02 10:49:00,564.7654627956397,16.23916473664907,0
2023-01-02 10:50:00,618.5855153878244,14.76929528470588,0
2023-01-02 10:51:00,543.7873291293237,13.390202250436792,0
2023-01-02 10:52:00,650.6011716514864,15.522302537908697,0
2023-01-02 10:53:00,524.628104843801,17.00959195379183,0
2023-01-02 10:54:00,597.3689874259139,14.671176689556575,0
2023-01-02 10:55:00,544.6962856312539,15.992175022458468,0
2023-01-02 10:56:00,629.3049790256875,15.161402831557615,0
2023-01-02 10:57:00,607.3309882446699,13.60856784883583,0
2023-01-02 10:58:00,420.8046082349827,14.815389747091896,0
2023-01-02 10:59:00,450.76029239485564,14.34184998533021,0
2023-01-02 11:00:00,1022.9055484327018,15.43754234740285,0
2023-01-02 11:01:00,613.1988248271132,14.977782467683987,0
2023-01-02 11:02:00,576.5311345749817,17.283428157969066,0
2023-01-02 11:03:00,579.4281217111896,16.391363621004608,0
2023-01-02 11:04:00,572.6580442525642,15.61908029991819,0
2023-01-02 11:05:00,561.8682857605199,16.18771553697733,0
2023-01-02 11:06:00,430.4407671555781,14.579829513074207,0
2023-01-02 11:07:00,567.4675418187549,17.049048398442768,0
2023-01-02 11:08:00,643.7604211674899,13.718422272617145,0
2023-01-02 11:09:00,481.4762845693155,15.546040995855659,0
2023-01-02 11:10:00,455.75120178793986,15.468033547818255,0
2023-01-02 11:11:00,527.2997404404066,14.986554791966418,0
2023-01-02 11:12:00,696.1480247432606,14.44580890324469,0
2023-01-02 11:13:00,500.5440649127563,14.856638968909618,0
2023-01-02 11:14:00,555.7547087399573,15.49897449008222,0
2023-01-02 11:15:00,611.3247710487659,16.47953671281634,0
2023-01-02 11:16:00,639.9508974706487,15.40565116044414,0
2023-01-02 11:17:00,592.8717939529477,15.752879504698594,0
2023-01-02 11:18:00,491.6237337279765,15.535954153984134,0
2023-01-02 11:19:00,559.3432394425607,15.969623070886199,0
2023-01-02 11:20:00,529.1288143450789,16.7618371009725,0
2023-01-02 11:21:00,550.0439812114256,13.22034765550377,0
2023-01-02 11:22:00,580.0007634723372,16.894812438699397,0
2023-01-02 11:23:00,457.9596918736432,14.33596677952578,0
2023-01-02 11:24:00,499.80916666569885,18.0744645231308,0
2023-01-02 11:25:00,457.058657560452,14.098100062655291,0
2023-01-02 11:26:00,529.1173547549961,14.174414815467987,0
2023-01-02 11:27:00,510.34126310760524,15.270629029080062,0
2023-01-02 11:28:00,572.4211831821924,16.713767821498433,0
2023-01-02 11:29:00,564.3905632364443,15.136820011617651,0
2023-01-02 11:30:00,547.7792336736416,13.038511383350745,0
2023-01-02 11:31:00,559.3532348553279,15.172740120181015,0
2023-01-02 11:32:00,480.3240418738271,13.87289761617029,0
2023-01-02 11:33:00,545.7508127603174,14.99133225465604,0
2023-01-02 11:34:00,595.526479001183,15.603323776118868,0
2023-01-02 11:35:00,490.68114966698795,14.814104068144527,0
2023-01-02 11:36:00,503.3374745493383,15.772990490811075,0
2023-01-02 11:37:00,486.2046500535188,16.356900246995185,0
2023-01-02 11:38:00,528.7760366762728,15.067208798600488,0
2023-01-02 11:39:00,488.49266457132694,14.953427721995645,0
2023-01-02 11:40:00,506.612918993298,14.545220805188292,0
2023-01-02 11:41:00,514.5022270479751,13.985757042218136,0
2023-01-02 11:42:00,560.3795302991351,14.331339941447814,0
2023-01-02 11:43:00,550.6995348716836,16.54902834598921,0
2023-01-02 11:44:00,476.22124192909905,15.86569324104898,0
2023-01-02 11:45:00,487.16384009025364,15.679434214147268,0
2023-01-02 11:46:00,498.02345626463887,15.750636983623401,0
2023-01-02 11:47:00,635.111219021331,14.813742038288593,0
2023-01-02 11:48:00,541.8785212493331,14.56307914469936,0
2023-01-02 11:49:00,414.50141744397547,15.101772673291613,0
2023-01-02 11:50:00,589.0368724861154,15.193903986873277,0
2023-01-02 11:51:00,439.1784100382264,15.299761915941987,0
2023-01-02 11:52:00,469.8444456368653,15.652091534664589,0
2023-01-02 11:53:00,601.1325385419208,15.398561581387181,0
2023-01-02 11:54:00,590.7166666185789,14.603099247630968,0
2023-01-02 11:55:00,398.07186382968285,15.21837676451374,0
2023-01-02 11:56:00,538.9509977489118,15.30879968365501,0
2023-01-02 11:57:00,480.49804994577846,15.064383571073927,0
2023-01-02 11:58:00,511.5179924768411,16.280132443361783,0
2023-01-02 11:59:00,522.4138602310969,14.786145929680968,0
2023-01-02 12:00:00,551.499050251447,16.16849359549482,0
2023-01-02 12:01:00,554.9730244313104,15.021032485098932,0
2023-01-02 12:02:00,580.398474365607,16.404408321560084,0
2023-01-02 12:03:00,454.1384852015671,14.986744528928401,0
2023-01-02 12:04:00,432.88977220321334,15.81005035375929,0
2023-01-02 12:05:00,447.032685422537,16.434661692863152,0
2023-01-02 12:06:00,444.8035944843712,14.477293110426485,0
2023-01-02 12:07:00,625.7483204668752,14.565926390557873,0
2023-01-02 12:08:00,481.02500846786774,14.389078839812179,0
2023-01-02 12:09:00,494.4177816132822,15.532161151848433,0
2023-01-02 12:10:00,511.88042176366827,13.66030994701325,0
2023-01-02 12:11:00,575.0654287660734,14.134406101377376,0
2023-01-02 12:12:00,440.0815503207499,14.980375374911247,0
2023-01-02 12:13:00,512.6991276172786,15.413643854320677,0
2023-01-02 12:14:00,495.68015502497605,15.703491848468296,0
2023-01-02 12:15:00,447.92441124612003,15.094867114835566,0
2023-01-02 12:16:00,541.3411831515887,14.643327463959828,0
2023-01-02 12:17:00,533.35562110462,15.247766678788194,0
2023-01-02 12:18:00,419.68873136961787,15.377559960443852,0
2023-01-02 12:19:00,464.3035324761086,14.782667298899698,0
2023-01-02 12:20:00,589.5793049655608,13.776446588518867,0
2023-01-02 12:21:00,452.11163779922936,15.054145310947323,0
2023-01-02 12:22:00,485.64185800694315,15.451434333197373,0
2023-01-02 12:23:00,519.074567456435,15.200233817961259,0
2023-01-02 12:24:00,505.68223165933733,14.754851484896777,0
2023-01-02 12:25:00,514.1424730907129,13.57656487464935,0
2023-01-02 12:26:00,534.0686074242685,13.864090623202918,0
2023-01-02 12:27:00,449.91428029075973,13.797694943527699,0
2023-01-02 12:28:00,460.52762240432935,15.120877225348154,0
2023-01-02 12:29:00,416.7244976211729,14.232091829592813,0
2023-01-02 12:30:00,584.4766368126121,16.42271151516034,0
2023-01-02 12:31:00,468.4108739444356,14.173353741771713,0
2023-01-02 12:32:00,495.64687760948914,14.321727488627568,0
2023-01-02 12:33:00,485.5532680002742,14.210513410782807,0
2023-01-02 12:34:00,475.40674441975045,15.240518988238746,0
2023-01-02 12:35:00,492.6366848872808,14.42163206094319,0
2023-01-02 12:36:00,438.60152618013547,14.799400807448357,0
2023-01-02 12:37:00,543.8149251226595,14.633671025107818,0
2023-01-02 12:38:00,446.6132268274885,15.603326843143172,0
2023-01-02 12:39:00,529.5509866604685,12.634980734460356,0
2023-01-02 12:40:00,999.7102392761005,12.728937427533463,0
2023-01-02 12:41:00,492.6364525196833,14.351490105873774,0
2023-01-02 12:42:00,368.6352074837339,15.69532659841756,0
2023-01-02 12:43:00,482.6417663295802,14.62718380932512,0
2023-01-02 12:44:00,374.18643735231245,13.329671680444209,0
2023-01-02 12:45:00,508.488577970848,15.882243865159918,0
2023-01-02 12:46:00,456.2681711013672,14.169501122801128,0
2023-01-02 12:47:00,448.0431319450016,12.97939580688994,0
2023-01-02 12:48:00,554.6082912222619,15.0302756489493,0
2023-01-02 12:49:00,468.6320546409581,15.759507544010294,0
2023-01-02 12:50:00,440.44359019456925,15.534845803282568,0
2023-01-02 12:51:00,409.4330736667749,14.283939143169293,0
2023-01-02 12:52:00,555.6999136234533,13.791815699446634,0
2023-01-02 12:53:00,428.0353938146729,13.73466437161789,0
2023-01-02 12:54:00,381.77577979746627,15.233384654711914,0
2023-01-02 12:55:00,541.053887176735,13.154389972274494,0
2023-01-02 12:56:00,476.9521528590886,16.560202407882652,0
2023-01-02 12:57:00,545.9567203042816,14.820174426236239,0
2023-01-02 12:58:00,477.4043557704582,13.931030851080283,0
2023-01-02 12:59:00,471.2243164115104,13.998434310596071,0
2023-01-02 13:00:00,571.1785831751436,15.69696411545052,0
2023-01-02 13:01:00,468.3960608294111,14.932556015472569,0
2023-01-02 13:02:00,404.29746089278586,14.588043986648072,0
2023-01-02 13:03:00,433.7554870781895,12.852968894802574,0
2023-01-02 13:04:00,464.8784378407853,13.349906325989672,0
2023-01-02 13:05:00,461.7517545846126,14.089474727602807,0
2023-01-02 13:06:00,430.7373081431715,13.468341127811115,0
2023-01-02 13:07:00,392.13853143221945,14.797348062082241,0
2023-01-02 13:08:00,488.242322579227,14.38535532418708,0
2023-01-02 13:09:00,356.4741960772053,13.431029314138687,0
2023-01-02 13:10:00,398.982216313268,14.02455700186508,0
2023-01-02 13:11:00,399.9519705646988,13.903540514163424,0
2023-01-02 13:12:00,465.59699891358923,14.71070637120765,0
2023-01-02 13:13:00,381.8406182758509,15.786592212415231,0
2023-01-02 13:14:00,393.57000056471156,13.826698183626178,0
2023-01-02 13:15:00,433.6591303030223,13.425603499973429,0
2023-01-02 13:16:00,455.5668686246795,13.515626233922353,0
2023-01-02 13:17:00,443.1995530505147,14.118615380706006,0
2023-01-02 13:18:00,479.87186330208624,11.598653991994263,0
2023-01-02 13:19:00,453.86453863455074,15.606231612067914,0
2023-01-02 13:20:00,408.1361617715531,14.368314938378061,0
2023-01-02 13:21:00,434.09590044096103,14.372829676723464,0
2023-01-02 13:22:00,478.9502679349187,14.212109262776861,0
2023-01-02 13:23:00,435.8788228852718,14.192083100554566,0
2023-01-02 13:24:00,462.6270563840813,13.508558400136922,0
2023-01-02 13:25:00,376.8208213854336,14.073322830188074,0
2023-01-02 13:26:00,425.9852541913147,14.38112582638853,0
2023-01-02 13:27:00,456.801749027285,13.039809530603357,0
2023-01-02 13:28:00,430.54010872289115,14.063955991381837,0
2023-01-02 13:29:00,416.03979866794003,14.219797111923553,0
2023-01-02 13:30:00,413.74018566790824,14.846513206172272,0
2023-01-02 13:31:00,448.2689360895534,12.439657953438767,0
2023-01-02 13:32:00,502.6006343015445,16.18468498599746,0
2023-01-02 13:33:00,365.11751682928104,14.678630598618144,0
2023-01-02 13:34:00,387.8675092668003,15.142857298743438,0
2023-01-02 13:35:00,345.25338119846407,13.53487787653151,0
2023-01-02 13:36:00,392.44629934936853,16.15658161811087,0
2023-01-02 13:37:00,450.7526174194787,14.895453392247823,0
2023-01-02 13:38:00,436.6818434845031,12.882704666872009,0
2023-01-02 13:39:00,441.61222722029163,14.724633287232843,0
2023-01-02 13:40:00,390.29912111229726,14.580465494960785,0
2023-01-02 13:41:00,382.50827381260416,14.095354159944351,0
2023-01-02 13:42:00,420.8308489738263,14.263011966811195,0
2023-01-02 13:43:00,485.09245807022864,15.436894568987455,0
2023-01-02 13:44:00,387.2739940712844,14.823953813488815,0
2023-01-02 13:45:00,503.1738175737853,14.344272108433605,0
2023-01-02 13:46:00,476.64621227607284,13.083098789777857,0
2023-01-02 13:47:00,336.17717153565434,14.750026158373549,0
2023-01-02 13:48:00,378.97152289148113,14.781076118347,0
2023-01-02 13:49:00,440.8744011194275,15.359022260904757,0
2023-01-02 13:50:00,398.2780825990521,14.642972146990633,0
2023-01-02 13:51:00,393.5592069846985,16.440329459022866,0
2023-01-02 13:52:00,488.1334166064883,13.484781956381452,0
2023-01-02 13:53:00,437.7893630971451,14.14231704762542,0
2023-01-02 13:54:00,396.4754673900604,13.7758173644718,0
2023-01-02 13:55:00,368.6660120722573,14.784733877143854,0
2023-01-02 13:56:00,362.90200866925113,16.83881754242023,0
2023-01-02 13:57:00,397.0155219801373,15.87051760557458,0
2023-01-02 13:58:00,460.2867204448249,12.564363378740929,0
2023-01-02 13:59:00,433.705301782807,13.829216992884856,0
2023-01-02 14:00:00,324.5697633166178,13.155690493388313,0
2023-01-02 14:01:00,397.73148251999027,13.150727900851695,0
2023-01-02 14:02:00,406.91566790276,15.156901631051603,0
2023-01-02 14:03:00,428.3745162972702,12.696436461471519,0
2023-01-02 14:04:00,397.3213935174452,12.322960719460005,0
2023-01-02 14:05:00,318.3570500245029,14.680934707276856,0
2023-01-02 14:06:00,324.2259120755711,14.742413534954574,0
2023-01-02 14:07:00,356.80210631485807,14.13035923347315,0
2023-01-02 14:08:00,335.7228770064377,15.147892247588803,0
2023-01-02 14:09:00,459.02537089073815,15.442547612811131,0
2023-01-02 14:10:00,437.13842093264367,13.507660412538964,0
2023-01-02 14:11:00,380.9939303602454,13.173427614181078,0
2023-01-02 14:12:00,402.40070858124005,13.92135956263649,0
2023-01-02 14:13:00,419.0964744258155,13.679450434837968,0
2023-01-02 14:14:00,392.7135137359651,13.102046324297708,0
2023-01-02 14:15:00,387.48300210123756,12.397656834746888,0
2023-01-02 14:16:00,431.9132163302338,14.63591528172612,0
2023-01-02 14:17:00,387.732358841892,13.854323910423506,0
2023-01-02 14:18:00,417.9203164226753,14.169572650622664,0
2023-01-02 14:19:00,407.53366542289575,15.364592255120423,0
2023-01-02 14:20:00,841.8098498533059,13.399493905571694,0
2023-01-02 14:21:00,456.7572426147496,12.140176327453077,0
2023-01-02 14:22:00,357.4530425073622,14.305128108550697,0
2023-01-02 14:23:00,472.175945612178,13.8098888384475,0
2023-01-02 14:24:00,365.56882140399904,14.094888795848698,0
2023-01-02 14:25:00,389.07699645953295,14.940046155823188,0
2023-01-02 14:26:00,288.4751930845254,13.622865430262932,0
2023-01-02 14:27:00,436.0830322443223,12.236877785091277,0
2023-01-02 14:28:00,469.4813731271079,13.504699596304176,0
2023-01-02 14:29:00,441.71386707124907,14.099737421112579,0
2023-01-02 14:30:00,478.70020439477173,14.01169764141097,0
2023-01-02 14:31:00,394.1016164837187,14.109851116998206,0
2023-01-02 14:32:00,466.9985920624283,14.065158249035816,0
2023-01-02 14:33:00,292.08108570351084,15.35194727968935,0
2023-01-02 14:34:00,366.55037646062425,13.494257199115449,0
2023-01-02 14:35:00,354.75401495990366,13.698596876924581,0
2023-01-02 14:36:00,349.6227106547548,15.434311928314683,0
2023-01-02 14:37:00,350.3838132581176,14.674762469897502,0
2023-01-02 14:38:00,307.8673565476281,13.935118250343246,0
2023-01-02 14:39:00,298.6131643852254,12.01264091513383,0
2023-01-02 14:40:00,377.73249353391134,14.573291775361097,0
2023-01-02 14:41:00,362.850112808813,14.690935026908832,0
2023-01-02 14:42:00,350.2239967767447,14.783288395628734,0
2023-01-02 14:43:00,332.4912013520051,14.720568554767448,0
2023-01-02 14:44:00,257.76917344189854,14.940250009118925,0
2023-01-02 14:45:00,373.0143987174069,13.64673306247074,0
2023-01-02 14:46:00,407.21964841494434,13.679206615974282,0
2023-01-02 14:47:00,323.3075644265151,13.65304576652426,0
2023-01-02 14:48:00,392.30547418563424,12.944083481466514,0
2023-01-02 14:49:00,350.78662539715714,12.66741254492556,0
2023-01-02 14:50:00,368.83064378431726,13.794504294789618,0
2023-01-02 14:51:00,435.8979283341457,14.978106162617296,0
2023-01-02 14:52:00,388.41249244478263,13.880409866928785,0
2023-01-02 14:53:00,427.13501978001784,12.980192901658544,0
2023-01-02 14:54:00,324.3173088801897,13.773898765085006,0
2023-01-02 14:55:00,345.78106720569474,11.510661947065993,0
2023-01-02 14:56:00,385.5298240833708,14.55039892329904,0
2023-01-02 14:57:00,379.90425836038577,14.07141410382309,0
2023-01-02 14:58:00,398.1434187602008,13.55542049989057,0
2023-01-02 14:59:00,406.9598610689635,12.483492804957574,0
2023-01-02 15:00:00,313.46052252135723,13.313617057715636,0
2023-01-02 15:01:00,260.847690591103,12.28317857875713,0
2023-01-02 15:02:00,391.0970820867305,13.35440935453583,0
2023-01-02 15:03:00,252.07646603120838,12.496084290578912,0
2023-01-02 15:04:00,362.5952085596488,13.248225050074693,0
2023-01-02 15:05:00,390.11193846048553,13.273745755727417,0
2023-01-02 15:06:00,454.6074093988606,13.960776526330305,0
2023-01-02 15:07:00,372.8930138678626,13.092828894513293,0
2023-01-02 15:08:00,415.16089372161827,14.515441847302894,0
2023-01-02 15:09:00,322.09773385480895,15.59423948062104,0
2023-01-02 15:10:00,357.9372485716297,15.20570769584017,0
2023-01-02 15:11:00,346.28722392952903,12.091019741030596,0
2023-01-02 15:12:00,404.6794800353524,11.895112622365687,0
2023-01-02 15:13:00,331.70467917275636,15.709158599640158,0
2023-01-02 15:14:00,283.81844162618074,13.424479239820455,0
2023-01-02 15:15:00,319.5680526625488,15.111944293210948,0
2023-01-02 15:16:00,330.01814820266065,12.761119509231962,0
2023-01-02 15:17:00,435.44122081992225,12.135608273012307,0
2023-01-02 15:18:00,293.26338505011256,11.200661572803597,0
2023-01-02 15:19:00,376.3126539936467,14.332833414816049,0
2023-01-02 15:20:00,378.9372767719424,13.280243197420804,0
2023-01-02 15:21:00,298.7422877496429,13.317084022950494,0
2023-01-02 15:22:00,400.7235287999967,13.400101027413735,0
2023-01-02 15:23:00,406.0502105298902,12.778534218412338,0
2023-01-02 15:24:00,379.9374179223148,14.107020876912824,0
2023-01-02 15:25:00,312.462935314298,13.301464312000663,0
2023-01-02 15:26:00,352.6602858900824,12.053563599194106,0
2023-01-02 15:27:00,334.84857094754307,12.746473661544997,0
2023-01-02 15:28:00,296.2001757630203,12.352443717375069,0
2023-01-02 15:29:00,362.43174933713806,12.155843676769518,0
2023-01-02 15:30:00,273.7435749361494,12.407325640762421,0
2023-01-02 15:31:00,341.2528582660708,14.800701292460928,0
2023-01-02 15:32:00,351.8029229311096,14.268266438731265,0
2023-01-02 15:33:00,280.65902592105755,13.763208576251666,0
2023-01-02 15:34:00,355.4523708041007,13.880224393425811,0
2023-01-02 15:35:00,368.606226364786,13.992437003000683,0
2023-01-02 15:36:00,337.1729502222109,14.590255321436766,0
2023-01-02 15:37:00,324.5079822230111,13.183735737485446,0
2023-01-02 15:38:00,322.0689828864595,13.402630163297873,0
2023-01-02 15:39:00,294.9244937822596,13.136403955087657,0
2023-01-02 15:40:00,364.62886517559286,12.647628194368062,0
2023-01-02 15:41:00,328.68111229789787,14.105300901912274,0
2023-01-02 15:42:00,339.5662907163185,14.122050748973846,0
2023-01-02 15:43:00,301.77338100436504,12.43112035916661,0
2023-01-02 15:44:00,347.7289710365962,14.61767760268441,0
2023-01-02 15:45:00,334.08938266189034,13.594675375339527,0
2023-01-02 15:46:00,343.90352171732366,13.167171137608033,0
2023-01-02 15:47:00,321.97950723060427,12.049453021379795,0
2023-01-02 15:48:00,377.1755929136709,13.494569642637465,0
2023-01-02 15:49:00,296.73314626898787,12.958374910037845,0
2023-01-02 15:50:00,352.15630882928025,12.681101933572139,0
2023-01-02 15:51:00,372.62598021055703,13.792954811175198,0
2023-01-02 15:52:00,236.81912951958373,12.034505251111815,0
2023-01-02 15:53:00,208.8785411322083,13.577401732384736,0
2023-01-02 15:54:00,318.03280575043783,12.948999894248482,0
2023-01-02 15:55:00,310.5926048796265,13.409357004493746,0
2023-01-02 15:56:00,337.9207799671946,14.022183267562122,0
2023-01-02 15:57:00,306.9847258180743,13.455717239727647,0
2023-01-02 15:58:00,348.86611480125543,12.262893581994817,0
2023-01-02 15:59:00,377.08901607326294,10.695758470561627,0
2023-01-02 16:00:00,773.9426556839462,14.070506040907002,0
2023-01-02 16:01:00,215.0401448501467,13.71630486222264,0
2023-01-02 16:02:00,410.4176336435199,12.442887670923687,0
2023-01-02 16:03:00,269.6652601000292,13.318670460976547,0
2023-01-02 16:04:00,179.99452324440426,10.496878922267909,0
2023-01-02 16:05:00,287.5658289854923,12.77079428187016,0
2023-01-02 16:06:00,412.97036383297996,13.501771109611264,0
2023-01-02 16:07:00,323.98203255094614,15.58738914106257,0
2023-01-02 16:08:00,275.7335527729582,12.372318496652271,0
2023-01-02 16:09:00,321.9822839682672,13.150029693508946,0
2023-01-02 16:10:00,234.96460676672837,12.020549442668917,0
2023-01-02 16:11:00,384.0197010569868,16.35911933113661,0
2023-01-02 16:12:00,381.13477880372625,11.879812188718049,0
2023-01-02 16:13:00,231.31616105714392,12.818869933298942,0
2023-01-02 16:14:00,282.3095912389847,14.556875444733254,0
2023-01-02 16:15:00,331.13850903036166,12.164518815838285,0
2023-01-02 16:16:00,319.91417945812316,11.995118371337023,0
2023-01-02 16:17:00,394.63083785833265,13.677014829232757,0
2023-01-02 16:18:00,445.2401709424331,11.248331438212476,0
2023-01-02 16:19:00,273.36439350409563,12.915348733720865,0
2023-01-02 16:20:00,305.13761737675605,14.548111969268064,0
2023-01-02 16:21:00,371.698883555157,12.638792253590433,0
2023-01-02 16:22:00,386.08537892938887,11.360997555126565,0
2023-01-02 16:23:00,324.3733898217199,12.552310530737447,0
2023-01-02 16:24:00,302.1873439398876,13.27581024909732,0
2023-01-02 16:25:00,300.5966525526248,12.265424074648502,0
2023-01-02 16:26:00,332.42162543775237,13.937752591676368,0
2023-01-02 16:27:00,330.9047560139954,13.596045070766253,0
2023-01-02 16:28:00,381.58131893832723,13.293637868495903,0
2023-01-02 16:29:00,337.66048272486745,14.172234051558451,0
2023-01-02 16:30:00,331.6167001627211,11.62728939663889,0
2023-01-02 16:31:00,391.25871740601724,13.080536965840519,0
2023-01-02 16:32:00,377.1597097735947,13.457508949565517,0
2023-01-02 16:33:00,296.42111891294394,14.384782129214406,0
2023-01-02 16:34:00,315.0411054777355,12.250536919823432,0
2023-01-02 16:35:00,300.226135996232,11.131731902162409,0
2023-01-02 16:36:00,273.4094826820599,13.23091870940138,0
2023-01-02 16:37:00,316.3460527835844,14.82384871333584,0
2023-01-02 16:38:00,387.19908413732054,13.506196932480153,0
2023-01-02 16:39:00,342.5830248081958,14.454113930860725,0
2023-01-02 16:40:00,320.1468687661331,14.723897235935272,0
2023-01-02 16:41:00,373.40757113612966,12.55327224424965,0
2023-01-02 16:42:00,368.7490759781844,15.03335650137113,0
2023-01-02 16:43:00,354.3284018873102,12.736688132676417,0
2023-01-02 16:44:00,363.02160490106917,11.431435313941524,0
2023-01-02 16:45:00,302.46600336683645,12.456077570024112,0
2023-01-02 16:46:00,234.13709765319913,12.488981465421931,0
2023-01-02 16:47:00,317.3587247689688,12.633192717891278,0
2023-01-02 16:48:00,321.2930463985347,14.215187759271348,0
2023-01-02 16:49:00,313.82999909848763,11.450830830196276,0
2023-01-02 16:50:00,319.613844285534,14.118653206933928,0
2023-01-02 16:51:00,269.6642557005557,11.558938866925155,0
2023-01-02 16:52:00,316.6594846352272,13.576729075813269,0
2023-01-02 16:53:00,260.1282082183718,13.292288970791994,0
2023-01-02 16:54:00,318.7538299873014,13.070316756254362,0
2023-01-02 16:55:00,292.6182352873618,13.98275279678347,0
2023-01-02 16:56:00,363.8922519895219,13.777627286900277,0
2023-01-02 16:57:00,328.8432222900054,12.630402278103025,0
2023-01-02 16:58:00,323.5790307947281,13.898975760936423,0
2023-01-02 16:59:00,290.1558988262627,13.292404998373117,0
2023-01-02 17:00:00,260.90214319750424,11.891717590130025,0
2023-01-02 17:01:00,266.5674154450239,10.49371087453646,0
2023-01-02 17:02:00,335.98211904470014,10.687756856041192,0
2023-01-02 17:03:00,306.952875290203,11.725165240783562,0
2023-01-02 17:04:00,320.289169224947,12.814427346912993,0
2023-01-02 17:05:00,303.53548959152744,12.067059623813488,0
2023-01-02 17:06:00,375.88749335808114,12.75650199464995,0
2023-01-02 17:07:00,245.68408809534725,13.187707134134588,0
2023-01-02 17:08:00,369.63015518705674,12.59702767693558,0
2023-01-02 17:09:00,320.41068275727906,13.642724589700103,0
2023-01-02 17:10:00,341.5264671263075,12.803622047714216,0
2023-01-02 17:11:00,243.72895489533272,12.078397090832137,0
2023-01-02 17:12:00,278.71884866660986,14.135538837192156,0
2023-01-02 17:13:00,265.55077258655945,11.955381690568306,0
2023-01-02 17:14:00,428.43186512062755,11.685174240997796,0
2023-01-02 17:15:00,324.75467977866754,13.353095946468299,0
2023-01-02 17:16:00,297.7825766560845,14.372762268819145,0
2023-01-02 17:17:00,349.7677278422486,12.359656648927912,0
2023-01-02 17:18:00,214.6165993100149,13.013078250695193,0
2023-01-02 17:19:00,306.1880645292994,11.177413508845163,0
2023-01-02 17:20:00,275.92331547625304,13.675768433150889,0
2023-01-02 17:21:00,332.3245383655584,12.09489028939791,0
2023-01-02 17:22:00,234.90454518326953,13.859947500940342,0
2023-01-02 17:23:00,311.3642317076783,10.719722483298149,0
2023-01-02 17:24:00,376.27922468760613,12.68749459578165,0
2023-01-02 17:25:00,289.772164798904,13.185314094317416,0
2023-01-02 17:26:00,302.0049666879936,12.695718709019907,0
2023-01-02 17:27:00,276.0480918493758,12.395139666623635,0
2023-01-02 17:28:00,237.869968845617,12.289952729897871,0
2023-01-02 17:29:00,273.3107993190524,11.943625841742692,0
2023-01-02 17:30:00,325.5254059557266,12.68665395584449,0
2023-01-02 17:31:00,342.5202079345943,12.073759327019959,0
2023-01-02 17:32:00,348.4276509118757,10.853855658900432,0
2023-01-02 17:33:00,232.1844541715887,13.454449255004665,0
2023-01-02 17:34:00,326.4105838714196,11.067916028101113,0
2023-01-02 17:35:00,316.3940593402384,12.076016630525233,0
2023-01-02 17:36:00,318.25239163457917,12.704902992317706,0
2023-01-02 17:37:00,252.51335590969907,13.136620326163815,0
2023-01-02 17:38:00,305.9765128066002,12.080993601251588,0
2023-01-02 17:39:00,282.8975583842423,13.604535087677528,0
2023-01-02 17:40:00,783.668966884592,11.079826517609016,0
2023-01-02 17:41:00,248.571324384932,12.033568205295056,0
2023-01-02 17:42:00,317.1445668683226,13.443799827303607,0
2023-01-02 17:43:00,335.85176505241293,13.172240841561598,0
2023-01-02 17:44:00,280.4386120833226,12.319702394145045,0
2023-01-02 17:45:00,240.1437511823867,12.324039923908842,0
2023-01-02 17:46:00,281.488810289207,11.2277614494298,0
2023-01-02 17:47:00,241.85456795211724,11.32058103761601,0
2023-01-02 17:48:00,249.23668617809804,11.268997052621849,0
2023-01-02 17:49:00,252.2105862189099,11.813442582448559,0
2023-01-02 17:50:00,260.69962360937444,12.52731569667949,0
2023-01-02 17:51:00,418.99282334234164,13.69467483351389,0
2023-01-02 17:52:00,221.3317078805182,12.653063633074414,0
2023-01-02 17:53:00,366.00224356287043,11.91923440797325,0
2023-01-02 17:54:00,224.83609562510992,10.811950575287769,0
2023-01-02 17:55:00,381.17583139345135,13.570385988034054,0
2023-01-02 17:56:00,258.02344273505025,13.528510654683044,0
2023-01-02 17:57:00,328.03299341972763,11.11239287874359,0
2023-01-02 17:58:00,355.84119510732603,12.830753019763351,0
2023-01-02 17:59:00,316.89656959857354,11.911877151469625,0
2023-01-02 18:00:00,395.6940229984127,12.23107786096809,0
2023-01-02 18:01:00,239.9516943274945,12.41857087304281,0
2023-01-02 18:02:00,248.04691511601612,12.963694059364666,0
2023-01-02 18:03:00,343.78846180576926,11.965751038266145,0
2023-01-02 18:04:00,300.163771788108,12.069525769720036,0
2023-01-02 18:05:00,273.8127608926633,12.680603954963722,0
2023-01-02 18:06:00,217.60187493816522,11.21774281976136,0
2023-01-02 18:07:00,260.42080176385355,13.580472385121224,0
2023-01-02 18:08:00,333.4346101906526,12.164816058243613,0
2023-01-02 18:09:00,282.7096677927679,12.876767561376825,0
2023-01-02 18:10:00,324.16691584028547,12.888018225252992,0
2023-01-02 18:11:00,243.23050605096117,11.689419441431692,0
2023-01-02 18:12:00,287.7238552471516,13.114836607857663,0
2023-01-02 18:13:00,323.1877254408733,12.3206335709747,0
2023-01-02 18:14:00,298.86007881726215,11.052556943439054,0
2023-01-02 18:15:00,194.95647947298494,11.298202846739654,0
2023-01-02 18:16:00,365.27013019686717,10.784863641069792,0
2023-01-02 18:17:00,283.1573431049168,14.377246260148992,0
2023-01-02 18:18:00,216.58933591309676,13.009011550910246,0
2023-01-02 18:19:00,320.22004633360535,12.337285474120083,0
2023-01-02 18:20:00,304.8928877688471,12.625174849529465,0
2023-01-02 18:21:00,329.61025751590734,11.582265093311305,0
2023-01-02 18:22:00,291.10146213706884,12.154437464387453,0
2023-01-02 18:23:00,287.2407316324304,11.646281031076471,0
2023-01-02 18:24:00,291.91792337982884,12.329244873741514,0
2023-01-02 18:25:00,354.6454514162245,12.835046364426397,0
2023-01-02 18:26:00,358.7207558310985,12.767244982377557,0
2023-01-02 18:27:00,301.5923823809487,10.961089143293828,0
2023-01-02 18:28:00,245.82961119076526,13.586651609099581,0
2023-01-02 18:29:00,328.0389288941993,12.666125855582344,0
2023-01-02 18:30:00,308.76977812504697,11.530687426684908,0
2023-01-02 18:31:00,251.2695796041695,11.968720612718744,0
2023-01-02 18:32:00,359.6834234052855,13.106207126439298,0
2023-01-02 18:33:00,225.842486760452,12.484804558055487,0
2023-01-02 18:34:00,236.78150931298853,11.30816732900964,0
2023-01-02 18:35:00,308.0184584555924,14.221784260396642,0
2023-01-02 18:36:00,400.52374743895393,11.745917073438752,0
2023-01-02 18:37:00,338.7920027816856,12.268953130168068,0
2023-01-02 18:38:00,252.66630664020627,11.56146810338735,0
2023-01-02 18:39:00,372.4941339568777,12.569837451687732,0
2023-01-02 18:40:00,308.0513161373362,12.410316305764214,0
2023-01-02 18:41:00,238.02344941126339,11.899348270203532,0
2023-01-02 18:42:00,319.08886628253896,12.247621407943328,0
2023-01-02 18:43:00,345.18467508453523,11.348364813271985,0
2023-01-02 18:44:00,246.7010899759557,12.03469441383841,0
2023-01-02 18:45:00,272.6087050250901,12.679390313436617,0
2023-01-02 18:46:00,384.8672603706458,13.437856147908892,0
2023-01-02 18:47:00,312.82265711754457,12.005910159118862,0
2023-01-02 18:48:00,271.3615644862384,10.260157471325625,0
2023-01-02 18:49:00,276.2583068002986,12.802327563636677,0
2023-01-02 18:50:00,328.69065673504065,11.370819795050018,0
2023-01-02 18:51:00,296.60781654359005,12.019443552008154,0
2023-01-02 18:52:00,295.27367668036084,11.489096773329898,0
2023-01-02 18:53:00,357.90665847700944,12.52853050247521,0
2023-01-02 18:54:00,337.62522119030115,13.044775412886999,0
2023-01-02 18:55:00,308.98334752421835,13.005213389739962,0
2023-01-02 18:56:00,276.7316040673441,12.097732545421792,0
2023-01-02 18:57:00,275.9075606200662,13.03308328128756,0
2023-01-02 18:58:00,343.4143117654821,10.378007847570265,0
2023-01-02 18:59:00,290.7428594741843,11.6579489436013,0
2023-01-02 19:00:00,350.1561902685602,11.55964401915637,0
2023-01-02 19:01:00,314.60218245434623,14.160246516418278,0
2023-01-02 19:02:00,364.11047607150914,13.386661053975594,0
2023-01-02 19:03:00,340.4674499910902,13.497459436820474,0
2023-01-02 19:04:00,269.56387609738886,11.394402906685123,0
2023-01-02 19:05:00,264.7375540531533,12.21689858118812,0
2023-01-02 19:06:00,321.6812163026955,12.436374739616085,0
2023-01-02 19:07:00,333.88521557024114,12.088435062315211,0
2023-01-02 19:08:00,256.61136663317103,13.179728663988378,0
2023-01-02 19:09:00,327.24835755449544,11.925212585537414,0
2023-01-02 19:10:00,306.50851661221344,12.582285632029137,0
2023-01-02 19:11:00,341.1839985849374,12.257432420248639,0
2023-01-02 19:12:00,300.5124916169971,14.309405437501477,0
2023-01-02 19:13:00,403.43137441437966,12.26061904466785,0
2023-01-02 19:14:00,351.6611541240935,13.004391271674647,0
2023-01-02 19:15:00,250.03822032353366,11.440056936878163,0
2023-01-02 19:16:00,320.09268381115857,12.677617371752046,0
2023-01-02 19:17:00,306.67258035237705,10.97706702623461,0
2023-01-02 19:18:00,377.5105355598131,9.326528258120529,0
2023-01-02 19:19:00,315.1815335154578,11.738564853965675,0
2023-01-02 19:20:00,867.3787199178811,12.85298626786295,0
2023-01-02 19:21:00,331.39207411262066,12.296576189024343,0
2023-01-02 19:22:00,372.9652837885287,13.559838294677736,0
2023-01-02 19:23:00,300.66562194131103,13.534176557609353,0
2023-01-02 19:24:00,291.58592263988857,13.92397802135917,0
2023-01-02 19:25:00,284.09192573371087,10.780140905113427,0
2023-01-02 19:26:00,350.5364180819128,10.934064991105462,0
2023-01-02 19:27:00,326.26076409793785,12.170095362095326,0
2023-01-02 19:28:00,398.10149059507614,11.517047221799093,0
2023-01-02 19:29:00,380.1277853094141,12.62571054705969,0
2023-01-02 19:30:00,372.55806729001586,12.967902947155284,0
2023-01-02 19:31:00,387.6705593417312,11.892361764982628,0
2023-01-02 19:32:00,263.5524752781702,13.589480357393334,0
2023-01-02 19:33:00,292.8004339501776,11.865175198641504,0
2023-01-02 19:34:00,371.8778192068145,10.367878600906923,0
2023-01-02 19:35:00,265.0400602523437,12.143694724322636,0
2023-01-02 19:36:00,259.3049069516553,11.965319872948767,0
2023-01-02 19:37:00,309.1879376257572,11.253324365624715,0
2023-01-02 19:38:00,271.95180509814503,12.608335994839342,0
2023-01-02 19:39:00,284.2789501568611,11.136663454832615,0
2023-01-02 19:40:00,334.26015835523,11.48752655371318,0
2023-01-02 19:41:00,280.90454262109614,10.777685712790754,0
2023-01-02 19:42:00,329.2229951551209,11.623998539147957,0
2023-01-02 19:43:00,291.1433742090099,12.167710930673307,0
2023-01-02 19:44:00,267.0561182989715,11.094903524227812,0
2023-01-02 19:45:00,342.7245690741815,11.313631518259479,0
2023-01-02 19:46:00,301.13942891260245,12.6183244763506,0
2023-01-02 19:47:00,302.6378140777181,11.390079491240899,0
2023-01-02 19:48:00,416.5077789483968,11.278211650518315,0
2023-01-02 19:49:00,338.70686099774974,12.973608728592962,0
2023-01-02 19:50:00,349.90035771889814,10.284687238551296,0
2023-01-02 19:51:00,416.4663215688139,11.793284298544483,0
2023-01-02 19:52:00,191.09344471454358,11.000519491290776,0
2023-01-02 19:53:00,344.61693293572233,11.456423850195026,0
2023-01-02 19:54:00,280.32252469272515,10.848480269050933,0
2023-01-02 19:55:00,345.30008517173843,12.55153139037864,0
2023-01-02 19:56:00,323.1133774096042,10.071285440198485,0
2023-01-02 19:57:00,339.18490959544124,10.901234527692429,0
2023-01-02 19:58:00,407.93702360358895,9.239292150003244,0
2023-01-02 19:59:00,371.01718850091106,12.101115115312457,0
2023-01-02 20:00:00,393.67408232306667,12.702318793117445,0
2023-01-02 20:01:00,259.86651294595464,12.888439914624918,0
2023-01-02 20:02:00,385.56001166712656,11.859072680487959,0
2023-01-02 20:03:00,324.036034147967,12.095212916578689,0
2023-01-02 20:04:00,326.0097589638558,11.85670457568782,0
2023-01-02 20:05:00,281.93506557974524,13.516349669750229,0
2023-01-02 20:06:00,348.22796997586113,10.427778248624266,0
2023-01-02 20:07:00,288.79059493077614,11.614715882036196,0
2023-01-02 20:08:00,277.4376371284548,11.331919591674511,0
2023-01-02 20:09:00,267.761874037351,10.549464385129518,0
2023-01-02 20:10:00,390.7234669197598,11.982145332648356,0
2023-01-02 20:11:00,349.9059550408889,11.238262857551897,0
2023-01-02 20:12:00,299.1454277475701,13.26466391572006,0
2023-01-02 20:13:00,358.1998484165503,11.428123986020035,0
2023-01-02 20:14:00,342.2249917443344,12.935638364921045,0
2023-01-02 20:15:00,341.19739819879777,11.553072280334948,0
2023-01-02 20:16:00,290.58277713957193,11.586836344595367,0
2023-01-02 20:17:00,305.01540010854995,11.508036996030068,0
2023-01-02 20:18:00,292.03346779946787,12.735051662177725,0
2023-01-02 20:19:00,301.3955021644207,12.752859105896995,0
2023-01-02 20:20:00,300.12210876124425,14.418328923383694,0
2023-01-02 20:21:00,379.47229428534314,11.123504157033931,0
2023-01-02 20:22:00,377.9162607391308,10.493933044969523,0
2023-01-02 20:23:00,332.9148346542279,13.64680321581935,0
2023-01-02 20:24:00,288.196487690919,9.954547592321731,0
2023-01-02 20:25:00,246.27426054838372,9.78521797361455,0
2023-01-02 20:26:00,372.97216398975274,11.396435416960694,0
2023-01-02 20:27:00,387.2646836050354,11.427891936579966,0
2023-01-02 20:28:00,291.4576747521069,11.98979741982865,0
2023-01-02 20:29:00,303.56177207319564,12.37045103793563,0
2023-01-02 20:30:00,376.02873347859736,14.605060550773306,0
2023-01-02 20:31:00,285.27716469937843,12.163077500338353,0
2023-01-02 20:32:00,372.1916981806528,12.410275561039779,0
2023-01-02 20:33:00,397.12972062424376,10.47325138378298,0
2023-01-02 20:34:00,370.32018498387487,11.490381416559245,0
2023-01-02 20:35:00,359.60389629637615,10.774835599288016,0
2023-01-02 20:36:00,339.8267457738144,11.51083706701296,0
2023-01-02 20:37:00,406.3200627006961,10.572384101906492,0
2023-01-02 20:38:00,424.8313307976907,12.857612326807057,0
2023-01-02 20:39:00,303.4060378654186,11.141282866045609,0
2023-01-02 20:40:00,344.6914897008524,10.854801831656946,0
2023-01-02 20:41:00,274.8092049349666,12.11962971686493,0
2023-01-02 20:42:00,353.89048591486574,10.781165674141885,0
2023-01-02 20:43:00,327.44918129616235,13.149749201266182,0
2023-01-02 20:44:00,403.7967175001416,10.851932824224583,0
2023-01-02 20:45:00,412.0721355236027,13.166070724066708,0
2023-01-02 20:46:00,382.88641122182617,13.398647897753847,0
2023-01-02 20:47:00,396.4084239765146,13.054720198258732,0
2023-01-02 20:48:00,386.90168452496494,10.460139300739492,0
2023-01-02 20:49:00,304.52208687833587,11.272804736161,0
2023-01-02 20:50:00,378.7664215779246,11.560610676186943,0
2023-01-02 20:51:00,332.56380846245247,11.550890878960468,0
2023-01-02 20:52:00,294.9490607449346,11.117751076125204,0
2023-01-02 20:53:00,357.40526840980635,11.764882350719855,0
2023-01-02 20:54:00,395.91035185691385,11.08515490906258,0
2023-01-02 20:55:00,299.713002340547,10.534408313680109,0
2023-01-02 20:56:00,345.055239405856,12.593034187248133,0
2023-01-02 20:57:00,367.3212908118524,11.60473716267802,0
2023-01-02 20:58:00,322.47183268951864,13.423214249451338,0
2023-01-02 20:59:00,314.68684811088525,11.81041238262483,0
2023-01-02 21:00:00,886.6038808362387,10.945708661110638,0
2023-01-02 21:01:00,345.4703028530413,11.46107913974076,0
2023-01-02 21:02:00,436.9521989181645,9.552378564427528,0
2023-01-02 21:03:00,315.5710363630759,11.92391172921692,0
2023-01-02 21:04:00,302.8142908462303,10.791736667592248,0
2023-01-02 21:05:00,327.8470448596191,10.373486745888753,0
2023-01-02 21:06:00,458.2776492007635,12.524056153549592,0
2023-01-02 21:07:00,383.19290517790915,12.462700954524559,0
2023-01-02 21:08:00,359.453932619935,11.732821220371672,0
2023-01-02 21:09:00,343.97610408610285,11.244576125786939,0
2023-01-02 21:10:00,311.4175844447987,10.330173707332301,0
2023-01-02 21:11:00,371.61363002234333,10.543791129536034,0
2023-01-02 21:12:00,359.58189639224526,11.748549289424645,0
2023-01-02 21:13:00,407.1482918020566,9.920351922650621,0
2023-01-02 21:14:00,316.01881743457375,9.43777214530505,0
2023-01-02 21:15:00,431.486466869428,11.869067330979439,0
2023-01-02 21:16:00,312.59777863140675,11.408704736660779,0
2023-01-02 21:17:00,435.4844387820805,10.724978116324811,0
2023-01-02 21:18:00,393.32807294726666,11.539434375515109,0
2023-01-02 21:19:00,447.9085797979172,12.442135840824982,0
2023-01-02 21:20:00,390.27568832610984,11.200335116356689,0
2023-01-02 21:21:00,334.8828216607959,11.212611586730276,0
2023-01-02 21:22:00,378.1565795211435,11.390488650633477,0
2023-01-02 21:23:00,396.772755310522,11.382468011425628,0
2023-01-02 21:24:00,346.0594560904076,10.549208548405787,0
2023-01-02 21:25:00,411.1618462763354,10.490303813385648,0
2023-01-02 21:26:00,407.4895006443826,11.43443124727062,0
2023-01-02 21:27:00,334.3134431515764,11.53545546712628,0
2023-01-02 21:28:00,315.32916297854536,10.922199153217388,0
2023-01-02 21:29:00,398.74434291076943,12.24344925689483,0
2023-01-02 21:30:00,403.5365842822777,11.890863980074304,0
2023-01-02 21:31:00,275.29973927679674,9.847696364747238,0
2023-01-02 21:32:00,397.6922973857552,10.177610328333838,0
2023-01-02 21:33:00,438.2284732819655,10.822364041335412,0
2023-01-02 21:34:00,327.6992426190807,9.82132380259546,0
2023-01-02 21:35:00,464.57281972554586,10.427896080409303,0
2023-01-02 21:36:00,434.80740195384016,11.462731506715716,0
2023-01-02 21:37:00,400.42424620326676,11.57264273885218,0
2023-01-02 21:38:00,342.7438835471073,12.600791541422314,0
2023-01-02 21:39:00,415.47870203002003,9.816264132254249,0
2023-01-02 21:40:00,343.0837371153212,10.158358854775866,0
2023-01-02 21:41:00,340.47046695138107,9.841683934196483,0
2023-01-02 21:42:00,398.6372028299917,10.649126100818897,0
2023-01-02 21:43:00,485.18804954043003,9.764262847965675,0
2023-01-02 21:44:00,442.93824981567565,10.010556493086156,0
2023-01-02 21:45:00,535.6683377626691,10.823109131327318,0
2023-01-02 21:46:00,393.93670511529115,10.911734256779413,0
2023-01-02 21:47:00,402.02129892690937,10.30929739825733,0
2023-01-02 21:48:00,260.53102144921485,11.35455948662919,0
2023-01-02 21:49:00,376.0160952190117,11.377022317709374,0
2023-01-02 21:50:00,414.9548079352628,11.067809971009494,0
2023-01-02 21:51:00,371.126077871541,10.661170618354674,0
2023-01-02 21:52:00,433.36127066065603,9.087153273110083,0
2023-01-02 21:53:00,402.4007826996334,10.197726921106469,0
2023-01-02 21:54:00,354.43433757375686,10.513407842184023,0
2023-01-02 21:55:00,401.4354231748725,12.691446066987833,0
2023-01-02 21:56:00,379.3094531474744,12.288491389941985,0
2023-01-02 21:57:00,356.5146421127032,11.4538187752681,0
2023-01-02 21:58:00,442.55296483984085,10.751416935211818,0
2023-01-02 21:59:00,476.8273727989487,12.219884706310513,0
2023-01-02 22:00:00,447.74122855824925,10.23677691487853,0
2023-01-02 22:01:00,422.9438129766332,10.976263125373366,0
2023-01-02 22:02:00,360.80505269783566,11.268697333372614,0
2023-01-02 22:03:00,476.20667338941274,11.388326267283405,0
2023-01-02 22:04:00,399.12666949590164,11.424897837506238,0
2023-01-02 22:05:00,441.4243005432679,10.385455574010305,0
2023-01-02 22:06:00,378.1880661130845,11.776289474380041,0
2023-01-02 22:07:00,347.4968989288767,10.485211535540431,0
2023-01-02 22:08:00,347.10000926492415,10.137329672734506,0
2023-01-02 22:09:00,377.9175648057596,13.509918805643451,0
2023-01-02 22:10:00,371.183403598557,10.882042303862397,0
2023-01-02 22:11:00,438.8532140460499,10.94926225747275,0
2023-01-02 22:12:00,421.9744854480862,10.46573934257186,0
2023-01-02 22:13:00,468.4103253402578,9.567814429771179,0
2023-01-02 22:14:00,329.09987769216684,12.021158225318281,0
2023-01-02 22:15:00,455.1215624082898,10.958786230268153,0
2023-01-02 22:16:00,372.2748264718579,11.173738645035488,0
2023-01-02 22:17:00,348.77321731872314,12.179150940583346,0
2023-01-02 22:18:00,370.138865437163,10.011043956382151,0
2023-01-02 22:19:00,380.69788179523397,9.181392305136203,0
2023-01-02 22:20:00,382.9074604390905,9.638271778522302,0
2023-01-02 22:21:00,372.4701438042193,12.008117878722341,0
2023-01-02 22:22:00,378.5701245962334,8.931811955805598,0
2023-01-02 22:23:00,403.16601009295096,8.668311854290248,0
2023-01-02 22:24:00,320.15425742484894,11.163612033675626,0
2023-01-02 22:25:00,463.60819632172763,11.82532983815845,0
2023-01-02 22:26:00,414.9957203631002,10.68582245282792,0
2023-01-02 22:27:00,378.52719061072503,9.44710067399163,0
2023-01-02 22:28:00,462.26748574168437,11.6204277165211,0
2023-01-02 22:29:00,374.6502282249496,11.09622213443413,0
2023-01-02 22:30:00,442.1422477469106,9.170537001709253,0
2023-01-02 22:31:00,443.3192471603645,10.28940471571308,0
2023-01-02 22:32:00,387.6562098900011,10.53922721753032,0
2023-01-02 22:33:00,378.4271192543185,10.951414628586798,0
2023-01-02 22:34:00,387.34190594008504,11.135324888279214,0
2023-01-02 22:35:00,386.4432538104446,10.447669628530297,0
2023-01-02 22:36:00,486.86052628927524,10.735299780901,0
2023-01-02 22:37:00,431.08083672348664,11.27869633402936,0
2023-01-02 22:38:00,454.80658712278483,12.3875007675377,0
2023-01-02 22:39:00,404.8460263040247,10.298096220921039,0
2023-01-02 22:40:00,982.1778931900827,10.610826931445828,0
2023-01-02 22:41:00,381.69039927301725,11.598605707012657,0
2023-01-02 22:42:00,391.128380811003,10.532784699094362,0
2023-01-02 22:43:00,444.85739636559447,11.188816337868602,0
2023-01-02 22:44:00,525.4172414043155,10.608930988050691,0
2023-01-02 22:45:00,456.5174282776076,10.758035562370958,0
2023-01-02 22:46:00,396.20739636416596,10.166021866032086,0
2023-01-02 22:47:00,344.0076215448836,10.07295098258344,0
2023-01-02 22:48:00,518.8122818017348,10.988498418301205,0
2023-01-02 22:49:00,486.35699482241546,10.490494224051684,0
2023-01-02 22:50:00,506.9488115805032,9.100211944538108,0
2023-01-02 22:51:00,484.6970544656173,11.639499676674257,0
2023-01-02 22:52:00,470.4977788209672,12.424206516688487,0
2023-01-02 22:53:00,494.1274918037483,9.463161723721042,0
2023-01-02 22:54:00,483.2092659315788,10.080355352289525,0
2023-01-02 22:55:00,519.0773373247915,12.311149466751328,0
2023-01-02 22:56:00,495.9966612134148,11.11941338636966,0
2023-01-02 22:57:00,413.57841300836265,11.002768164600962,0
2023-01-02 22:58:00,452.52624181149446,12.080614806403673,0
2023-01-02 22:59:00,369.38982480285864,10.896040526088381,0
2023-01-02 23:00:00,412.3953837281982,11.539009640234193,0
2023-01-02 23:01:00,485.9530583575627,11.019628295476103,0
2023-01-02 23:02:00,498.7397653624453,9.565164309341695,0
2023-01-02 23:03:00,494.27627889889243,12.264846974512357,0
2023-01-02 23:04:00,482.3287452582657,11.506713103703477,0
2023-01-02 23:05:00,418.6162010522186,9.759965009387843,0
2023-01-02 23:06:00,403.9589571442928,12.254577844826896,0
2023-01-02 23:07:00,474.0048357734344,11.437390846073123,0
2023-01-02 23:08:00,434.3151089257633,11.10244200868299,0
2023-01-02 23:09:00,489.5517265226771,10.292182465284409,0
2023-01-02 23:10:00,482.17717570898446,12.058387873597562,0
2023-01-02 23:11:00,456.0098648462255,12.98753112173861,0
2023-01-02 23:12:00,380.9332979028319,10.610263709006707,0
2023-01-02 23:13:00,481.26346560170043,11.626011954053586,0
2023-01-02 23:14:00,506.3989095838144,9.82940933850258,0
2023-01-02 23:15:00,408.5193139514183,9.589656047043462,0
2023-01-02 23:16:00,508.570161546296,9.070819657328325,0
2023-01-02 23:17:00,462.4584102693187,12.476120013352633,0
2023-01-02 23:18:00,474.67146622739835,11.772247457925946,0
2023-01-02 23:19:00,546.1745889799031,10.232895761117659,0
2023-01-02 23:20:00,533.5032361851185,9.014295423194508,0
2023-01-02 23:21:00,413.86743650864514,11.260200340170814,0
2023-01-02 23:22:00,482.9706790261176,10.623695374288776,0
2023-01-02 23:23:00,569.4506285621617,8.8955823715487,0
2023-01-02 23:24:00,440.9966943101887,10.087229027928121,0
2023-01-02 23:25:00,550.3245390129597,12.087868738745724,0
2023-01-02 23:26:00,452.81322177376165,10.952353358640561,0
2023-01-02 23:27:00,467.2908906875484,10.42965623597725,0
2023-01-02 23:28:00,467.83309028226927,11.581837187841638,0
2023-01-02 23:29:00,427.2588356094624,11.6017818145944,0
2023-01-02 23:30:00,464.9664065627078,11.787784541224088,0
2023-01-02 23:31:00,499.0411688720249,10.20084155089324,0
2023-01-02 23:32:00,554.9683997796635,10.033422771718838,0
2023-01-02 23:33:00,378.6432641555665,10.030445968638439,0
2023-01-02 23:34:00,441.02111750633605,10.923387171735857,0
2023-01-02 23:35:00,532.0976720704203,10.447234563192586,0
2023-01-02 23:36:00,515.0333922780613,12.382231579453542,0
2023-01-02 23:37:00,462.65057919007995,11.943118633364662,0
2023-01-02 23:38:00,478.9901082160237,11.661926872788294,0
2023-01-02 23:39:00,384.36182041216676,9.667041927530915,0
2023-01-02 23:40:00,476.5728964583762,10.419611545246061,0
2023-01-02 23:41:00,458.0663690703379,12.112611615604878,0
2023-01-02 23:42:00,411.4015985101296,10.977878867464087,0
2023-01-02 23:43:00,498.74994460848757,9.850927433793995,0
2023-01-02 23:44:00,459.9314210465765,9.919859226400868,0
2023-01-02 23:45:00,497.1780848661173,12.692095005716697,0
2023-01-02 23:46:00,584.2671302383468,10.334566998810123,0
2023-01-02 23:47:00,560.7318505671979,11.818372737977862,0
2023-01-02 23:48:00,400.2063600654653,10.784543919783108,0
2023-01-02 23:49:00,514.555325157017,9.449395944517185,0
2023-01-02 23:50:00,523.316376109187,11.462504856976725,0
2023-01-02 23:51:00,429.5236434261729,11.979336229300323,0
2023-01-02 23:52:00,479.94271490385074,11.721787745244864,0
2023-01-02 23:53:00,495.7134584239577,10.35919796870789,0
2023-01-02 23:54:00,543.032163699369,11.586289669617855,0
2023-01-02 23:55:00,590.7046679954321,9.83915235915829,0
2023-01-02 23:56:00,437.9955721578274,10.474749360446049,0
2023-01-02 23:57:00,542.7944953195594,9.807408801970531,0
2023-01-02 23:58:00,431.29912538102593,11.634811830982581,0
2023-01-02 23:59:00,577.4302167040855,11.919672891086515,0
2023-01-03 00:00:00,489.8322091756336,10.967540041840213,0
2023-01-03 00:01:00,577.749566291879,10.062488819952423,0
2023-01-03 00:02:00,508.0347077991876,10.816129255879902,0
2023-01-03 00:03:00,450.19304070251667,9.260132824959381,0
2023-01-03 00:04:00,509.70847405645077,11.133946104477278,0
2023-01-03 00:05:00,604.2163748419707,12.753662742864801,0
2023-01-03 00:06:00,507.1187602983385,9.852411242265369,0
2023-01-03 00:07:00,516.1995398928883,10.894568955966971,0
2023-01-03 00:08:00,519.753464275136,10.151938390604858,0
2023-01-03 00:09:00,468.0046504923174,10.214886393258997,0
2023-01-03 00:10:00,438.4824757560686,11.08303376139587,0
2023-01-03 00:11:00,532.1000611042084,10.396670555871768,0
2023-01-03 00:12:00,536.6288880708047,12.717409183480633,0
2023-01-03 00:13:00,567.2874729968197,9.824134500227428,0
2023-01-03 00:14:00,508.43000744062033,12.068832767155495,0
2023-01-03 00:15:00,503.69542476885033,11.850998108707268,0
2023-01-03 00:16:00,427.2073244631679,7.6999963920513625,0
2023-01-03 00:17:00,493.82154144796385,11.55526785045754,0
2023-01-03 00:18:00,570.3025894048719,10.313271215108943,0
2023-01-03 00:19:00,521.8499868751791,9.673264475284213,0
2023-01-03 00:20:00,1052.4461998137904,10.423755392621258,0
2023-01-03 00:21:00,573.3554390475443,9.7941692775076,0
2023-01-03 00:22:00,521.9660736204003,9.625292248639376,0
2023-01-03 00:23:00,492.8589779169403,12.798041566419517,0
2023-01-03 00:24:00,579.0741113475574,11.749040168497887,0
2023-01-03 00:25:00,533.8252790764194,9.177390316052078,0
2023-01-03 00:26:00,535.7754963783881,10.535113459399037,0
2023-01-03 00:27:00,592.2793516087976,11.805738276774674,0
2023-01-03 00:28:00,495.85288027382626,8.643150394932412,0
2023-01-03 00:29:00,615.1462803491429,12.603698928534122,0
2023-01-03 00:30:00,539.369679719734,11.489482500278006,0
2023-01-03 00:31:00,486.67016155703936,9.335420819653155,0
2023-01-03 00:32:00,476.93137949556717,11.761099266852515,0
2023-01-03 00:33:00,660.173474160305,10.203389140410719,0
2023-01-03 00:34:00,597.9806519530177,10.663084190335685,0
2023-01-03 00:35:00,561.992256113989,12.826261388869192,0
2023-01-03 00:36:00,520.2562561681239,10.64041881055488,0
2023-01-03 00:37:00,524.2089422944465,10.324834130777957,0
2023-01-03 00:38:00,528.9192182475634,10.845174807439294,0
2023-01-03 00:39:00,536.2296149218122,12.746041856172125,0
2023-01-03 00:40:00,663.4805045218546,10.134127175596763,0
2023-01-03 00:41:00,514.5794644661557,10.758636589537693,0
2023-01-03 00:42:00,499.4179813968001,10.596325532134259,0
2023-01-03 00:43:00,564.1656299480254,13.087685410400418,0
2023-01-03 00:44:00,520.728637378636,10.375736573798916,0
2023-01-03 00:45:00,555.0548042385426,10.829340331035185,0
2023-01-03 00:46:00,529.4087246405264,10.619423370285354,0
2023-01-03 00:47:00,507.6036875869543,9.903089845042595,0
2023-01-03 00:48:00,546.193401677139,10.124246399848278,0
2023-01-03 00:49:00,542.9456857767176,10.989442944936094,0
2023-01-03 00:50:00,523.660536628829,11.646889691157414,0
2023-01-03 00:51:00,470.2507776525614,10.629719398374991,0
2023-01-03 00:52:00,488.7373954079992,10.875752027386437,0
2023-01-03 00:53:00,577.4871709881013,10.179839019986256,0
2023-01-03 00:54:00,542.5122330546747,8.596029629596988,0
2023-01-03 00:55:00,610.4549859128772,10.037556607759148,0
2023-01-03 00:56:00,548.7771636646806,9.121197552167876,0
2023-01-03 00:57:00,495.9191927292127,9.21403904225907,0
2023-01-03 00:58:00,606.3483915788999,10.403956670941614,0
2023-01-03 00:59:00,549.9699797469992,12.334977911186977,0
2023-01-03 01:00:00,559.2030108701966,9.901668106612581,0
2023-01-03 01:01:00,613.6007214651343,11.432111357413868,0
2023-01-03 01:02:00,545.8585412058939,10.787250946323878,0
2023-01-03 01:03:00,608.2038297761626,11.370429369580869,0
2023-01-03 01:04:00,633.2300116927356,10.510968718976303,0
2023-01-03 01:05:00,624.9040754028781,11.014429279402894,0
2023-01-03 01:06:00,535.2897477910494,11.73820418267619,0
2023-01-03 01:07:00,567.6103035644726,9.156722150719766,0
2023-01-03 01:08:00,575.1897591709625,9.609027238886382,0
2023-01-03 01:09:00,660.3756505454005,10.084819204897341,0
2023-01-03 01:10:00,585.4755010989512,10.99456166014499,0
2023-01-03 01:11:00,560.4540343982486,9.750878663367434,0
2023-01-03 01:12:00,468.92078474289366,10.032654840495708,0
2023-01-03 01:13:00,575.3821884844347,10.656858282845274,0
2023-01-03 01:14:00,615.2476946161908,10.690699636372972,0
2023-01-03 01:15:00,620.0376261599204,9.954364041449075,0
2023-01-03 01:16:00,581.815934477659,9.633542730035185,0
2023-01-03 01:17:00,552.689645962851,10.547738938230546,0
2023-01-03 01:18:00,604.3975790376934,8.826889732020526,0
2023-01-03 01:19:00,501.70260839672545,11.110258670946715,0
2023-01-03 01:20:00,647.3113990784638,8.604720287927131,0
2023-01-03 01:21:00,565.4899442352954,9.533070119092137,0
2023-01-03 01:22:00,572.8599908790244,10.197050328621586,0
2023-01-03 01:23:00,546.2600435766703,9.30882697602979,0
2023-01-03 01:24:00,509.41966301711636,9.980133577976044,0
2023-01-03 01:25:00,671.9244862319623,9.179770502942516,0
2023-01-03 01:26:00,583.0816191295486,10.357201478663104,0
2023-01-03 01:27:00,476.96902325508046,10.09748310151895,0
2023-01-03 01:28:00,708.4920886067308,10.937562879133417,0
2023-01-03 01:29:00,566.8425782387267,11.442448526654925,0
2023-01-03 01:30:00,576.3207086501845,11.607472275586707,0
2023-01-03 01:31:00,637.3471763853915,11.161823456552312,0
2023-01-03 01:32:00,575.8664207737563,9.638230824889163,0
2023-01-03 01:33:00,593.0569623001936,9.947006753910877,0
2023-01-03 01:34:00,590.2633101983635,8.848866966647241,0
2023-01-03 01:35:00,594.8136357920448,8.079743168630527,0
2023-01-03 01:36:00,567.8050399554132,10.956936910436083,0
2023-01-03 01:37:00,644.2056535608841,9.335007847057566,0
2023-01-03 01:38:00,546.5018969787759,9.44842138935562,0
2023-01-03 01:39:00,491.9521478826462,9.844430763924727,0
2023-01-03 01:40:00,570.4010299138012,9.6427677855158,0
2023-01-03 01:41:00,513.7170648311852,9.11626630330461,0
2023-01-03 01:42:00,660.8218308481498,10.109055073618523,0
2023-01-03 01:43:00,649.3783282719565,8.946457634107833,0
2023-01-03 01:44:00,608.8629656587888,9.078351950745768,0
2023-01-03 01:45:00,538.065529123819,9.713450012900905,0
2023-01-03 01:46:00,702.0149472459931,9.268436069450061,0
2023-01-03 01:47:00,718.8620475057028,10.655011938331855,0
2023-01-03 01:48:00,633.8022348960261,10.064525846560059,0
2023-01-03 01:49:00,607.7759110296047,9.649597363074685,0
2023-01-03 01:50:00,617.6305592326204,10.863151766719518,0
2023-01-03 01:51:00,578.2417516345339,10.414327893459367,0
2023-01-03 01:52:00,649.8835803941063,11.028426810857507,0
2023-01-03 01:53:00,549.5112386372057,9.486964781251435,0
2023-01-03 01:54:00,629.3597347476177,11.759455856163436,0
2023-01-03 01:55:00,633.5131403634293,11.798479260541711,0
2023-01-03 01:56:00,587.2924290415843,9.735092461157803,0
2023-01-03 01:57:00,637.1983962153682,9.714300231972475,0
2023-01-03 01:58:00,547.4602472579312,10.74913474407625,0
2023-01-03 01:59:00,615.6542319754222,9.445684166767794,0
2023-01-03 02:00:00,1169.0535083274342,9.294331854431295,0
2023-01-03 02:01:00,600.8233863718119,11.121789491798221,0
2023-01-03 02:02:00,568.4948897075835,9.915936017815024,0
2023-01-03 02:03:00,584.0935594085344,8.431330305638145,0
2023-01-03 02:04:00,518.6471135390432,10.398776048144072,0
2023-01-03 02:05:00,632.3139145153207,12.580424731302312,0
2023-01-03 02:06:00,558.4015512349237,10.00526191433367,0
2023-01-03 02:07:00,640.7250007343351,9.343659154854809,0
2023-01-03 02:08:00,641.2381376656839,9.786623586885492,0
2023-01-03 02:09:00,609.2043381078134,11.125142322988783,0
2023-01-03 02:10:00,592.6141847055484,10.350508520641432,0
2023-01-03 02:11:00,651.9484647060408,10.341146032321427,0
2023-01-03 02:12:00,586.5149337596757,9.887921439432569,0
2023-01-03 02:13:00,533.4972286152155,10.389286455595858,0
2023-01-03 02:14:00,673.7243674307783,9.889621432688328,0
2023-01-03 02:15:00,659.0253492706672,10.86890112790487,0
2023-01-03 02:16:00,515.890203504271,9.313834851085648,0
2023-01-03 02:17:00,606.1412315630922,10.287889233973079,0
2023-01-03 02:18:00,453.7770416460752,10.003791313562001,0
2023-01-03 02:19:00,570.0448808308316,9.740366192104315,0
2023-01-03 02:20:00,574.5988059403542,9.737366248133032,0
2023-01-03 02:21:00,709.6830746500558,9.559106158640475,0
2023-01-03 02:22:00,493.85145499808823,10.303387820861229,0
2023-01-03 02:23:00,529.8117580680172,9.883305086049836,0
2023-01-03 02:24:00,676.1934130079587,9.609357642674087,0
2023-01-03 02:25:00,695.1746281618292,11.839232194056532,0
2023-01-03 02:26:00,623.9595637642266,10.170046122704205,0
2023-01-03 02:27:00,623.2066653297263,11.16127563292324,0
2023-01-03 02:28:00,573.7114489286755,9.421857960809442,0
2023-01-03 02:29:00,633.2424667179397,9.253508501401688,0
2023-01-03 02:30:00,613.1696333711293,8.342860064222315,0
2023-01-03 02:31:00,703.8324027663758,10.28532175733312,0
2023-01-03 02:32:00,584.0354807918429,10.8643486798578,0
2023-01-03 02:33:00,549.6336879856916,11.463840174004858,0
2023-01-03 02:34:00,552.412703665402,8.828692785874168,0
2023-01-03 02:35:00,641.2887243841346,10.036493025220304,0
2023-01-03 02:36:00,590.7192323914524,9.74457643970004,0
2023-01-03 02:37:00,559.8803101315017,8.84605646451991,0
2023-01-03 02:38:00,600.5763107030552,9.741283362441816,0
2023-01-03 02:39:00,575.2197051437954,10.790661301583116,0
2023-01-03 02:40:00,640.8336371516397,9.871050659868551,0
2023-01-03 02:41:00,640.6138268619391,9.65123836626946,0
2023-01-03 02:42:00,630.7800829990846,9.357554630030638,0
2023-01-03 02:43:00,598.6389147128131,9.091760976888686,0
2023-01-03 02:44:00,626.7159382452155,11.88447584947993,0
2023-01-03 02:45:00,680.8939307617953,11.268723897674388,0
2023-01-03 02:46:00,574.448767737418,12.060900669386555,0
2023-01-03 02:47:00,594.2741453307697,9.414662614761646,0
2023-01-03 02:48:00,646.8207189004056,9.508182061586025,0
2023-01-03 02:49:00,619.9171292255623,10.429828798252075,0
2023-01-03 02:50:00,634.2788425973979,10.779449197423492,0
2023-01-03 02:51:00,689.497311570957,10.404499405397146,0
2023-01-03 02:52:00,638.4941138312912,9.018555435315491,0
2023-01-03 02:53:00,723.02853669023,10.470158240066755,0
2023-01-03 02:54:00,655.3693757557998,9.672383349697546,0
2023-01-03 02:55:00,616.1345084558694,11.604766464364294,0
2023-01-03 02:56:00,648.1369752923739,9.416504493288574,0
2023-01-03 02:57:00,634.5356639037246,9.639560103933174,0
2023-01-03 02:58:00,755.7365292853727,9.737334718340444,0
2023-01-03 02:59:00,693.2913818493598,11.026730266225687,0
2023-01-03 03:00:00,655.7850211285055,10.420321826308596,0
2023-01-03 03:01:00,652.8795924315481,9.446996456663669,0
2023-01-03 03:02:00,599.8499158533787,9.785924317988945,0
2023-01-03 03:03:00,681.0659271404803,10.72432695125665,0
2023-01-03 03:04:00,593.9044375721274,11.323337124292284,0
2023-01-03 03:05:00,630.1538585987777,8.223174512586453,0
2023-01-03 03:06:00,713.1401548320749,12.659765073677864,0
2023-01-03 03:07:00,613.2696899867345,11.39470702559717,0
2023-01-03 03:08:00,595.277801834628,10.168979146364391,0
2023-01-03 03:09:00,625.1578443754115,11.03379841649831,0
2023-01-03 03:10:00,655.518940861492,9.20491557632357,0
2023-01-03 03:11:00,658.5739847345116,9.949505374935457,0
2023-01-03 03:12:00,637.3646125712349,10.514416130397883,0
2023-01-03 03:13:00,609.9426496595726,10.025737025334408,0
2023-01-03 03:14:00,582.8497222823904,10.179749836281749,0
2023-01-03 03:15:00,674.4559466765443,9.42627017611819,0
2023-01-03 03:16:00,656.8848043186414,9.480333969357101,0
2023-01-03 03:17:00,747.5497861127195,10.71891476770546,0
2023-01-03 03:18:00,585.7109026990797,11.190181250875314,0
2023-01-03 03:19:00,707.2353887281953,9.996917835209892,0
2023-01-03 03:20:00,668.8152276797238,9.614736222913587,0
2023-01-03 03:21:00,636.3495420754551,8.976667923716924,0
2023-01-03 03:22:00,630.1259328479528,10.597667867266841,0
2023-01-03 03:23:00,728.1853897755806,8.618920387218028,0
2023-01-03 03:24:00,637.0814848187376,10.79772604158617,0
2023-01-03 03:25:00,633.6870437082677,10.368992318135442,0
2023-01-03 03:26:00,587.223240646156,12.77511271653142,0
2023-01-03 03:27:00,713.564894923173,11.762038371958786,0
2023-01-03 03:28:00,652.4151116886777,8.202340361473144,0
2023-01-03 03:29:00,749.0692217058927,8.287841626237459,0
2023-01-03 03:30:00,699.6660102053211,10.190474825410268,0
2023-01-03 03:31:00,652.9590504886363,9.13051225841039,0
2023-01-03 03:32:00,565.127230637542,9.596071539001771,0
2023-01-03 03:33:00,747.600066106867,11.098492935550361,0
2023-01-03 03:34:00,643.6998937505646,11.814837529380782,0
2023-01-03 03:35:00,721.46988098879,10.529293183128205,0
2023-01-03 03:36:00,629.21446636213,8.64725637836042,0
2023-01-03 03:37:00,606.2767336836147,9.549582111799433,0
2023-01-03 03:38:00,676.2876773100801,9.664978818732472,0
2023-01-03 03:39:00,640.9067059910928,10.304048334574208,0
2023-01-03 03:40:00,1138.423987446882,8.808487899799424,0
2023-01-03 03:41:00,618.9604355242747,8.586284478017614,0
2023-01-03 03:42:00,676.9756521473649,12.656899069025084,0
2023-01-03 03:43:00,669.1885196175328,11.349784525075489,0
2023-01-03 03:44:00,681.6215320333579,9.739715970126799,0
2023-01-03 03:45:00,637.4676708044015,9.028932111472036,0
2023-01-03 03:46:00,673.4977434106931,9.596110921408256,0
2023-01-03 03:47:00,703.2534108494153,9.208836579505139,0
2023-01-03 03:48:00,597.8664153278901,9.916751432747184,0
2023-01-03 03:49:00,618.3040933994203,9.181262525383652,0
2023-01-03 03:50:00,673.5279623950422,9.495845475385426,0
2023-01-03 03:51:00,683.37600940288,10.260000975925834,0
2023-01-03 03:52:00,582.6344422577276,8.447157380867296,0
2023-01-03 03:53:00,692.894801485705,9.731690624059622,0
2023-01-03 03:54:00,631.3498637559136,11.338183311037865,0
2023-01-03 03:55:00,776.8328877641973,9.507749894527166,0
2023-01-03 03:56:00,699.0390929204126,10.350998366470579,0
2023-01-03 03:57:00,728.7940943479409,7.54263377289756,0
2023-01-03 03:58:00,528.6987345117667,8.669067068002729,0
2023-01-03 03:59:00,676.8475239018403,9.633615461295506,0
2023-01-03 04:00:00,696.8245637227791,9.12245748324872,0
2023-01-03 04:01:00,631.5343056446258,9.160893893976086,0
2023-01-03 04:02:00,650.0020018325441,10.10814058210613,0
2023-01-03 04:03:00,704.8469897559789,11.205219530252725,0
2023-01-03 04:04:00,710.2850332851095,11.27265292805047,0
2023-01-03 04:05:00,708.8553239970944,9.94016204831929,0
2023-01-03 04:06:00,750.8778574646522,9.88242602401209,0
2023-01-03 04:07:00,711.8571524265509,10.10678293333985,0
2023-01-03 04:08:00,710.4151402258367,10.693496689952111,0
2023-01-03 04:09:00,677.4071550704384,8.97174072177778,0
2023-01-03 04:10:00,667.7310574618183,9.091107316461239,0
2023-01-03 04:11:00,619.2657371938948,10.673150489079866,0
2023-01-03 04:12:00,621.3330560309413,10.117607095688003,0
2023-01-03 04:13:00,662.9024896702631,8.941857276595979,0
2023-01-03 04:14:00,706.757467458637,7.573681484953698,0
2023-01-03 04:15:00,675.9628996667165,11.802401892570465,0
2023-01-03 04:16:00,718.2223447532955,9.714829526810822,0
2023-01-03 04:17:00,735.7533598795227,10.686706389812013,0
2023-01-03 04:18:00,630.9804759040901,9.694779470160384,0
2023-01-03 04:19:00,720.9581003693427,10.395110613352985,0
2023-01-03 04:20:00,715.0718084237628,8.974406211698708,0
2023-01-03 04:21:00,577.2717258230468,9.51072339450898,0
2023-01-03 04:22:00,729.4444688823291,8.677680680041464,0
2023-01-03 04:23:00,586.1468026942891,8.649202424470657,0
2023-01-03 04:24:00,642.9368796180993,10.001087727657728,0
2023-01-03 04:25:00,655.1269586896879,9.932326539558009,0
2023-01-03 04:26:00,677.0211961572329,8.256734045082633,0
2023-01-03 04:27:00,643.2584399540549,9.498867865840518,0
2023-01-03 04:28:00,704.0218449133929,10.98787297764988,0
2023-01-03 04:29:00,611.8792330536568,9.994199561621544,0
2023-01-03 04:30:00,701.5716246653362,10.307043537667912,0
2023-01-03 04:31:00,751.5081025455462,9.346591040459375,0
2023-01-03 04:32:00,691.8137132013874,10.38112433500569,0
2023-01-03 04:33:00,728.7618215043175,8.9401168598168,0
2023-01-03 04:34:00,600.4934275731134,9.891623040292252,0
2023-01-03 04:35:00,662.4944726462472,10.4090690883879,0
2023-01-03 04:36:00,717.013230068584,10.116312693700474,0
2023-01-03 04:37:00,599.8188939902394,9.957271079955866,0
2023-01-03 04:38:00,580.2226934933365,10.404165294277856,0
2023-01-03 04:39:00,675.0915391680767,8.151678093761317,0
2023-01-03 04:40:00,635.3036683963539,11.225020263218372,0
2023-01-03 04:41:00,685.1367459117942,10.204533918655788,0
2023-01-03 04:42:00,680.3352432790007,8.222094070880148,0
2023-01-03 04:43:00,688.0604830411595,8.987021475275732,0
2023-01-03 04:44:00,698.1142555735576,10.437004778668761,0
2023-01-03 04:45:00,728.8292902266359,10.760719308611462,0
2023-01-03 04:46:00,681.9306916234582,8.6943383791384,0
2023-01-03 04:47:00,717.0939158330777,8.873434128257784,0
2023-01-03 04:48:00,775.3555109664444,10.784324327288907,0
2023-01-03 04:49:00,734.6336892146741,10.723327882274416,0
2023-01-03 04:50:00,742.8287505202504,9.518003556359435,0
2023-01-03 04:51:00,746.6584988354058,9.888949553227228,0
2023-01-03 04:52:00,680.9432644053833,10.57867129616049,0
2023-01-03 04:53:00,727.331430242416,9.392098555582635,0
2023-01-03 04:54:00,802.1393456555197,11.526403384391026,0
2023-01-03 04:55:00,670.7742425128652,10.990249739152322,0
2023-01-03 04:56:00,671.7226398208547,8.423614972525566,0
2023-01-03 04:57:00,745.5213609569537,11.942874113764274,0
2023-01-03 04:58:00,623.9448739878221,9.007668190437268,0
2023-01-03 04:59:00,620.1413300836741,10.583019907527586,0
2023-01-03 05:00:00,645.4697934186063,11.857519237759899,0
2023-01-03 05:01:00,700.7375120575183,8.106219682172311,0
2023-01-03 05:02:00,659.265148355453,9.143560506355017,0
2023-01-03 05:03:00,767.9668564158998,9.622510581125345,0
2023-01-03 05:04:00,704.787217362565,9.725396215017158,0
2023-01-03 05:05:00,673.0360140045339,10.573107552796271,0
2023-01-03 05:06:00,642.6031205193846,10.220903592128673,0
2023-01-03 05:07:00,747.4744717452447,11.41286894557619,0
2023-01-03 05:08:00,628.3823482842627,8.237332132992764,0
2023-01-03 05:09:00,696.587135087603,11.27491349660951,0
2023-01-03 05:10:00,673.0448691138481,8.660849692157655,0
2023-01-03 05:11:00,620.7455639097319,9.006554681913125,0
2023-01-03 05:12:00,650.9141824037475,9.555583425985152,0
2023-01-03 05:13:00,666.5846231095662,11.740503760046387,0
2023-01-03 05:14:00,673.3673587303489,9.432068534290957,0
2023-01-03 05:15:00,671.864238140268,10.498461347195477,0
2023-01-03 05:16:00,655.2934764167213,8.08348237709897,0
2023-01-03 05:17:00,677.7434534330254,12.59145443273169,0
2023-01-03 05:18:00,674.4355327579772,10.333565902031262,0
2023-01-03 05:19:00,774.296105948983,10.172115928330227,0
2023-01-03 05:20:00,1113.8502550566031,9.735357131912592,0
2023-01-03 05:21:00,765.6358827297895,11.634041965770322,0
2023-01-03 05:22:00,703.5461422097784,8.753870510201374,0
2023-01-03 05:23:00,676.0493467835695,9.557670401632878,0
2023-01-03 05:24:00,643.5095948456114,10.540961436357787,0
2023-01-03 05:25:00,715.8583779252742,9.730055141659847,0
2023-01-03 05:26:00,701.8269299362431,9.342973477256141,0
2023-01-03 05:27:00,712.4128877356372,9.548640473568167,0
2023-01-03 05:28:00,661.9214927639636,12.631427422343101,0
2023-01-03 05:29:00,688.4174002174782,10.481399927313449,0
2023-01-03 05:30:00,726.7961632526735,10.361008428454179,0
2023-01-03 05:31:00,675.8846023939725,10.072277103550068,0
2023-01-03 05:32:00,716.602009932405,8.312558573631396,0
2023-01-03 05:33:00,658.7017497503489,10.709154980487632,0
2023-01-03 05:34:00,759.3020459904393,11.089596356969743,0
2023-01-03 05:35:00,642.9397757909815,11.210547997565781,0
2023-01-03 05:36:00,711.9955427329359,8.208472760222897,0
2023-01-03 05:37:00,690.7055202330909,11.362811712585131,0
2023-01-03 05:38:00,792.9268992987016,9.129281970679038,0
2023-01-03 05:39:00,679.604222798104,10.035650392243408,0
2023-01-03 05:40:00,656.3567388014825,10.17994190391153,0
2023-01-03 05:41:00,640.7938069892006,8.780220322522768,0
2023-01-03 05:42:00,573.1862049166846,11.309707608064612,0
2023-01-03 05:43:00,672.4837388719412,10.255739030945087,0
2023-01-03 05:44:00,716.7540432550383,9.790803407644326,0
2023-01-03 05:45:00,794.510269400764,10.587150044766343,0
2023-01-03 05:46:00,831.3382719708685,10.5995889325568,0
2023-01-03 05:47:00,714.3355156910951,8.920837186827018,0
2023-01-03 05:48:00,751.4505604655268,8.854335237314318,0
2023-01-03 05:49:00,695.2932063703686,8.930096589378184,0
2023-01-03 05:50:00,667.3265564855186,10.705015229474844,0
2023-01-03 05:51:00,730.2396408270444,10.896023847734764,0
2023-01-03 05:52:00,660.0768610643742,10.252731300060756,0
2023-01-03 05:53:00,622.6656386235619,10.913393495080099,0
2023-01-03 05:54:00,693.3292758053108,10.392050838796647,0
2023-01-03 05:55:00,776.947154486797,12.000986364026245,0
2023-01-03 05:56:00,714.2192613980013,8.984576043624669,0
2023-01-03 05:57:00,741.1602689398671,8.85638490156585,0
2023-01-03 05:58:00,755.9013993661648,10.210340339034923,0
2023-01-03 05:59:00,681.2681694484149,11.471352450868725,0
2023-01-03 06:00:00,685.5926721501505,10.483292286947439,0
2023-01-03 06:01:00,751.434413283313,11.411450872681481,0
2023-01-03 06:02:00,720.546536175536,11.317664707748397,0
2023-01-03 06:03:00,713.8590629464467,8.54284360051443,0
2023-01-03 06:04:00,703.0577997649959,9.380943613983108,0
2023-01-03 06:05:00,730.5915629067838,11.737215834773291,0
2023-01-03 06:06:00,758.6370416622655,11.052530720053916,0
2023-01-03 06:07:00,674.7080327979754,8.899074305574128,0
2023-01-03 06:08:00,617.9314010803747,12.048800020265505,0
2023-01-03 06:09:00,764.2069103257948,11.398503413464056,0
2023-01-03 06:10:00,675.1431664444399,11.259465545380452,0
2023-01-03 06:11:00,700.755062779797,9.822727044812558,0
2023-01-03 06:12:00,694.0273521129568,8.190178349124341,0
2023-01-03 06:13:00,639.7352070018094,10.270208036567332,0
2023-01-03 06:14:00,750.811284984241,10.506255699470142,0
2023-01-03 06:15:00,740.0637395883589,9.849125297573389,0
2023-01-03 06:16:00,746.2598792968568,10.238824592914634,0
2023-01-03 06:17:00,761.7073396895743,9.23890060874879,0
2023-01-03 06:18:00,687.8334967603499,9.601053265388757,0
2023-01-03 06:19:00,691.3843377243786,9.73137112761412,0
2023-01-03 06:20:00,699.3966521009372,11.864262511180664,0
2023-01-03 06:21:00,748.0973645253837,10.953187264478517,0
2023-01-03 06:22:00,777.739522731779,11.170225771706361,0
2023-01-03 06:23:00,752.2151336724605,10.42208058974896,0
2023-01-03 06:24:00,768.4187479513115,9.97331504748427,0
2023-01-03 06:25:00,718.0400787412996,11.824044584278875,0
2023-01-03 06:26:00,721.1363301958952,8.142626465184527,0
2023-01-03 06:27:00,664.8450383010047,11.409259064814378,0
2023-01-03 06:28:00,664.0404564916284,10.164759877444403,0
2023-01-03 06:29:00,657.9366965990507,8.184309382211756,0
2023-01-03 06:30:00,799.5216931905123,9.926713866561968,0
2023-01-03 06:31:00,758.9918848868808,9.785845403507036,0
2023-01-03 06:32:00,659.6144222716807,9.865576695383831,0
2023-01-03 06:33:00,679.4621541425123,9.18592993542604,0
2023-01-03 06:34:00,720.1648589316379,9.971991223230066,0
2023-01-03 06:35:00,685.403240120146,10.37804446288002,0
2023-01-03 06:36:00,701.3175619123232,9.434022611501984,0
2023-01-03 06:37:00,671.6057989719734,10.096815931178421,0
2023-01-03 06:38:00,771.2078950071095,10.478899080379023,0
2023-01-03 06:39:00,640.278481441532,10.909564921643401,0
2023-01-03 06:40:00,628.9686175065095,9.300743894226251,0
2023-01-03 06:41:00,653.5517059354416,10.174488791017634,0
2023-01-03 06:42:00,704.9102397418018,9.182071797252423,0
2023-01-03 06:43:00,699.5319407687314,11.246441349881502,0
2023-01-03 06:44:00,746.834285743593,10.085792602422222,0
2023-01-03 06:45:00,622.4593091249374,10.744082132163257,0
2023-01-03 06:46:00,617.519055861694,11.763464543796394,0
2023-01-03 06:47:00,736.6365013708592,8.5093417668874,0
2023-01-03 06:48:00,755.5534420196245,9.243259174656158,0
2023-01-03 06:49:00,746.718336378071,9.726962060359572,0
2023-01-03 06:50:00,666.0151124098475,11.407783837280357,0
2023-01-03 06:51:00,744.531090556486,10.220396305153889,0
2023-01-03 06:52:00,709.0671160829454,10.406312062460104,0
2023-01-03 06:53:00,687.9151310494844,9.776747629501138,0
2023-01-03 06:54:00,664.5476764588213,9.252197208443446,0
2023-01-03 06:55:00,687.545000901345,10.672236465354425,0
2023-01-03 06:56:00,705.4286536451556,9.565729324823888,0
2023-01-03 06:57:00,735.6339598677076,8.772042859615194,0
2023-01-03 06:58:00,691.621766791036,8.85027590607516,0
2023-01-03 06:59:00,633.2386103553729,11.60818739254468,0
2023-01-03 07:00:00,1166.802702351571,10.975641608224366,0
2023-01-03 07:01:00,630.1405507051636,10.223305845453202,0
2023-01-03 07:02:00,657.2616601527288,10.295417672864263,0
2023-01-03 07:03:00,591.1485040694917,8.828420072946988,0
2023-01-03 07:04:00,629.0332439491199,9.311960509995025,0
2023-01-03 07:05:00,775.0795517706133,10.561343892457248,0
2023-01-03 07:06:00,583.2993739006846,10.504580441604743,0
2023-01-03 07:07:00,725.2430101907676,9.982683191160486,0
2023-01-03 07:08:00,706.999070500603,8.164725514101715,0
2023-01-03 07:09:00,655.6947558766981,10.109942859846083,0
2023-01-03 07:10:00,706.285638412409,11.669951078066635,0
2023-01-03 07:11:00,644.8563448104613,7.549527814569604,0
2023-01-03 07:12:00,622.1126555699215,10.252791596424267,0
2023-01-03 07:13:00,695.4049305717139,10.884006894125365,0
2023-01-03 07:14:00,740.2554015695167,10.47099407077438,0
2023-01-03 07:15:00,678.2749463190078,9.90204835017192,0
2023-01-03 07:16:00,749.8645940278395,9.803767263051286,0
2023-01-03 07:17:00,650.9860390713816,9.830093759903122,0
2023-01-03 07:18:00,637.5619292667521,9.89712863908719,0
2023-01-03 07:19:00,642.9194209869502,9.646677010701174,0
2023-01-03 07:20:00,607.6169723759103,8.878619483482225,0
2023-01-03 07:21:00,636.6709977797879,11.002592135073792,0
2023-01-03 07:22:00,674.3380205070913,11.164612565540956,0
2023-01-03 07:23:00,750.9708488922885,10.401516173066852,0
2023-01-03 07:24:00,677.6717830806771,9.885333095034982,0
2023-01-03 07:25:00,760.7652239683752,9.869768758326138,0
2023-01-03 07:26:00,753.9129534111901,11.393813128606093,0
2023-01-03 07:27:00,625.6578713014549,10.646916719469429,0
2023-01-03 07:28:00,636.4313527812691,11.273340309036445,0
2023-01-03 07:29:00,824.321786950756,9.823787527507235,0
2023-01-03 07:30:00,712.5845682611096,7.891093792206828,0
2023-01-03 07:31:00,682.034298517932,10.948949714350615,0
2023-01-03 07:32:00,739.9449391794318,9.647266905620985,0
2023-01-03 07:33:00,777.4876533162302,8.671698781074404,0
2023-01-03 07:34:00,727.4402959802372,9.984717463488197,0
2023-01-03 07:35:00,672.5354265847822,8.609362301796846,0
2023-01-03 07:36:00,742.5661794322742,10.725174348766913,0
2023-01-03 07:37:00,738.2247086393547,10.418209126618633,0
2023-01-03 07:38:00,694.652479292437,10.925816411362561,0
2023-01-03 07:39:00,631.8261645971518,10.17558068023713,0
2023-01-03 07:40:00,631.0095042910923,8.284638901902259,0
2023-01-03 07:41:00,709.1841363621518,7.5134444961187885,0
2023-01-03 07:42:00,661.5029940138505,9.042952007285647,0
2023-01-03 07:43:00,626.3028720421738,9.49470324572341,0
2023-01-03 07:44:00,694.7704175155493,10.111811054146752,0
2023-01-03 07:45:00,718.1650914084283,9.664312559110096,0
2023-01-03 07:46:00,596.2084929576234,9.90145056736401,0
2023-01-03 07:47:00,763.0853178446896,10.408148270138039,0
2023-01-03 07:48:00,702.9052245140778,10.008248301131502,0
2023-01-03 07:49:00,628.9649923231834,10.709624470912619,0
2023-01-03 07:50:00,726.8408915497281,9.677719754494062,0
2023-01-03 07:51:00,642.8269312120611,8.716633912220091,0
2023-01-03 07:52:00,728.7922465781776,9.200782834379682,0
2023-01-03 07:53:00,597.2496845021919,10.478862966243632,0
2023-01-03 07:54:00,558.3931592818444,9.548139548830946,0
2023-01-03 07:55:00,597.6962993576301,10.963400981300312,0
2023-01-03 07:56:00,559.2340279563945,10.313015347199245,0
2023-01-03 07:57:00,672.4825705954893,10.568055472914788,0
2023-01-03 07:58:00,635.047864918623,10.761567602265336,0
2023-01-03 07:59:00,626.5568615907047,9.93149367545297,0
2023-01-03 08:00:00,581.8420812710676,9.075301061415065,0
2023-01-03 08:01:00,681.5511065223028,9.303109942630154,0
2023-01-03 08:02:00,695.1466955708796,9.502104215902355,0
2023-01-03 08:03:00,618.4635996620227,8.78624051791456,0
2023-01-03 08:04:00,682.6835396710372,9.827764260501883,0
2023-01-03 08:05:00,646.7477354951542,10.525515059879657,0
2023-01-03 08:06:00,691.8688733639272,10.439022883586917,0
2023-01-03 08:07:00,640.6644826432641,10.26805674535978,0
2023-01-03 08:08:00,644.4998379116082,8.684364865896184,0
2023-01-03 08:09:00,714.5596604416362,10.284613643360958,0
2023-01-03 08:10:00,745.7444279966875,10.194078916886962,0
2023-01-03 08:11:00,734.2367375585911,11.487705054997136,0
2023-01-03 08:12:00,780.2800033133936,11.671080261786555,0
2023-01-03 08:13:00,687.4093999626687,12.040366725302981,0
2023-01-03 08:14:00,607.9251998787379,10.21270239303169,0
2023-01-03 08:15:00,576.266368954987,8.701206520043286,0
2023-01-03 08:16:00,668.0899150726226,9.276096813748786,0
2023-01-03 08:17:00,788.4038878759932,9.355683640502434,0
2023-01-03 08:18:00,751.8064010167652,10.39719306533352,0
2023-01-03 08:19:00,664.4363753008405,9.588369244160372,0
2023-01-03 08:20:00,644.3339684118781,11.454845251306716,0
2023-01-03 08:21:00,723.3051231528087,10.427264086257157,0
2023-01-03 08:22:00,642.5783818192986,9.765911402794844,0
2023-01-03 08:23:00,649.1025271075627,10.911837243826598,0
2023-01-03 08:24:00,609.118706603516,9.347605716384734,0
2023-01-03 08:25:00,646.78824003256,11.559495704392765,0
2023-01-03 08:26:00,694.7995180757655,11.17922570117503,0
2023-01-03 08:27:00,635.1963013795818,9.979066208323308,0
2023-01-03 08:28:00,736.9658863632718,9.429209983932443,0
2023-01-03 08:29:00,604.2288533019541,11.152644384662704,0
2023-01-03 08:30:00,695.495472089328,11.382178234468563,0
2023-01-03 08:31:00,679.1149294685823,12.417631782332073,0
2023-01-03 08:32:00,718.6243383118975,9.676328759809973,0
2023-01-03 08:33:00,676.4035941383656,10.336657625020841,0
2023-01-03 08:34:00,706.548502182571,10.596197711082784,0
2023-01-03 08:35:00,667.1869932863033,10.068367000376858,0
2023-01-03 08:36:00,736.4597676925845,10.602786053903598,0
2023-01-03 08:37:00,662.0193986064908,10.251789194874751,0
2023-01-03 08:38:00,612.7887654556135,11.507273810331755,0
2023-01-03 08:39:00,655.9133016783661,9.173794159812445,0
2023-01-03 08:40:00,1114.4398574408224,8.670588472902004,0
2023-01-03 08:41:00,653.1128558714673,9.974598615193997,0
2023-01-03 08:42:00,629.4994832733724,10.032221971108216,0
2023-01-03 08:43:00,685.4960505096769,10.600858545229082,0
2023-01-03 08:44:00,663.6619791018088,11.452705628228859,0
2023-01-03 08:45:00,612.7862369364212,10.899329324283006,0
2023-01-03 08:46:00,631.6122729576244,9.821768895503624,0
2023-01-03 08:47:00,592.5592044952276,8.24706481263137,0
2023-01-03 08:48:00,651.0679105070026,10.609468597116985,0
2023-01-03 08:49:00,663.3109153131255,9.389756554455161,0
2023-01-03 08:50:00,640.2253713904659,8.996184562526413,0
2023-01-03 08:51:00,665.1207393422287,11.413997753749051,0
2023-01-03 08:52:00,577.8663485433221,11.282591876689974,0
2023-01-03 08:53:00,698.5543582714697,9.391209862375783,0
2023-01-03 08:54:00,586.1559946191217,10.726319442619587,0
2023-01-03 08:55:00,601.9089133322113,11.826663754568449,0
2023-01-03 08:56:00,670.0682634125644,10.12355557752799,0
2023-01-03 08:57:00,594.3815586454151,12.009696440998875,0
2023-01-03 08:58:00,749.1975131795966,10.380117422344977,0
2023-01-03 08:59:00,656.2846217573433,9.997742633227569,0
2023-01-03 09:00:00,573.3821133350137,9.396874159173445,0
2023-01-03 09:01:00,666.8988495450961,10.404654516625262,0
2023-01-03 09:02:00,588.4899170307905,11.430993375486416,0
2023-01-03 09:03:00,651.1860725053476,9.75460166476796,0
2023-01-03 09:04:00,660.8351763203923,10.526435978783248,0
2023-01-03 09:05:00,615.6788215657912,10.886388280099446,0
2023-01-03 09:06:00,731.7484689669787,10.749769289805986,0
2023-01-03 09:07:00,676.1837205689438,8.787180533911453,0
2023-01-03 09:08:00,629.2759880265326,10.63499163036488,0
2023-01-03 09:09:00,779.4060347712152,9.356187368169666,0
2023-01-03 09:10:00,637.9104613540172,10.940387718159034,0
2023-01-03 09:11:00,629.9474328462743,9.80343524659063,0
2023-01-03 09:12:00,663.6548335099868,10.787863483424456,0
2023-01-03 09:13:00,713.1434825595824,10.814772777519845,0
2023-01-03 09:14:00,600.3523844781757,11.047574692836696,0
2023-01-03 09:15:00,628.6144165016699,10.196655129675683,0
2023-01-03 09:16:00,652.7650699526536,9.42405233379144,0
2023-01-03 09:17:00,571.0609808730942,11.6358772558341,0
2023-01-03 09:18:00,559.9051886242571,11.82193229457241,0
2023-01-03 09:19:00,578.0631795360835,10.028178219463873,0
2023-01-03 09:20:00,664.2402515868102,12.725188627178518,0
2023-01-03 09:21:00,599.2237470890963,8.979759881076705,0
2023-01-03 09:22:00,584.0845388064397,10.328384368336538,0
2023-01-03 09:23:00,604.380902193516,8.362926383676136,0
2023-01-03 09:24:00,612.972010360679,10.315885012982369,0
2023-01-03 09:25:00,723.1984228821699,9.54774276920698,0
2023-01-03 09:26:00,574.9568297048036,10.682450745198887,0
2023-01-03 09:27:00,604.7919871774207,10.679974856982604,0
2023-01-03 09:28:00,637.6967177286591,10.4406617325387,0
2023-01-03 09:29:00,561.2795506979191,9.43957820480493,0
2023-01-03 09:30:00,678.119322485061,10.567959357850656,0
2023-01-03 09:31:00,544.1075022740072,10.492132489799067,0
2023-01-03 09:32:00,577.4252761164732,9.182339254204575,0
2023-01-03 09:33:00,723.7807413057978,9.504223857574079,0
2023-01-03 09:34:00,528.360173516113,10.085441677085779,0
2023-01-03 09:35:00,463.02248372014003,9.803323138269104,0
2023-01-03 09:36:00,638.911285074898,10.764926282806188,0
2023-01-03 09:37:00,593.1001435662876,11.095804654212003,0
2023-01-03 09:38:00,552.4659776837682,11.47200103958184,0
2023-01-03 09:39:00,565.1053522569996,10.327920064798846,0
2023-01-03 09:40:00,664.9022843709948,8.759720963689142,0
2023-01-03 09:41:00,633.422062738839,9.224583666418596,0
2023-01-03 09:42:00,628.4068142784229,8.494429205680131,0
2023-01-03 09:43:00,559.9847912211465,10.53925554099109,0
2023-01-03 09:44:00,546.6491494304543,10.347060920133755,0
2023-01-03 09:45:00,645.995020604599,10.656048179996985,0
2023-01-03 09:46:00,610.4366024194312,9.389115346604775,0
2023-01-03 09:47:00,626.9778389839903,12.125267418640352,0
2023-01-03 09:48:00,609.6667534184976,9.296445949003013,0
2023-01-03 09:49:00,662.784364812508,10.951277796040323,0
2023-01-03 09:50:00,622.8868259064756,8.993125532861692,0
2023-01-03 09:51:00,663.0466828848673,11.199329991799393,0
2023-01-03 09:52:00,546.118160550854,10.264507472134296,0
2023-01-03 09:53:00,681.532841336226,10.62881407152514,0
2023-01-03 09:54:00,520.8499718453229,10.314275880045164,0
2023-01-03 09:55:00,616.6535552229084,8.577992742903913,0
2023-01-03 09:56:00,603.15239307514,8.506277122694785,0
2023-01-03 09:57:00,601.7254331963004,9.982878720047687,0
2023-01-03 09:58:00,532.3649146205746,9.932298631688298,0
2023-01-03 09:59:00,701.2587462794719,9.94102939344823,0
2023-01-03 10:00:00,601.9244098980591,9.904746352088434,0
2023-01-03 10:01:00,608.3864714969927,10.876213590882712,0
2023-01-03 10:02:00,709.2790987745426,8.81882670677228,0
2023-01-03 10:03:00,663.8271021661881,12.923502304762248,0
2023-01-03 10:04:00,603.8457925972814,12.77961724756778,0
2023-01-03 10:05:00,572.869439542449,9.53209694004868,0
2023-01-03 10:06:00,635.0680215089275,10.144374963620722,0
2023-01-03 10:07:00,518.2721780667471,10.671563953970118,0
2023-01-03 10:08:00,552.1199191830724,9.477975376475339,0
2023-01-03 10:09:00,678.226016525603,9.86935989450228,0
2023-01-03 10:10:00,600.6841911061853,10.61548226197544,0
2023-01-03 10:11:00,597.9840619135621,8.971473559914575,0
2023-01-03 10:12:00,573.789141918081,11.44986946938583,0
2023-01-03 10:13:00,566.6785560374726,11.283647137534755,0
2023-01-03 10:14:00,516.3872900324914,9.85831412755154,0
2023-01-03 10:15:00,578.0330775458933,9.832882802865715,0
2023-01-03 10:16:00,576.0435294593474,10.620977247478608,0
2023-01-03 10:17:00,605.108427418236,11.335461511658504,0
2023-01-03 10:18:00,595.5367294651902,8.91915996033661,0
2023-01-03 10:19:00,554.5271431083926,10.760355574086388,0
2023-01-03 10:20:00,1086.365161641047,10.579626980969309,0
2023-01-03 10:21:00,589.8330562391791,9.488595200121294,0
2023-01-03 10:22:00,543.9485249420053,8.415920931404965,0
2023-01-03 10:23:00,655.9289634543999,8.80294538857397,0
2023-01-03 10:24:00,566.2780776861873,10.61655488344553,0
2023-01-03 10:25:00,587.1024085227076,11.260562082902085,0
2023-01-03 10:26:00,587.33631377621,12.687360137553226,0
2023-01-03 10:27:00,665.9962276393868,11.09064233074391,0
2023-01-03 10:28:00,563.9163933672163,11.00681855175802,0
2023-01-03 10:29:00,559.4443679512477,10.17736199003808,0
2023-01-03 10:30:00,564.2742904141252,11.369445816368364,0
2023-01-03 10:31:00,646.0394300177554,8.857787078011079,0
2023-01-03 10:32:00,567.8360278048455,9.596487629383034,0
2023-01-03 10:33:00,560.3355221551802,9.951197745341265,0
2023-01-03 10:34:00,640.1557133445093,9.083520863680798,0
2023-01-03 10:35:00,466.1297057088243,12.010912783850996,0
2023-01-03 10:36:00,649.3826138224259,9.710996781481073,0
2023-01-03 10:37:00,640.0726156139056,11.820661587742118,0
2023-01-03 10:38:00,579.8683993681171,12.386661044535806,0
2023-01-03 10:39:00,495.03633417264996,8.6417566147199,0
2023-01-03 10:40:00,539.3044908474808,10.90942755215806,0
2023-01-03 10:41:00,603.1384726845185,10.330806738253912,0
2023-01-03 10:42:00,595.7398330858672,10.108339413116775,0
2023-01-03 10:43:00,623.4668393852018,9.57481874890656,0
2023-01-03 10:44:00,612.4743850918808,10.965667050270945,0
2023-01-03 10:45:00,645.1819120228618,8.861918954859467,0
2023-01-03 10:46:00,547.0604439567661,10.210424447508839,0
2023-01-03 10:47:00,527.2227919222671,8.859974610339425,0
2023-01-03 10:48:00,461.1796620664282,10.626122059582839,0
2023-01-03 10:49:00,541.384968114927,10.578062286997193,0
2023-01-03 10:50:00,559.036223001858,9.199905614909095,0
2023-01-03 10:51:00,483.7668481676309,10.68698427015083,0
2023-01-03 10:52:00,457.26451400093777,11.120190638208964,0
2023-01-03 10:53:00,482.6400768364183,8.98263133091196,0
2023-01-03 10:54:00,542.5454438390341,11.633395729258654,0
2023-01-03 10:55:00,520.6724519338622,10.556462335107096,0
2023-01-03 10:56:00,553.5363011102058,10.503158775593713,0
2023-01-03 10:57:00,542.1368553203546,11.944463062834739,0
2023-01-03 10:58:00,602.6038179170725,9.455328202671822,0
2023-01-03 10:59:00,580.8666947705412,10.705670443049756,0
2023-01-03 11:00:00,589.6449722864511,10.295482695548271,0
2023-01-03 11:01:00,545.0859877023212,10.774256240078596,0
2023-01-03 11:02:00,486.6003265411708,12.982844727831964,0
2023-01-03 11:03:00,570.5675335157844,8.790875774968608,0
2023-01-03 11:04:00,489.23464654806884,9.026193746505125,0
2023-01-03 11:05:00,481.52686686229487,9.982028581315907,0
2023-01-03 11:06:00,584.1828986326748,10.783175823911378,0
2023-01-03 11:07:00,504.1496677126636,10.455454817786503,0
2023-01-03 11:08:00,518.9956158680753,10.010903450617436,0
2023-01-03 11:09:00,649.0249784556092,10.066558104444946,0
2023-01-03 11:10:00,564.1688352584819,9.734378495322579,0
2023-01-03 11:11:00,492.97644466920184,11.009074572680689,0
2023-01-03 11:12:00,557.9652572136656,11.066640496394323,0
2023-01-03 11:13:00,485.65293169508925,10.00995182053092,0
2023-01-03 11:14:00,614.3891805101927,11.206503829845316,0
2023-01-03 11:15:00,465.66615218392195,10.53172530539543,0
2023-01-03 11:16:00,490.55836815605176,10.85727873240793,0
2023-01-03 11:17:00,544.1717665434782,10.069414049349703,0
2023-01-03 11:18:00,595.9093610365973,9.434831767622585,0
2023-01-03 11:19:00,452.85650765532057,10.40803894554541,0
2023-01-03 11:20:00,586.0158595804832,8.966743600305055,0
2023-01-03 11:21:00,593.4524403027967,10.026408067280611,0
2023-01-03 11:22:00,522.3318780971554,10.693980307476307,0
2023-01-03 11:23:00,552.5035453307582,8.31238714346414,0
2023-01-03 11:24:00,509.23381288751597,10.94046123917069,0
2023-01-03 11:25:00,541.4274718412062,10.364820057492786,0
2023-01-03 11:26:00,506.39369298472144,11.610422364963542,0
2023-01-03 11:27:00,537.5420577419005,11.323809351900419,0
2023-01-03 11:28:00,539.1776285985036,10.379074499409544,0
2023-01-03 11:29:00,573.908990637619,11.402519248271577,0
2023-01-03 11:30:00,483.8608644784259,10.238416803772392,0
2023-01-03 11:31:00,477.8621839531744,9.911630486639256,0
2023-01-03 11:32:00,473.17892383144704,11.680599076043414,0
2023-01-03 11:33:00,409.775162811596,10.994093146935816,0
2023-01-03 11:34:00,568.4506115434206,10.229437537990425,0
2023-01-03 11:35:00,574.3231970572183,11.052150601109206,0
2023-01-03 11:36:00,496.81053937489435,8.93421402802335,0
2023-01-03 11:37:00,542.4953562406632,11.264554748319844,0
2023-01-03 11:38:00,540.1477217783552,10.753149088427113,0
2023-01-03 11:39:00,536.7886567208661,9.721923903702196,0
2023-01-03 11:40:00,528.894818670558,9.630283740721602,0
2023-01-03 11:41:00,434.3721263287076,10.549009393957064,0
2023-01-03 11:42:00,525.268801042772,10.695598250921625,0
2023-01-03 11:43:00,494.54650863236725,11.04260161899677,0
2023-01-03 11:44:00,564.2649477663405,11.378076126632827,0
2023-01-03 11:45:00,405.6245197622438,10.420878603993572,0
2023-01-03 11:46:00,463.0294804871894,11.092783378650585,0
2023-01-03 11:47:00,584.3763906650909,11.394018727939986,0
2023-01-03 11:48:00,524.6958042814338,10.516959046413666,0
2023-01-03 11:49:00,512.0246126029176,11.49477721570066,0
2023-01-03 11:50:00,529.4951589376562,10.290897286805118,0
2023-01-03 11:51:00,545.6980669577603,11.843723870842087,0
2023-01-03 11:52:00,472.397519536694,12.137099557573775,0
2023-01-03 11:53:00,469.03341865971475,9.812535458509457,0
2023-01-03 11:54:00,589.9477674715855,9.247500082997535,0
2023-01-03 11:55:00,421.67961784030985,9.872028606682019,0
2023-01-03 11:56:00,531.7800691801903,11.424973644258564,0
2023-01-03 11:57:00,501.2555588338707,9.999545399695496,0
2023-01-03 11:58:00,548.1086575862221,10.559794915624162,0
2023-01-03 11:59:00,509.26352009792726,10.0729477394837,0
2023-01-03 12:00:00,1106.4260784977857,10.85336126286437,0
2023-01-03 12:01:00,507.3322172387349,9.48202616236929,0
2023-01-03 12:02:00,543.387164658886,10.282198790818969,0
2023-01-03 12:03:00,529.1124580410108,10.057056070055067,0
2023-01-03 12:04:00,461.76148917299685,8.901255694734477,0
2023-01-03 12:05:00,498.42642500360637,11.3387516014103,0
2023-01-03 12:06:00,526.8935216650386,10.606376621821072,0
2023-01-03 12:07:00,425.00973451266094,11.046685554463695,0
2023-01-03 12:08:00,543.7558275335482,10.956643298296274,0
2023-01-03 12:09:00,424.9401348290279,12.615496439537521,0
2023-01-03 12:10:00,475.0492032992374,9.564043024704326,0
2023-01-03 12:11:00,495.595025170268,11.099692868749786,0
2023-01-03 12:12:00,513.6332419421692,10.709949555109324,0
2023-01-03 12:13:00,434.97123092082154,12.178447520759429,0
2023-01-03 12:14:00,523.5696126116713,10.46978882116252,0
2023-01-03 12:15:00,402.1826932972367,10.30764480747566,0
2023-01-03 12:16:00,441.13932754095396,11.851197511562956,0
2023-01-03 12:17:00,415.4781498324766,11.254080033672478,0
2023-01-03 12:18:00,485.8889252820484,10.623509177773641,0
2023-01-03 12:19:00,518.4637418859656,12.70185067652996,0
2023-01-03 12:20:00,471.43593968719244,10.60733748571754,0
2023-01-03 12:21:00,482.570847243275,8.241454024055312,0
2023-01-03 12:22:00,494.9048529297916,12.05705868346046,0
2023-01-03 12:23:00,436.5064030643732,12.655489593608385,0
2023-01-03 12:24:00,432.8037620000939,11.973661249188718,0
2023-01-03 12:25:00,511.77932447428236,12.806864233769636,0
2023-01-03 12:26:00,542.5061341248287,10.98700046498642,0
2023-01-03 12:27:00,515.8915110045817,11.583419027522904,0
2023-01-03 12:28:00,473.68347558150214,9.988085506925223,0
2023-01-03 12:29:00,476.5284692202803,9.42920864664063,0
2023-01-03 12:30:00,544.7594479510677,10.392241893444814,0
2023-01-03 12:31:00,521.1487871359119,12.232931099477906,0
2023-01-03 12:32:00,513.5999547074647,11.280317501685735,0
2023-01-03 12:33:00,438.99355553673604,11.666829163362564,0
2023-01-03 12:34:00,488.2924625360141,11.094235255036708,0
2023-01-03 12:35:00,468.322716931984,10.529729217028162,0
2023-01-03 12:36:00,514.8711433642058,10.182397340580716,0
2023-01-03 12:37:00,425.62902663006923,9.470604533205714,0
2023-01-03 12:38:00,473.0596040055981,11.278491554726005,0
2023-01-03 12:39:00,463.3608784269877,11.192411122058328,0
2023-01-03 12:40:00,425.27134427089993,10.825004840537467,0
2023-01-03 12:41:00,452.84782128424644,9.2404080083037,0
2023-01-03 12:42:00,464.4791028838466,12.311842405217751,0
2023-01-03 12:43:00,490.4701676934708,10.292807272713079,0
2023-01-03 12:44:00,385.90049908857344,9.771523362393836,0
2023-01-03 12:45:00,516.4229447193275,10.848786577570696,0
2023-01-03 12:46:00,499.2127897530001,10.85544413348756,0
2023-01-03 12:47:00,414.33335952023515,10.23618142890556,0
2023-01-03 12:48:00,467.75236608371335,9.56284611752606,0
2023-01-03 12:49:00,403.99357918014664,11.487497902968677,0
2023-01-03 12:50:00,445.4119782791525,10.722494084371867,0
2023-01-03 12:51:00,419.9351198489045,11.103681654055944,0
2023-01-03 12:52:00,463.67390117509797,12.023427553337628,0
2023-01-03 12:53:00,513.7828711770027,9.926940648368264,0
2023-01-03 12:54:00,514.1146722859289,11.512873724097352,0
2023-01-03 12:55:00,416.0254307872198,11.567304061856436,0
2023-01-03 12:56:00,465.93164036038047,10.259008996628985,0
2023-01-03 12:57:00,478.5008333034538,10.435805026589088,0
2023-01-03 12:58:00,484.9931270628633,11.559427436503505,0
2023-01-03 12:59:00,508.80229765789875,10.393528971527067,0
2023-01-03 13:00:00,421.06816474950796,10.367892132443055,0
2023-01-03 13:01:00,420.2825825544843,9.962828768473848,0
2023-01-03 13:02:00,507.8028824869446,12.214643044294663,0
2023-01-03 13:03:00,425.9715500900124,9.94123532098392,0
2023-01-03 13:04:00,458.38155001611614,9.918604461277113,0
2023-01-03 13:05:00,435.52347038754533,10.482048485346114,0
2023-01-03 13:06:00,483.3871869745213,10.604758597828695,0
2023-01-03 13:07:00,473.5268192493853,9.94428916818617,0
2023-01-03 13:08:00,372.93232315660845,9.710088024674508,0
2023-01-03 13:09:00,441.0058181749578,9.937221644644772,0
2023-01-03 13:10:00,456.2024307908054,11.270437990062675,0
2023-01-03 13:11:00,493.0259408547469,10.844556135778324,0
2023-01-03 13:12:00,428.4125731003944,10.283258221026685,0
2023-01-03 13:13:00,384.7020465196074,10.042233090911306,0
2023-01-03 13:14:00,486.84598468743667,12.231707288224406,0
2023-01-03 13:15:00,471.1862989006781,9.294871921245154,0
2023-01-03 13:16:00,381.9771787418922,9.41666654968047,0
2023-01-03 13:17:00,468.48621023856373,10.44709113290741,0
2023-01-03 13:18:00,402.2979795129529,10.82939657189501,0
2023-01-03 13:19:00,461.9749133500835,12.061064501850046,0
2023-01-03 13:20:00,434.62711763655494,10.136172624594076,0
2023-01-03 13:21:00,522.4719977728571,10.91633402214807,0
2023-01-03 13:22:00,420.00080850797553,10.844187401251059,0
2023-01-03 13:23:00,467.33252325892863,10.519415458066284,0
2023-01-03 13:24:00,408.7020473408428,11.918161650547983,0
2023-01-03 13:25:00,383.50058216033733,9.788868791035108,0
2023-01-03 13:26:00,401.42825172574237,8.938124694172501,0
2023-01-03 13:27:00,405.11221770598496,11.330557779024176,0
2023-01-03 13:28:00,418.88870699763305,12.778873004733967,0
2023-01-03 13:29:00,462.81319645975344,11.28199617929706,0
2023-01-03 13:30:00,325.10194082446077,10.771587250602668,0
2023-01-03 13:31:00,371.3875044622251,10.066185710095024,0
2023-01-03 13:32:00,485.82551828925716,9.963997538500154,0
2023-01-03 13:33:00,390.1523242963774,11.411903548599103,0
2023-01-03 13:34:00,386.0888832993136,11.975221242182096,0
2023-01-03 13:35:00,395.1645308245086,9.133093292684045,0
2023-01-03 13:36:00,520.5039151235706,11.452551257464368,0
2023-01-03 13:37:00,391.2870336898699,11.323909682573778,0
2023-01-03 13:38:00,442.73993170771246,8.914525651489711,0
2023-01-03 13:39:00,424.721180277664,12.101104920838665,0
2023-01-03 13:40:00,960.7083668837074,11.088833872048754,0
2023-01-03 13:41:00,359.43624028995316,11.090112895463657,0
2023-01-03 13:42:00,374.30944163035093,10.584616505456022,0
2023-01-03 13:43:00,516.1022928606145,10.637999194809481,0
2023-01-03 13:44:00,414.3973281826698,11.63567144081009,0
2023-01-03 13:45:00,449.3124448831707,9.745933998047335,0
2023-01-03 13:46:00,434.2662780943149,12.178355823777682,0
2023-01-03 13:47:00,364.2417735602396,11.951040556512732,0
2023-01-03 13:48:00,409.4492414484291,10.497711968755366,0
2023-01-03 13:49:00,376.61735149953637,9.7943780673743,0
2023-01-03 13:50:00,439.96242200448535,11.1958309402013,0
2023-01-03 13:51:00,431.44710823679685,10.92542872071651,0
2023-01-03 13:52:00,405.78272018471324,10.999463555582393,0
2023-01-03 13:53:00,319.09545020857246,10.553828139398204,0
2023-01-03 13:54:00,460.42454070960673,11.12592496507798,0
2023-01-03 13:55:00,433.22611501142626,10.722509774230534,0
2023-01-03 13:56:00,312.7818472027037,10.592688379835257,0
2023-01-03 13:57:00,409.2297691855224,9.56482027000804,0
2023-01-03 13:58:00,458.7204047874781,9.670677540986853,0
2023-01-03 13:59:00,445.1882963605301,11.31481238040896,0
2023-01-03 14:00:00,278.2153312872822,11.0042563236266,0
2023-01-03 14:01:00,450.12983821200817,12.786270776828921,0
2023-01-03 14:02:00,368.0383338249318,11.669661589903681,0
2023-01-03 14:03:00,475.4100524915252,11.705198249138382,0
2023-01-03 14:04:00,370.65165859510745,10.850104062176532,0
2023-01-03 14:05:00,439.489877534334,11.40957874289899,0
2023-01-03 14:06:00,371.04365128298844,11.671245107684012,0
2023-01-03 14:07:00,377.83598592706664,13.082969014584023,0
2023-01-03 14:08:00,472.94970895686737,11.631536394751318,0
2023-01-03 14:09:00,352.07571421899786,10.999375586269654,0
2023-01-03 14:10:00,418.24870960502955,11.551618096823326,0
2023-01-03 14:11:00,434.84834387716876,10.207908120189078,0
2023-01-03 14:12:00,380.258667177929,10.36266582663968,0
2023-01-03 14:13:00,365.83290668816295,12.608146560050843,0
2023-01-03 14:14:00,431.51705492971905,11.067196643976024,0
2023-01-03 14:15:00,402.8528271032138,12.47157072959583,0
2023-01-03 14:16:00,286.2403230978507,11.266440190545314,0
2023-01-03 14:17:00,433.6118703916985,11.86810805628558,0
2023-01-03 14:18:00,387.52325402693106,11.713880392603263,0
2023-01-03 14:19:00,353.4874166577188,10.971778934619467,0
2023-01-03 14:20:00,379.0615212833819,11.903537068839457,0
2023-01-03 14:21:00,356.8239188146162,10.062090321564922,0
2023-01-03 14:22:00,410.5649651924662,11.076424867982794,0
2023-01-03 14:23:00,386.14289332965654,13.234750932270742,0
2023-01-03 14:24:00,404.587223963315,11.0707219439716,0
2023-01-03 14:25:00,307.6913420380437,11.817109890219273,0
2023-01-03 14:26:00,395.302968630474,13.10286993449644,0
2023-01-03 14:27:00,486.1099081989783,10.957139431171951,0
2023-01-03 14:28:00,354.8330103601875,10.013736841510598,0
2023-01-03 14:29:00,339.8233734680001,10.522785549338423,0
2023-01-03 14:30:00,399.5641596786237,9.983217960377392,0
2023-01-03 14:31:00,363.7213826356026,9.610904432321249,0
2023-01-03 14:32:00,346.8762620043022,11.079134799004116,0
2023-01-03 14:33:00,341.41578464776705,10.974904568946874,0
2023-01-03 14:34:00,414.0461114677632,13.030532432410073,0
2023-01-03 14:35:00,419.76767529516087,11.58898903773202,0
2023-01-03 14:36:00,433.89703457564275,12.371638094770207,0
2023-01-03 14:37:00,354.3996916249086,11.31808599786395,0
2023-01-03 14:38:00,359.9855479287237,12.001324726620846,0
2023-01-03 14:39:00,403.29773324009255,11.862340361544476,0
2023-01-03 14:40:00,336.0275743923841,11.750130378338472,0
2023-01-03 14:41:00,395.94080763142324,10.620822129322535,0
2023-01-03 14:42:00,347.54301319304625,10.876632099147209,0
2023-01-03 14:43:00,379.18319960613076,11.61313350356735,0
2023-01-03 14:44:00,328.5144384745524,11.816570280348692,0
2023-01-03 14:45:00,389.47033302353583,11.793482877802216,0
2023-01-03 14:46:00,415.93055206462685,12.577618688027897,0
2023-01-03 14:47:00,359.374860377936,10.897558489124739,0
2023-01-03 14:48:00,483.561731103325,11.628078979836344,0
2023-01-03 14:49:00,299.98373828655826,11.710311380793735,0
2023-01-03 14:50:00,356.9742082956949,10.423194302026655,0
2023-01-03 14:51:00,396.883332587204,12.174876780251845,0
2023-01-03 14:52:00,379.45863319260377,10.949013926191354,0
2023-01-03 14:53:00,450.58095164957945,11.587007481359418,0
2023-01-03 14:54:00,353.66371906392516,12.888149488542995,0
2023-01-03 14:55:00,336.00094600836195,12.21347454868715,0
2023-01-03 14:56:00,389.78235340738144,13.859504301176408,0
2023-01-03 14:57:00,384.5104808860677,11.146892566495184,0
2023-01-03 14:58:00,295.3747923965367,11.200995758164995,0
2023-01-03 14:59:00,285.5410221363863,10.798603756041508,0
2023-01-03 15:00:00,370.6020379715931,12.273924300194654,0
2023-01-03 15:01:00,369.0296382231627,9.558583999654482,0
2023-01-03 15:02:00,347.79709959904517,10.793706706130058,0
2023-01-03 15:03:00,305.51676739955633,12.34201231839263,0
2023-01-03 15:04:00,235.4281394921247,9.745860131357908,0
2023-01-03 15:05:00,395.0421100665696,10.579250917736369,0
2023-01-03 15:06:00,261.407409466995,9.604570096796033,0
2023-01-03 15:07:00,392.92709329114336,11.696259632295822,0
2023-01-03 15:08:00,283.2437877415306,11.541556417933315,0
2023-01-03 15:09:00,390.5000716744739,11.709164160779952,0
2023-01-03 15:10:00,404.15694130672733,11.3879436404441,0
2023-01-03 15:11:00,329.19407081404074,12.945852441994784,0
2023-01-03 15:12:00,309.1228397724469,12.273631931463537,0
2023-01-03 15:13:00,366.1902651538286,9.8338605510913,0
2023-01-03 15:14:00,353.3042616842894,12.152203787401682,0
2023-01-03 15:15:00,279.1242972810529,9.600090881233566,0
2023-01-03 15:16:00,347.52201795531363,11.028114815286617,0
2023-01-03 15:17:00,286.5871352006126,10.407603714392454,0
2023-01-03 15:18:00,350.02197920668266,9.170077068951034,0
2023-01-03 15:19:00,370.8280990161557,11.165822510278689,0
2023-01-03 15:20:00,809.6093457691982,10.572362888716608,0
2023-01-03 15:21:00,330.94956567203803,12.664535885458372,0
2023-01-03 15:22:00,285.1291990411436,12.788388835514704,0
2023-01-03 15:23:00,351.4183245864116,10.625381765022661,0
2023-01-03 15:24:00,322.7882889915202,11.757945694180277,0
2023-01-03 15:25:00,309.25598075041654,11.121712376229215,0
2023-01-03 15:26:00,283.73532259042014,11.04257930640459,0
2023-01-03 15:27:00,400.30920210591495,12.096931792410926,0
2023-01-03 15:28:00,258.0274975449386,12.386063806423055,0
2023-01-03 15:29:00,290.5282553275483,11.113222213934716,0
2023-01-03 15:30:00,377.6829708456065,12.271053732687651,0
2023-01-03 15:31:00,419.39165747905975,9.260761449819007,0
2023-01-03 15:32:00,313.13148469218277,11.938527876791206,0
2023-01-03 15:33:00,298.68835105875434,12.804480836101586,0
2023-01-03 15:34:00,331.9691707718514,11.854159470870341,0
2023-01-03 15:35:00,346.7976022828924,12.22020993000853,0
2023-01-03 15:36:00,296.83880831923494,11.948960203559169,0
2023-01-03 15:37:00,331.4959052652796,11.176161290808754,0
2023-01-03 15:38:00,234.1856261263889,11.912336135572872,0
2023-01-03 15:39:00,297.25610294384967,11.092648667094451,0
2023-01-03 15:40:00,344.81726742223486,10.697046451303972,0
2023-01-03 15:41:00,314.2169450604279,11.322486734957387,0
2023-01-03 15:42:00,320.55793392048315,11.105356225456601,0
2023-01-03 15:43:00,333.97838881197487,12.384256153962813,0
2023-01-03 15:44:00,390.69222495015725,10.987760844105413,0
2023-01-03 15:45:00,400.65628671212977,10.710196293141083,0
2023-01-03 15:46:00,325.4642467004111,10.365494083707095,0
2023-01-03 15:47:00,284.40474694215766,10.099300869300109,0
2023-01-03 15:48:00,351.2734006442379,11.503078486623028,0
2023-01-03 15:49:00,283.6339845849083,12.591860275138544,0
2023-01-03 15:50:00,386.4402955690979,10.252900498914968,0
2023-01-03 15:51:00,378.19687844693453,11.75734613957947,0
2023-01-03 15:52:00,308.25115122733973,11.886067734158246,0
2023-01-03 15:53:00,357.39201651176904,11.269941750492276,0
2023-01-03 15:54:00,301.18956220870405,11.620637786873958,0
2023-01-03 15:55:00,327.3830640822144,14.343761596419611,0
2023-01-03 15:56:00,307.80931831183517,9.981577467174265,0
2023-01-03 15:57:00,358.37835415262305,10.33119673093388,0
2023-01-03 15:58:00,352.9812563162489,12.747954426166443,0
2023-01-03 15:59:00,319.617126782978,11.535179147487161,0
2023-01-03 16:00:00,374.77758388992993,9.911156627310875,0
2023-01-03 16:01:00,333.5280913046188,12.520443631983992,0
2023-01-03 16:02:00,299.7944538087165,11.482399281833365,0
2023-01-03 16:03:00,365.6865729150367,12.242683281563306,0
2023-01-03 16:04:00,235.20715635966775,13.612853429773862,0
2023-01-03 16:05:00,290.4262459505375,12.305875802342046,0
2023-01-03 16:06:00,224.4087156899262,11.808765977205434,0
2023-01-03 16:07:00,268.75877825505177,10.301223974817706,0
2023-01-03 16:08:00,340.3491855254546,11.327515693461525,0
2023-01-03 16:09:00,353.63966331333717,11.730799721156552,0
2023-01-03 16:10:00,312.80123126190335,13.061490348375735,0
2023-01-03 16:11:00,272.32326836985203,10.312592181743277,0
2023-01-03 16:12:00,296.774765707717,12.271534226982064,0
2023-01-03 16:13:00,299.5547958913409,11.000360888306899,0
2023-01-03 16:14:00,262.22081631575537,11.848637966969047,0
2023-01-03 16:15:00,271.36726007027926,11.910439664453559,0
2023-01-03 16:16:00,324.9943392554019,11.127691653690942,0
2023-01-03 16:17:00,256.3997788475703,12.64494858513634,0
2023-01-03 16:18:00,276.91681708704266,12.175863473181577,0
2023-01-03 16:19:00,364.19129947890843,11.2599463033068,0
2023-01-03 16:20:00,303.5874657250819,12.60171093600971,0
2023-01-03 16:21:00,361.6740680801653,11.576878226486802,0
2023-01-03 16:22:00,326.48762980593887,12.956353725977857,0
2023-01-03 16:23:00,353.5224229564951,11.483906855212476,0
2023-01-03 16:24:00,337.01698437662407,11.964273871166354,0
2023-01-03 16:25:00,441.58908576444145,11.860722665712762,0
2023-01-03 16:26:00,325.83733787936944,12.652972653348918,0
2023-01-03 16:27:00,192.63169695083855,12.599090320756957,0
2023-01-03 16:28:00,319.04663517787674,11.456756690905438,0
2023-01-03 16:29:00,285.285541136518,12.53054082956584,0
2023-01-03 16:30:00,267.3374190417201,11.200571110585894,0
2023-01-03 16:31:00,272.3590969789191,12.369065057009049,0
2023-01-03 16:32:00,325.1761347851011,10.449862149345556,0
2023-01-03 16:33:00,357.3222586583531,11.148984401558208,0
2023-01-03 16:34:00,329.38091797165214,13.578092038920303,0
2023-01-03 16:35:00,329.5970463414769,12.01486469759228,0
2023-01-03 16:36:00,244.56946162809643,11.907281952366718,0
2023-01-03 16:37:00,363.90823867733513,11.55937804685491,0
2023-01-03 16:38:00,220.96193820703195,10.470731397770974,0
2023-01-03 16:39:00,265.54085238036834,11.008859818989883,0
2023-01-03 16:40:00,320.31685137426155,12.977715590074482,0
2023-01-03 16:41:00,297.75251820962023,12.287062368047398,0
2023-01-03 16:42:00,342.4728855419515,12.438498345690464,0
2023-01-03 16:43:00,304.3560167291283,11.176796308213383,0
2023-01-03 16:44:00,247.4359802238627,14.004425910051522,0
2023-01-03 16:45:00,291.9829845846423,11.218649835321136,0
2023-01-03 16:46:00,313.93143571949224,13.019419424835144,0
2023-01-03 16:47:00,337.5295673438611,13.425136085521155,0
2023-01-03 16:48:00,280.6753360947413,11.173658487935091,0
2023-01-03 16:49:00,319.76443216196674,11.87276303488987,0
2023-01-03 16:50:00,339.3269392095964,11.69769530304311,0
2023-01-03 16:51:00,336.05512458201633,13.038876633610375,0
2023-01-03 16:52:00,235.02873913974085,10.363179742962929,0
2023-01-03 16:53:00,342.6382364925279,10.697060758490824,0
2023-01-03 16:54:00,359.1971845590244,11.022955387132136,0
2023-01-03 16:55:00,321.2335861701409,11.48486437739842,0
2023-01-03 16:56:00,284.8919618133547,12.702995830432824,0
2023-01-03 16:57:00,225.09389242725337,11.857353348850364,0
2023-01-03 16:58:00,338.84606766906194,12.264889007463745,0
2023-01-03 16:59:00,341.8810394103743,13.063026738906446,0
2023-01-03 17:00:00,799.6845184120002,12.574878715237396,0
2023-01-03 17:01:00,327.6595218271883,11.705662217986527,0
2023-01-03 17:02:00,331.9322301564055,12.007654711794821,0
2023-01-03 17:03:00,301.9173360313231,12.365944925137109,0
2023-01-03 17:04:00,347.425760976787,13.948478474763917,0
2023-01-03 17:05:00,254.78869167519693,12.83186906362132,0
2023-01-03 17:06:00,334.5750829987718,11.757256921589283,0
2023-01-03 17:07:00,311.5432963913911,10.680473186038311,0
2023-01-03 17:08:00,332.8433049450761,11.349819889315558,0
2023-01-03 17:09:00,296.06001313023074,12.420086559162684,0
2023-01-03 17:10:00,257.6132146568317,13.0928813957703,0
2023-01-03 17:11:00,352.9861481180027,12.16741265834046,0
2023-01-03 17:12:00,360.86397774201225,13.986019006663547,0
2023-01-03 17:13:00,324.72527017661986,10.851577494851437,0
2023-01-03 17:14:00,232.99842481684476,13.649319372143253,0
2023-01-03 17:15:00,290.2071040536172,13.07093116263539,0
2023-01-03 17:16:00,238.96212788212654,12.93977691942817,0
2023-01-03 17:17:00,307.6762612298536,13.465632413460748,0
2023-01-03 17:18:00,309.5995800890889,11.543573621470642,0
2023-01-03 17:19:00,315.9784870836257,11.09509830522011,0
2023-01-03 17:20:00,337.0070922078709,13.206637724112841,0
2023-01-03 17:21:00,268.1130132907009,12.1277739952332,0
2023-01-03 17:22:00,334.7374728456844,13.182699354891568,0
2023-01-03 17:23:00,241.0929094744807,12.050669147251575,0
2023-01-03 17:24:00,300.40929778079845,11.772535583896929,0
2023-01-03 17:25:00,427.53864297856103,11.221246417489166,0
2023-01-03 17:26:00,425.19479772976797,10.776730297507129,0
2023-01-03 17:27:00,250.806569040761,12.90063672531084,0
2023-01-03 17:28:00,278.07811315059143,12.314673104873258,0
2023-01-03 17:29:00,222.7541437643676,15.438395650400436,0
2023-01-03 17:30:00,337.01015817211083,12.814789187762372,0
2023-01-03 17:31:00,336.63312923933665,12.724533233420864,0
2023-01-03 17:32:00,301.0433803755773,11.412323810714453,0
2023-01-03 17:33:00,279.47293663009253,11.996361478887042,0
2023-01-03 17:34:00,335.1084109028059,10.577619920502903,0
2023-01-03 17:35:00,293.1424501028507,12.811155357918027,0
2023-01-03 17:36:00,334.6927347006029,12.10297588980622,0
2023-01-03 17:37:00,267.5182957503369,10.972990467976091,0
2023-01-03 17:38:00,242.00641298915792,11.671221744872787,0
2023-01-03 17:39:00,301.31641516557096,12.833725170440568,0
2023-01-03 17:40:00,290.43375331738946,12.68951093808841,0
2023-01-03 17:41:00,265.52626281978417,10.867194839226453,0
2023-01-03 17:42:00,332.60605915963725,11.563137389852239,0
2023-01-03 17:43:00,301.577776182634,12.743012766210668,0
2023-01-03 17:44:00,303.21818894993436,11.955929321050958,0
2023-01-03 17:45:00,340.1312461508754,11.550051331084141,0
2023-01-03 17:46:00,310.5530272987723,13.833204433777054,0
2023-01-03 17:47:00,297.8607006470243,12.484117533936857,0
2023-01-03 17:48:00,295.60311001375857,12.163777222293234,0
2023-01-03 17:49:00,296.66249552384573,11.576903588674986,0
2023-01-03 17:50:00,325.14195511573644,11.91962985224474,0
2023-01-03 17:51:00,316.0578849088977,14.189983712293516,0
2023-01-03 17:52:00,305.28045708217,12.777922681010311,0
2023-01-03 17:53:00,279.1719694531496,11.088909926760671,0
2023-01-03 17:54:00,334.76711379479264,12.118169769375793,0
2023-01-03 17:55:00,347.8743666901031,14.794790284977829,0
2023-01-03 17:56:00,282.39230398710157,12.928821142348948,0
2023-01-03 17:57:00,280.56037752178264,12.220279995287193,0
2023-01-03 17:58:00,243.32231518182434,12.511637542328417,0
2023-01-03 17:59:00,360.99562685678336,12.777746768199851,0
2023-01-03 18:00:00,345.8750309564223,12.326515554288427,0
2023-01-03 18:01:00,375.520393485284,12.013339803276343,0
2023-01-03 18:02:00,276.47431861466356,12.370124947867088,0
2023-01-03 18:03:00,308.5065360458026,13.323062458183681,0
2023-01-03 18:04:00,367.36401868279336,13.69387216256055,0
2023-01-03 18:05:00,275.0793559674749,10.72294697044975,0
2023-01-03 18:06:00,314.82308750227907,12.320139921630728,0
2023-01-03 18:07:00,230.6032245063225,12.642544500584789,0
2023-01-03 18:08:00,260.3509420843148,11.352202971475094,0
2023-01-03 18:09:00,217.03110195362547,13.65277455511159,0
2023-01-03 18:10:00,225.93013122090426,12.742833269738798,0
2023-01-03 18:11:00,262.8569143017839,11.25514920948389,0
2023-01-03 18:12:00,253.37680449615974,9.39285281109726,0
2023-01-03 18:13:00,374.1323115315084,14.047577983507841,0
2023-01-03 18:14:00,411.5518088027407,11.631394229269677,0
2023-01-03 18:15:00,301.90834551816664,12.744158820120054,0
2023-01-03 18:16:00,232.0919225644115,12.114951627955332,0
2023-01-03 18:17:00,313.6069242183371,13.249836589410359,0
2023-01-03 18:18:00,278.11192656126883,13.131814963062249,0
2023-01-03 18:19:00,355.5815362890261,12.3415661870365,0
2023-01-03 18:20:00,275.83405346884257,13.17981222952583,0
2023-01-03 18:21:00,312.79304501666337,12.122418978639605,0
2023-01-03 18:22:00,234.57538580161003,11.932593149524182,0
2023-01-03 18:23:00,274.0737943809802,12.418092695108719,0
2023-01-03 18:24:00,296.7652658511411,13.607458928040105,0
2023-01-03 18:25:00,447.04930175053573,11.600022897764722,0
2023-01-03 18:26:00,327.82772898640684,12.100691734692711,0
2023-01-03 18:27:00,374.1508611966161,12.06261396759587,0
2023-01-03 18:28:00,263.64212338408055,11.867068520082956,0
2023-01-03 18:29:00,295.1945832748078,13.531277765265258,0
2023-01-03 18:30:00,276.8444379598855,13.201663761136713,0
2023-01-03 18:31:00,229.38959122050375,13.234928572967085,0
2023-01-03 18:32:00,352.6647468796137,12.993430231724505,0
2023-01-03 18:33:00,233.86080154340297,13.100985016505975,0
2023-01-03 18:34:00,264.75476763709116,13.198924471409846,0
2023-01-03 18:35:00,359.87986626785755,12.63539732458612,0
2023-01-03 18:36:00,377.8592535333248,13.38766517958082,0
2023-01-03 18:37:00,274.2876067265505,13.243943302755197,0
2023-01-03 18:38:00,317.31329083108056,13.050518636382591,0
2023-01-03 18:39:00,385.95730395071615,13.106984468778395,0
2023-01-03 18:40:00,762.7569994634171,12.272145641032408,0
2023-01-03 18:41:00,266.46985616170593,12.986057874155657,0
2023-01-03 18:42:00,358.0198927349811,13.152006076510041,0
2023-01-03 18:43:00,409.25031983388294,12.938489763173854,0
2023-01-03 18:44:00,334.81612425474844,11.193775517315114,0
2023-01-03 18:45:00,305.883273310018,14.980516783572675,0
2023-01-03 18:46:00,257.2224691818605,12.801123662607557,0
2023-01-03 18:47:00,307.5731131270449,12.79395718427879,0
2023-01-03 18:48:00,279.8105633896155,12.663048358641888,0
2023-01-03 18:49:00,339.3824552285132,12.133598979980485,0
2023-01-03 18:50:00,307.4862303808363,13.957569421355064,0
2023-01-03 18:51:00,278.76555338761426,12.193962808438323,0
2023-01-03 18:52:00,273.1794786679921,11.97862242250146,0
2023-01-03 18:53:00,328.31169012691953,14.707493020244009,0
2023-01-03 18:54:00,340.90286135240956,13.013494927055257,0
2023-01-03 18:55:00,345.5258775394267,13.564224031800663,0
2023-01-03 18:56:00,277.22680100457364,13.519670154996836,0
2023-01-03 18:57:00,281.69991476074017,13.335707431610624,0
2023-01-03 18:58:00,299.4709577752102,12.24211359432648,0
2023-01-03 18:59:00,376.388480701617,11.873520673147496,0
2023-01-03 19:00:00,369.60683308379174,11.70229063706667,0
2023-01-03 19:01:00,376.4317898656183,12.86777128000799,0
2023-01-03 19:02:00,248.1713990136482,12.80620810599991,0
2023-01-03 19:03:00,207.34729431873308,12.859825812943596,0
2023-01-03 19:04:00,259.9831280841524,13.168869620888584,0
2023-01-03 19:05:00,326.53257895239705,13.614464210253916,0
2023-01-03 19:06:00,295.85223374156635,11.192684863153744,0
2023-01-03 19:07:00,401.9437514790843,12.809019606879678,0
2023-01-03 19:08:00,244.50291107887347,15.212870880829241,0
2023-01-03 19:09:00,316.21295770214846,14.775175573918482,0
2023-01-03 19:10:00,384.6241553963994,13.034363201280849,0
2023-01-03 19:11:00,187.2730389637636,14.00253291406004,0
2023-01-03 19:12:00,365.6576728332856,15.065876066522984,0
2023-01-03 19:13:00,289.661746105775,12.41326149980363,0
2023-01-03 19:14:00,270.94639537704404,12.89716524705778,0
2023-01-03 19:15:00,296.78551989716243,13.389875159007302,0
2023-01-03 19:16:00,290.5430104838783,12.182583379054039,0
2023-01-03 19:17:00,330.7749747123427,14.609737546045796,0
2023-01-03 19:18:00,238.92870379521008,13.548989428147129,0
2023-01-03 19:19:00,379.95020819696686,11.247932291329954,0
2023-01-03 19:20:00,249.69160416638294,11.694176566540923,0
2023-01-03 19:21:00,280.1670752787159,13.391597217660781,0
2023-01-03 19:22:00,323.5042608706314,13.28230566135044,0
2023-01-03 19:23:00,408.461116403756,11.837995171954821,0
2023-01-03 19:24:00,335.8626972425406,13.052172635830116,0
2023-01-03 19:25:00,341.5042557798771,12.425348534965098,0
2023-01-03 19:26:00,329.7870037552888,11.498273300512839,0
2023-01-03 19:27:00,336.54176876907627,12.553569503454325,0
2023-01-03 19:28:00,302.4524404580608,13.490613738875203,0
2023-01-03 19:29:00,348.76497895406806,12.639679520420982,0
2023-01-03 19:30:00,273.276435471102,14.6669325776143,0
2023-01-03 19:31:00,317.91795237765604,14.229325910722206,0
2023-01-03 19:32:00,365.8441847516419,14.21483453283809,0
2023-01-03 19:33:00,309.98504664672214,11.7402266997622,0
2023-01-03 19:34:00,362.80841900851647,11.953656834310003,0
2023-01-03 19:35:00,319.40312637122616,14.157575819190363,0
2023-01-03 19:36:00,274.423095457026,13.259117967213285,0
2023-01-03 19:37:00,370.0227071373297,13.58571436616592,0
2023-01-03 19:38:00,370.7422083771422,13.963300270818582,0
2023-01-03 19:39:00,202.2367126555297,13.492960098862593,0
2023-01-03 19:40:00,335.9107143715996,12.750876073504141,0
2023-01-03 19:41:00,360.4930889653391,11.104541867830044,0
2023-01-03 19:42:00,298.28559897603265,12.0076595219914,0
2023-01-03 19:43:00,272.7634948496087,12.069281638760927,0
2023-01-03 19:44:00,351.8351917462311,13.023623408597244,0
2023-01-03 19:45:00,264.23635827628675,12.358616544700348,0
2023-01-03 19:46:00,346.23607513699267,13.507922800212183,0
2023-01-03 19:47:00,358.9883665765107,14.44689740813567,0
2023-01-03 19:48:00,286.8802581908396,12.316644602748637,0
2023-01-03 19:49:00,389.1296732959785,14.68657534980558,0
2023-01-03 19:50:00,295.8221936559017,13.670370662609747,0
2023-01-03 19:51:00,299.78370557251355,12.298230308891366,0
2023-01-03 19:52:00,338.2119078498558,14.511361480756573,0
2023-01-03 19:53:00,272.7782258225889,13.203270387608045,0
2023-01-03 19:54:00,289.07459520784073,13.634291168278153,0
2023-01-03 19:55:00,265.37555728517697,13.493431699482782,0
2023-01-03 19:56:00,348.5695637715519,13.36050640131215,0
2023-01-03 19:57:00,282.65215001905574,13.357957431815096,0
2023-01-03 19:58:00,376.22505313226327,15.183772117774478,0
2023-01-03 19:59:00,379.7460006767927,13.337773758648352,0
2023-01-03 20:00:00,191.74891814953466,14.229474415885177,0
2023-01-03 20:01:00,282.37274755171006,12.86325373604174,0
2023-01-03 20:02:00,330.03241397475665,13.439538501499413,0
2023-01-03 20:03:00,414.11732745297525,14.763050152322467,0
2023-01-03 20:04:00,438.5778826937665,12.534457607102356,0
2023-01-03 20:05:00,363.33001686983573,12.645509502232846,0
2023-01-03 20:06:00,378.61964724097896,12.916679352849156,0
2023-01-03 20:07:00,295.418717922589,11.796729914626255,0
2023-01-03 20:08:00,335.23917900959395,13.295277780464529,0
2023-01-03 20:09:00,278.6930613832675,12.935785825821194,0
2023-01-03 20:10:00,297.6930583009711,14.482271000833906,0
2023-01-03 20:11:00,434.77774912957744,13.112343768368609,0
2023-01-03 20:12:00,295.97035814060325,13.04781800808841,0
2023-01-03 20:13:00,339.16144754794334,13.853897146476099,0
2023-01-03 20:14:00,280.2955142764827,13.524920287922152,0
2023-01-03 20:15:00,290.3218077444163,13.290564284019048,0
2023-01-03 20:16:00,307.2712421444895,13.406605736617095,0
2023-01-03 20:17:00,305.5845345541247,14.812692049667401,0
2023-01-03 20:18:00,310.7242631190974,11.988262532996076,0
2023-01-03 20:19:00,324.1491435628848,12.912253996362693,0
2023-01-03 20:20:00,808.6279277846434,13.415334491124817,0
2023-01-03 20:21:00,291.0210175320882,13.597116384120834,0
2023-01-03 20:22:00,335.7423994722309,12.688164314228608,0
2023-01-03 20:23:00,378.4779441281985,12.741151777800999,0
2023-01-03 20:24:00,365.4664131549495,13.362127725234128,0
2023-01-03 20:25:00,349.628006418827,12.864990362921331,0
2023-01-03 20:26:00,210.35857268344733,13.98850783954532,0
2023-01-03 20:27:00,358.4164523126543,14.23633808599318,0
2023-01-03 20:28:00,277.74056542943026,12.602990215866537,0
2023-01-03 20:29:00,321.6974840418823,13.397017667305661,0
2023-01-03 20:30:00,399.11859316948266,14.532268161637276,0
2023-01-03 20:31:00,379.7177475963051,13.364119704110035,0
2023-01-03 20:32:00,376.97044761760714,16.07261234142343,0
2023-01-03 20:33:00,289.94987106303637,12.134294964584914,0
2023-01-03 20:34:00,371.979721226482,14.808722369832244,0
2023-01-03 20:35:00,333.7634340958699,12.739960051068607,0
2023-01-03 20:36:00,326.15806067786207,14.87225578090041,0
2023-01-03 20:37:00,355.0219247924547,13.760832391934379,0
2023-01-03 20:38:00,284.4871825255186,14.33758186668483,0
2023-01-03 20:39:00,417.2215616964336,12.311328381372718,0
2023-01-03 20:40:00,241.97986028611143,14.189112533337832,0
2023-01-03 20:41:00,495.52973306943034,13.292792996606625,0
2023-01-03 20:42:00,341.1071835195767,13.004962247079224,0
2023-01-03 20:43:00,352.6017153348952,14.074724707624469,0
2023-01-03 20:44:00,432.14253747782897,14.820466705039355,0
2023-01-03 20:45:00,384.74209309323163,14.435540418779631,0
2023-01-03 20:46:00,272.03992427072376,13.94891612446161,0
2023-01-03 20:47:00,273.5918148911952,13.414054882939995,0
2023-01-03 20:48:00,417.0673793844776,13.92246734560452,0
2023-01-03 20:49:00,329.1438437146339,13.553895733748417,0
2023-01-03 20:50:00,334.9938586698171,12.49124327586467,0
2023-01-03 20:51:00,296.9962360801924,12.838457497132763,0
2023-01-03 20:52:00,303.0900534250234,12.103556566489823,0
2023-01-03 20:53:00,217.40440760249842,12.326241057645436,0
2023-01-03 20:54:00,343.47329630692633,14.258534041607287,0
2023-01-03 20:55:00,459.04785687919366,13.568160498259715,0
2023-01-03 20:56:00,364.30431576643593,15.257617766561252,0
2023-01-03 20:57:00,410.1736619329364,13.386225476855735,0
2023-01-03 20:58:00,348.8023202919695,13.481664006064658,0
2023-01-03 20:59:00,369.06637246988237,15.600128406428901,0
2023-01-03 21:00:00,393.10069245954026,13.819575424604603,0
2023-01-03 21:01:00,383.43276409778827,12.65838801872406,0
2023-01-03 21:02:00,356.3267729272694,13.541491823096624,0
2023-01-03 21:03:00,295.4200941628661,15.131133212575381,0
2023-01-03 21:04:00,311.24600741726874,14.399418299338596,0
2023-01-03 21:05:00,246.96449087037024,11.930280972530369,0
2023-01-03 21:06:00,409.33028084339736,14.24596367344169,0
2023-01-03 21:07:00,357.97763923964175,13.605546290359621,0
2023-01-03 21:08:00,371.43761468553737,13.739353225823267,0
2023-01-03 21:09:00,330.3084132942006,16.004382954865985,0
2023-01-03 21:10:00,350.42079106691176,14.2711336304838,0
2023-01-03 21:11:00,398.69060398196063,14.116275319040287,0
2023-01-03 21:12:00,374.96652003763745,12.209216543848877,0
2023-01-03 21:13:00,331.06101229946864,13.105682262066878,0
2023-01-03 21:14:00,319.12441450867567,11.633714859527892,0
2023-01-03 21:15:00,427.14858952121403,12.869877037927754,0
2023-01-03 21:16:00,369.2778035423777,14.449217841844206,0
2023-01-03 21:17:00,443.7840437280562,13.354783490006106,0
2023-01-03 21:18:00,330.56947770413564,12.751286424153239,0
2023-01-03 21:19:00,414.59433087654946,13.030183306408704,0
2023-01-03 21:20:00,341.28373041045256,12.835056967901398,0
2023-01-03 21:21:00,385.49097021156194,12.76646602132325,0
2023-01-03 21:22:00,354.9788119578023,12.373626250913766,0
2023-01-03 21:23:00,384.1287367040264,16.38598126704015,0
2023-01-03 21:24:00,422.345352958924,12.756073884633693,0
2023-01-03 21:25:00,332.15178150511616,14.49803818609666,0
2023-01-03 21:26:00,339.4117462842094,12.63046594731138,0
2023-01-03 21:27:00,326.8451482914498,14.460511864753396,0
2023-01-03 21:28:00,390.28130561975047,13.335814597889724,0
2023-01-03 21:29:00,418.3344584688905,13.155789780742424,0
2023-01-03 21:30:00,412.15430561577256,11.875357539644385,0
2023-01-03 21:31:00,359.0959765933411,14.371969787406751,0
2023-01-03 21:32:00,463.6669718652387,14.935868771869385,0
2023-01-03 21:33:00,352.2905366107545,14.81944253228798,0
2023-01-03 21:34:00,364.3759425595191,13.202549383213602,0
2023-01-03 21:35:00,388.2168939088749,12.45581966434056,0
2023-01-03 21:36:00,381.8377486539376,12.963334291202973,0
2023-01-03 21:37:00,366.8888933338645,14.859093443121287,0
2023-01-03 21:38:00,461.56214272722667,12.979114402636942,0
2023-01-03 21:39:00,413.7768092128957,12.064052675610064,0
2023-01-03 21:40:00,306.97583949016496,13.63727290931631,0
2023-01-03 21:41:00,430.5273544834017,12.540282168711462,0
2023-01-03 21:42:00,326.03655904575197,13.905516502963978,0
2023-01-03 21:43:00,322.3001447989886,13.814488889472733,0
2023-01-03 21:44:00,472.25946999423354,12.387299252999117,0
2023-01-03 21:45:00,387.06874569733833,15.2504833403321,0
2023-01-03 21:46:00,426.5407693610674,14.698799019132768,0
2023-01-03 21:47:00,377.3943285125998,14.539459718996415,0
2023-01-03 21:48:00,414.83907290715337,14.14140597408762,0
2023-01-03 21:49:00,392.5913314885482,13.599479609285353,0
2023-01-03 21:50:00,477.8130870032498,16.145492579308065,0
2023-01-03 21:51:00,482.34265416501364,13.745009892396741,0
2023-01-03 21:52:00,368.69302215339485,13.663697236879479,0
2023-01-03 21:53:00,339.7260858763286,15.44077968831744,0
2023-01-03 21:54:00,445.09170177958146,13.594872610945771,0
2023-01-03 21:55:00,453.9530884265673,12.925921523784517,0
2023-01-03 21:56:00,359.97855204396035,13.912823525032602,0
2023-01-03 21:57:00,395.84394708806394,15.95643429140296,0
2023-01-03 21:58:00,402.64432223552797,13.805455735124195,0
2023-01-03 21:59:00,495.8142379127573,13.150700420079048,0
2023-01-03 22:00:00,954.265868992999,14.136765016901345,0
2023-01-03 22:01:00,337.7256920788823,14.945222452894015,0
2023-01-03 22:02:00,421.19134098714824,12.533731916609495,0
2023-01-03 22:03:00,462.7445705245161,12.421263936318612,0
2023-01-03 22:04:00,319.275943048924,14.979617892588578,0
2023-01-03 22:05:00,395.3865588901859,14.591639148875341,0
2023-01-03 22:06:00,425.768334685755,14.106133318816099,0
2023-01-03 22:07:00,376.77899931558466,14.549925868939454,0
2023-01-03 22:08:00,390.4535591197139,15.470839837780732,0
2023-01-03 22:09:00,381.321433086799,15.333674646020018,0
2023-01-03 22:10:00,375.3970130188314,14.402468318519688,0
2023-01-03 22:11:00,389.22972283185095,14.069110817356504,0
2023-01-03 22:12:00,431.1104996089426,14.524508382622482,0
2023-01-03 22:13:00,391.42028256004807,13.973779559522258,0
2023-01-03 22:14:00,474.6386909870837,14.986082733226604,0
2023-01-03 22:15:00,424.901642919803,16.101821552568666,0
2023-01-03 22:16:00,386.46226764463563,15.795376489262281,0
2023-01-03 22:17:00,351.93982949166275,14.371457697463033,0
2023-01-03 22:18:00,380.22807958610696,14.255404495604845,0
2023-01-03 22:19:00,347.63457391158477,14.554150053638885,0
2023-01-03 22:20:00,499.945378426975,16.469624114222082,0
2023-01-03 22:21:00,449.505032137878,13.698037864454232,0
2023-01-03 22:22:00,520.7917933438554,14.754222561629723,0
2023-01-03 22:23:00,476.1303414967398,13.24647274328062,0
2023-01-03 22:24:00,338.9021611292703,14.21185836349869,0
2023-01-03 22:25:00,465.3469813653417,16.36686243627702,0
2023-01-03 22:26:00,442.220301133319,13.61170130001321,0
2023-01-03 22:27:00,397.61236936926946,15.306653690580683,0
2023-01-03 22:28:00,430.35332078061936,13.892778882498943,0
2023-01-03 22:29:00,406.4275014588589,14.748680766748526,0
2023-01-03 22:30:00,464.3417275363833,12.943574461285316,0
2023-01-03 22:31:00,345.00912904545964,14.100099553740277,0
2023-01-03 22:32:00,428.2904846213619,14.141929128319353,0
2023-01-03 22:33:00,451.0970298598335,12.948092953641595,0
2023-01-03 22:34:00,390.56982178132813,14.24649487042433,0
2023-01-03 22:35:00,333.8220511286488,12.805932210321618,0
2023-01-03 22:36:00,368.28552532181226,15.049805558446032,0
2023-01-03 22:37:00,428.23135338940523,15.511578607472682,0
2023-01-03 22:38:00,402.5276549504778,13.418842228940418,0
2023-01-03 22:39:00,444.5091208716947,13.932100683330734,0
2023-01-03 22:40:00,424.85151247180323,15.614213927904046,0
2023-01-03 22:41:00,496.5664256037528,14.246536810905384,0
2023-01-03 22:42:00,500.56773483904533,15.023028078889158,0
2023-01-03 22:43:00,425.37629100298994,13.344910099789637,0
2023-01-03 22:44:00,402.65166999862697,14.28933366084341,0
2023-01-03 22:45:00,404.70253580442306,15.635693620223632,0
2023-01-03 22:46:00,450.29851750815186,15.764067364047765,0
2023-01-03 22:47:00,449.77144840996255,15.072128820519469,0
2023-01-03 22:48:00,474.1249338822404,14.118576163239629,0
2023-01-03 22:49:00,397.21837439557436,14.220377773512626,0
2023-01-03 22:50:00,440.1237983108985,15.101187235954738,0
2023-01-03 22:51:00,426.12042294550275,14.024777603344019,0
2023-01-03 22:52:00,481.89218828531335,15.494033508060713,0
2023-01-03 22:53:00,430.1478158292045,15.106137258098746,0
2023-01-03 22:54:00,451.2507274524834,14.624846879548514,0
2023-01-03 22:55:00,475.4802362616067,13.077380712281421,0
2023-01-03 22:56:00,570.8036019014389,16.200953406504325,0
2023-01-03 22:57:00,447.52674497694903,15.357537840455997,0
2023-01-03 22:58:00,492.40007074767846,14.014403647504063,0
2023-01-03 22:59:00,479.12883978926135,13.894589603934284,0
2023-01-03 23:00:00,450.65280181021825,14.252063110162942,0
2023-01-03 23:01:00,420.58913178743927,14.90310254356468,0
2023-01-03 23:02:00,473.75088538586016,15.920287166351642,0
2023-01-03 23:03:00,388.721524466422,13.49252969106629,0
2023-01-03 23:04:00,429.12460603529564,12.322344196568118,0
2023-01-03 23:05:00,501.93378837082275,15.548776645555566,0
2023-01-03 23:06:00,362.19217724076094,12.94024053053965,0
2023-01-03 23:07:00,347.76293389281534,13.331918130614852,0
2023-01-03 23:08:00,429.8125015492823,15.002533162846486,0
2023-01-03 23:09:00,393.0058709528636,14.069787533946425,0
2023-01-03 23:10:00,501.82800141717934,14.225767539100637,0
2023-01-03 23:11:00,465.3048543013724,14.579572790225459,0
2023-01-03 23:12:00,494.3607470590099,14.961875258013922,0
2023-01-03 23:13:00,431.01132222710606,13.527107668513963,0
2023-01-03 23:14:00,464.48634060667507,14.216380521523895,0
2023-01-03 23:15:00,504.8074307166255,14.566498752590416,0
2023-01-03 23:16:00,434.13810045858173,13.965090311052515,0
2023-01-03 23:17:00,448.6615225790883,14.650062015955593,0
2023-01-03 23:18:00,431.5573554569397,15.337403835548187,0
2023-01-03 23:19:00,471.12787698689374,14.727989058276156,0
2023-01-03 23:20:00,368.22866372428814,14.276755731368613,0
2023-01-03 23:21:00,483.4552548639547,14.091577462528727,0
2023-01-03 23:22:00,476.4237753809844,14.139464496856727,0
2023-01-03 23:23:00,482.82883917362426,13.76528242873549,0
2023-01-03 23:24:00,508.01812064533016,14.396795641416974,0
2023-01-03 23:25:00,460.9474478269231,13.84594507537335,0
2023-01-03 23:26:00,405.40587627890693,17.18148352922878,0
2023-01-03 23:27:00,506.6732345690176,15.039605575997719,0
2023-01-03 23:28:00,550.7385736349711,13.159512524692751,0
2023-01-03 23:29:00,445.8137169066922,13.717659920597384,0
2023-01-03 23:30:00,464.54958012911777,15.37941423266241,0
2023-01-03 23:31:00,445.05759018212956,13.793086140839382,0
2023-01-03 23:32:00,508.66869784113976,13.409326054953183,0
2023-01-03 23:33:00,539.5987687668379,12.51834557113193,0
2023-01-03 23:34:00,524.0063391481134,15.2037925103709,0
2023-01-03 23:35:00,426.3358651820792,14.7945931721783,0
2023-01-03 23:36:00,414.29487681612915,14.727133394306835,0
2023-01-03 23:37:00,426.70193731433034,14.489269891405677,0
2023-01-03 23:38:00,440.5938684509703,16.028607311741855,0
2023-01-03 23:39:00,461.64652543161174,15.959916976778443,0
2023-01-03 23:40:00,1044.8371205452825,14.833189139493598,0
2023-01-03 23:41:00,650.0996687623804,16.177800239739387,0
2023-01-03 23:42:00,353.6873047819411,15.765129872491746,0
2023-01-03 23:43:00,466.490900184867,15.13772752675675,0
2023-01-03 23:44:00,478.5096038418014,14.481723955903098,0
2023-01-03 23:45:00,549.4696813123585,12.874259984899982,0
2023-01-03 23:46:00,512.4176137196507,13.832574971676678,0
2023-01-03 23:47:00,510.2854336452349,15.170703564179336,0
2023-01-03 23:48:00,477.1425188295878,15.36796481704153,0
2023-01-03 23:49:00,537.9148979922662,13.823058854319362,0
2023-01-03 23:50:00,470.25671771495354,15.564055671583755,0
2023-01-03 23:51:00,536.5904386254505,15.551595488038211,0
2023-01-03 23:52:00,424.1286048219092,14.560569856876883,0
2023-01-03 23:53:00,516.0219911592984,13.291581033993468,0
2023-01-03 23:54:00,453.368056878785,14.408829536271112,0
2023-01-03 23:55:00,504.416930967188,16.22021206176432,0
2023-01-03 23:56:00,477.55658448221084,15.520314849550948,0
2023-01-03 23:57:00,454.7540087293745,15.45053791241538,0
2023-01-03 23:58:00,491.7749449733873,15.996705883935025,0
2023-01-03 23:59:00,473.2420611483807,14.250220933787888,0
2023-01-04 00:00:00,509.87907140995145,15.855611254686785,0
2023-01-04 00:01:00,538.2883513840213,16.378461640119504,0
2023-01-04 00:02:00,508.08590520377584,14.73364357378238,0
2023-01-04 00:03:00,543.9243374922845,15.008456455582223,0
2023-01-04 00:04:00,559.5227953462086,15.929583124419741,0
2023-01-04 00:05:00,577.1721179069478,13.877819282355336,0
2023-01-04 00:06:00,530.4057142354841,14.944403406688249,0
2023-01-04 00:07:00,542.0150688125973,14.19257789491272,0
2023-01-04 00:08:00,457.3362772872342,15.529855028426157,0
2023-01-04 00:09:00,542.7877675075579,16.93491064150901,0
2023-01-04 00:10:00,551.4920231599415,13.689306859197888,0
2023-01-04 00:11:00,461.0438836772436,14.121981064122446,0
2023-01-04 00:12:00,467.4243594911718,16.378775105575244,0
2023-01-04 00:13:00,500.11852970983523,16.556202179193996,0
2023-01-04 00:14:00,409.53448030056063,14.336308940302178,0
2023-01-04 00:15:00,460.8268356525973,17.161470797000213,0
2023-01-04 00:16:00,563.0039108583497,14.12100036901772,0
2023-01-04 00:17:00,485.3457224598093,15.089441450856446,0
2023-01-04 00:18:00,469.4019278196327,14.740850411003363,0
2023-01-04 00:19:00,518.8413069779957,14.516305312447962,0
2023-01-04 00:20:00,549.887909406212,14.547270599005847,0
2023-01-04 00:21:00,552.877056260677,13.4443535177506,0
2023-01-04 00:22:00,517.0911188317089,15.63969622101038,0
2023-01-04 00:23:00,508.8748882368498,15.340284722463421,0
2023-01-04 00:24:00,498.31125057237773,15.155314568684785,0
2023-01-04 00:25:00,527.4391970434662,14.357954340318203,0
2023-01-04 00:26:00,521.3008273848473,14.656310615873506,0
2023-01-04 00:27:00,595.4368095249195,14.400236921101113,0
2023-01-04 00:28:00,564.277611119434,16.06072882336159,0
2023-01-04 00:29:00,539.5811137913081,15.032670424202554,0
2023-01-04 00:30:00,618.5416313375622,13.539164705787897,0
2023-01-04 00:31:00,499.79074863510266,15.375119220228026,0
2023-01-04 00:32:00,506.35569419763453,15.28338427635096,0
2023-01-04 00:33:00,542.7402302879963,14.666338058419248,0
2023-01-04 00:34:00,493.2445126548363,15.939919959220068,0
2023-01-04 00:35:00,491.6814877644774,15.82622067929838,0
2023-01-04 00:36:00,556.047802397547,14.937205158597388,0
2023-01-04 00:37:00,452.90149939493784,14.06091876082056,0
2023-01-04 00:38:00,495.70060478156245,16.475273906455403,0
2023-01-04 00:39:00,539.6201344365754,15.651636482365264,0
2023-01-04 00:40:00,642.0430735935896,15.114833541828892,0
2023-01-04 00:41:00,517.8552625212882,16.58725816503938,0
2023-01-04 00:42:00,602.883230442798,17.18223121605314,0
2023-01-04 00:43:00,496.6855327983425,15.706770947222603,0
2023-01-04 00:44:00,488.20428569635726,13.068051168692671,0
2023-01-04 00:45:00,584.5983489449025,15.39189256520265,0
2023-01-04 00:46:00,538.9890926964256,15.302015454571348,0
2023-01-04 00:47:00,583.115653474864,15.433978943922266,0
2023-01-04 00:48:00,536.5517262726086,14.920108370966265,0
2023-01-04 00:49:00,506.4970116507342,16.80404958488541,0
2023-01-04 00:50:00,528.0732732335026,15.659759719153994,0
2023-01-04 00:51:00,636.6180628391562,15.52977049396729,0
2023-01-04 00:52:00,601.2441988685341,15.161264398190724,0
2023-01-04 00:53:00,580.93162696428,14.216803975442758,0
2023-01-04 00:54:00,560.8759131704142,13.654487839370075,0
2023-01-04 00:55:00,498.10534970844583,14.7665235089121,0
2023-01-04 00:56:00,613.7064129880774,14.680345716794237,0
2023-01-04 00:57:00,547.0889887878366,15.672815032290417,0
2023-01-04 00:58:00,615.4433621403952,16.74178132195677,0
2023-01-04 00:59:00,566.9645535804843,16.338067736796173,0
2023-01-04 01:00:00,660.4279074869889,14.448100349325484,0
2023-01-04 01:01:00,527.2280176268667,15.728243469809366,0
2023-01-04 01:02:00,569.6174235544078,15.658589112261192,0
2023-01-04 01:03:00,533.8405211390852,15.886390084797716,0
2023-01-04 01:04:00,592.395398664564,15.863769375287216,0
2023-01-04 01:05:00,571.2715122095491,15.883730083971715,0
2023-01-04 01:06:00,621.7538573075913,15.24917582435904,0
2023-01-04 01:07:00,564.356887928861,14.168891994294759,0
2023-01-04 01:08:00,563.7380187118891,16.250485742121285,0
2023-01-04 01:09:00,548.589507661009,15.583413619303084,0
2023-01-04 01:10:00,524.8109552437915,15.702201118015175,0
2023-01-04 01:11:00,495.9427570762664,16.62644473629257,0
2023-01-04 01:12:00,454.71663562726144,15.91982879010999,0
2023-01-04 01:13:00,569.8857915125761,14.64117253045617,0
2023-01-04 01:14:00,520.1355818285815,14.404536834583988,0
2023-01-04 01:15:00,618.1144969640366,14.754877097690159,0
2023-01-04 01:16:00,563.3881860923793,16.65399625223292,0
2023-01-04 01:17:00,581.6060615182671,16.194363792833975,0
2023-01-04 01:18:00,550.5195138343022,16.279436695664838,0
2023-01-04 01:19:00,543.7480876602056,16.651527196796277,0
2023-01-04 01:20:00,1053.9505175131194,15.64059129874276,0
2023-01-04 01:21:00,578.4028706014137,15.564779063831278,0
2023-01-04 01:22:00,509.8869972527139,15.978069400575501,0
2023-01-04 01:23:00,544.3634699519528,15.626584319244289,0
2023-01-04 01:24:00,640.372463571634,15.369587871504923,0
2023-01-04 01:25:00,596.0204828841798,13.495430078574351,0
2023-01-04 01:26:00,559.4562096980536,15.908360138768396,0
2023-01-04 01:27:00,537.424012954229,15.357435666038167,0
2023-01-04 01:28:00,576.6212539953609,15.751035648283583,0
2023-01-04 01:29:00,560.8212425744837,14.956044405546086,0
2023-01-04 01:30:00,474.1773063748126,15.943988210343768,0
2023-01-04 01:31:00,566.2112383429958,15.618587996304907,0
2023-01-04 01:32:00,493.74612283796716,18.156362590596025,0
2023-01-04 01:33:00,591.1766907158091,15.75402434043896,0
2023-01-04 01:34:00,562.8006796354363,15.480147179422815,0
2023-01-04 01:35:00,569.5742721429978,13.447668358607832,0
2023-01-04 01:36:00,582.7107913553543,15.616685531506542,0
2023-01-04 01:37:00,517.9430363294298,15.511627880361088,0
2023-01-04 01:38:00,572.3428191558903,15.229413267238696,0
2023-01-04 01:39:00,578.8285556622179,16.575117085623397,0
2023-01-04 01:40:00,599.9944181705747,15.282855986780906,0
2023-01-04 01:41:00,591.7645953742182,15.935374220781659,0
2023-01-04 01:42:00,557.6391366131157,15.895709776233067,0
2023-01-04 01:43:00,625.689577657492,15.190218219397764,0
2023-01-04 01:44:00,540.1345539403304,15.711910062992738,0
2023-01-04 01:45:00,517.0657674156458,16.763539775644286,0
2023-01-04 01:46:00,532.3819822963831,15.93488821624453,0
2023-01-04 01:47:00,592.2456285163556,15.443961866361342,0
2023-01-04 01:48:00,579.3423183258624,16.996162179019002,0
2023-01-04 01:49:00,611.1407195098118,16.025168486938163,0
2023-01-04 01:50:00,654.7428640093593,15.249351062943377,0
2023-01-04 01:51:00,585.7659398051505,14.970334970805576,0
2023-01-04 01:52:00,657.7380412056064,13.234849465151989,0
2023-01-04 01:53:00,600.9818255026614,16.503672540432447,0
2023-01-04 01:54:00,544.1906797751892,15.96607846365406,0
2023-01-04 01:55:00,643.1435341335869,15.53414735188495,0
2023-01-04 01:56:00,613.703464377487,16.990805551603284,0
2023-01-04 01:57:00,627.8974148679807,18.209975177824454,0
2023-01-04 01:58:00,646.5997031683171,16.66153333516889,0
2023-01-04 01:59:00,653.8205682800452,16.130885683522287,0
2023-01-04 02:00:00,510.6192059714924,14.272549236052274,0
2023-01-04 02:01:00,550.70598155227,15.477973399696387,0
2023-01-04 02:02:00,582.3162870791915,14.071957226062606,0
2023-01-04 02:03:00,601.8875384865154,17.587183348937966,0
2023-01-04 02:04:00,593.407444214302,15.379260206003051,0
2023-01-04 02:05:00,596.3775256946905,15.896023322365767,0
2023-01-04 02:06:00,562.0614451971546,17.77024004529075,0
2023-01-04 02:07:00,641.1277303508074,15.016323039424153,0
2023-01-04 02:08:00,553.9161924827571,17.920115164726198,0
2023-01-04 02:09:00,552.7761394097544,16.445620218251623,0
2023-01-04 02:10:00,592.134548268346,15.971344873334171,0
2023-01-04 02:11:00,554.3145173073108,14.254869065578157,0
2023-01-04 02:12:00,620.4318748540752,17.007781804917574,0
2023-01-04 02:13:00,643.4770752694031,16.473743552825646,0
2023-01-04 02:14:00,641.1871393828947,15.653850532927168,0
2023-01-04 02:15:00,645.0991338446579,17.143363665998837,0
2023-01-04 02:16:00,643.989165405781,14.719732714753732,0
2023-01-04 02:17:00,645.0565371254044,13.855285158699548,0
2023-01-04 02:18:00,598.9342162442979,16.339151191028947,0
2023-01-04 02:19:00,674.9045607102443,15.685947062794156,0
2023-01-04 02:20:00,590.9105919861604,17.481917229416684,0
2023-01-04 02:21:00,610.8700317240275,15.17537465882997,0
2023-01-04 02:22:00,615.3172012427194,16.10427658441437,0
2023-01-04 02:23:00,645.6078811448936,15.390885093648983,0
2023-01-04 02:24:00,645.2669125513826,15.418438880515053,0
2023-01-04 02:25:00,679.2536480261291,15.579720968165915,0
2023-01-04 02:26:00,638.7404752763956,16.52912336095646,0
2023-01-04 02:27:00,656.2547318239046,16.5809873264104,0
2023-01-04 02:28:00,662.3386921553204,16.79629088489343,0
2023-01-04 02:29:00,630.8356620994023,14.715659815164276,0
2023-01-04 02:30:00,715.5562795040718,16.746570794678366,0
2023-01-04 02:31:00,635.8431059793293,15.292309831189764,0
2023-01-04 02:32:00,626.5956291128662,15.805182819599754,0
2023-01-04 02:33:00,676.0044874673039,16.38323014740381,0
2023-01-04 02:34:00,650.279463504417,16.89013258513214,0
2023-01-04 02:35:00,673.1523769234465,17.44920381569241,0
2023-01-04 02:36:00,636.822352754855,17.17270228679388,0
2023-01-04 02:37:00,587.8185087167606,16.401746876763053,0
2023-01-04 02:38:00,622.791504727927,16.121124706878607,0
2023-01-04 02:39:00,563.0893055498752,15.32456581999039,0
2023-01-04 02:40:00,610.0900162521104,15.097638701612668,0
2023-01-04 02:41:00,608.3318076379937,15.837391139361658,0
2023-01-04 02:42:00,634.8885554115013,16.89637679978615,0
2023-01-04 02:43:00,624.0275344183727,18.150605208621574,0
2023-01-04 02:44:00,670.5853775840596,17.62700661603481,0
2023-01-04 02:45:00,643.4168831629881,15.420661307026625,0
2023-01-04 02:46:00,561.1220429242956,15.288163404309824,0
2023-01-04 02:47:00,718.8607501577994,16.179422922670625,0
2023-01-04 02:48:00,700.6892015419659,16.414732030702737,0
2023-01-04 02:49:00,662.0210602736662,16.98429819625468,0
2023-01-04 02:50:00,651.137733108316,15.934744532465814,0
2023-01-04 02:51:00,590.6084225052065,16.46160724997517,0
2023-01-04 02:52:00,659.5336453626048,16.566690596140635,0
2023-01-04 02:53:00,657.6309078315596,16.295758266287983,0
2023-01-04 02:54:00,587.7702338492173,17.08470505694193,0
2023-01-04 02:55:00,566.2679995031109,16.55088812732718,0
2023-01-04 02:56:00,607.7953367448107,15.233699769979838,0
2023-01-04 02:57:00,640.0519457351731,14.806815391555652,0
2023-01-04 02:58:00,717.2769321238115,14.63254781167086,0
2023-01-04 02:59:00,599.3468413501366,15.47588819333456,0
2023-01-04 03:00:00,1089.2377014388305,16.85440002049056,0
2023-01-04 03:01:00,546.4819019437367,16.784855815077496,0
2023-01-04 03:02:00,690.8462851492393,17.409183027032824,0
2023-01-04 03:03:00,606.1742981210551,16.451915272840353,0
2023-01-04 03:04:00,545.5130459281135,15.141365799881477,0
2023-01-04 03:05:00,667.2052634950168,17.69187336571429,0
2023-01-04 03:06:00,643.9490050313483,17.187131916418185,0
2023-01-04 03:07:00,653.4046798321475,17.091844579813895,0
2023-01-04 03:08:00,546.1731275117172,15.202199858553572,0
2023-01-04 03:09:00,665.3257535734584,16.55692902167491,0
2023-01-04 03:10:00,631.1133015987854,14.960596942365378,0
2023-01-04 03:11:00,668.3717174376333,15.91189669763648,0
2023-01-04 03:12:00,739.8694975028758,17.12323372677982,0
2023-01-04 03:13:00,628.8144801672477,17.38115504754531,0
2023-01-04 03:14:00,659.9349461303382,15.838872189345555,0
2023-01-04 03:15:00,523.3479026962566,16.91549520461525,0
2023-01-04 03:16:00,662.0177552340066,15.835586933822247,0
2023-01-04 03:17:00,638.7802291165685,17.78996871047889,0
2023-01-04 03:18:00,686.3704686138598,15.521883188509417,0
2023-01-04 03:19:00,642.6577403390431,14.609953067031023,0
2023-01-04 03:20:00,594.2093296421673,17.083187867591015,0
2023-01-04 03:21:00,607.443997498545,16.20446514328194,0
2023-01-04 03:22:00,590.0445353020069,15.894784014999804,0
2023-01-04 03:23:00,608.3379571048569,16.69156600158978,0
2023-01-04 03:24:00,592.3698902722535,16.777365500277945,0
2023-01-04 03:25:00,670.2105255814957,15.51235164963928,0
2023-01-04 03:26:00,564.4410836480073,16.80228541396235,0
2023-01-04 03:27:00,671.6876953679712,17.7441616635676,0
2023-01-04 03:28:00,673.1175326066345,15.245442021651584,0
2023-01-04 03:29:00,680.4696694867282,15.48947351515853,0
2023-01-04 03:30:00,758.8931377131303,17.32799541689075,0
2023-01-04 03:31:00,691.5288837987946,17.86215288351273,0
2023-01-04 03:32:00,735.6457203550976,18.357243390837503,0
2023-01-04 03:33:00,620.5183489929688,18.048125601794883,0
2023-01-04 03:34:00,752.4790549944763,15.292196092571768,0
2023-01-04 03:35:00,641.3037236686989,16.42693548416703,0
2023-01-04 03:36:00,692.9966001958976,15.083717158327113,0
2023-01-04 03:37:00,560.1801792502063,16.231330609900827,0
2023-01-04 03:38:00,635.4463361949253,15.136243716650396,0
2023-01-04 03:39:00,678.460303977594,15.17054561711274,0
2023-01-04 03:40:00,644.8506972591848,17.35882100524988,0
2023-01-04 03:41:00,709.211741689439,16.53414732251181,0
2023-01-04 03:42:00,622.8344854683755,16.783448135631083,0
2023-01-04 03:43:00,704.1315349423184,17.628712610071148,0
2023-01-04 03:44:00,595.4959380617305,15.40287566962932,0
2023-01-04 03:45:00,697.797947081079,15.473432952551404,0
2023-01-04 03:46:00,721.3408400530623,17.758627350145915,0
2023-01-04 03:47:00,702.0422767025312,16.47070679038452,0
2023-01-04 03:48:00,680.414045946442,17.154727310434673,0
2023-01-04 03:49:00,648.7119427447082,17.2877259739317,0
2023-01-04 03:50:00,705.6407747107645,16.35025388556159,0
2023-01-04 03:51:00,764.1829594141193,15.391277798111043,0
2023-01-04 03:52:00,619.9167903452008,16.216565781374626,0
2023-01-04 03:53:00,670.1659497999642,16.016194949855226,0
2023-01-04 03:54:00,704.0162723651415,16.61921633881693,0
2023-01-04 03:55:00,670.4240082926087,16.477693222155477,0
2023-01-04 03:56:00,679.9003732733466,16.30467002176431,0
2023-01-04 03:57:00,640.0543337849194,18.389588827351577,0
2023-01-04 03:58:00,690.1091557674044,16.41194336625495,0
2023-01-04 03:59:00,658.6907977798105,15.402108047840512,0
2023-01-04 04:00:00,693.4371546858335,14.87429894739958,0
2023-01-04 04:01:00,606.6503599432087,16.8665245333187,0
2023-01-04 04:02:00,674.7588071513065,15.817952379645421,0
2023-01-04 04:03:00,756.6183574887285,16.785805452475444,0
2023-01-04 04:04:00,650.1789410910961,13.86328242673308,0
2023-01-04 04:05:00,715.0811681298121,16.547158039484856,0
2023-01-04 04:06:00,707.3562633565873,17.64643968034754,0
2023-01-04 04:07:00,680.0249853350357,16.969412097625437,0
2023-01-04 04:08:00,668.8801263984327,16.523374999101247,0
2023-01-04 04:09:00,592.9660606053275,18.485215543648746,0
2023-01-04 04:10:00,607.1191538993962,16.697088972675083,0
2023-01-04 04:11:00,670.1349575107905,15.652080217501863,0
2023-01-04 04:12:00,718.599887972171,15.185221327991012,0
2023-01-04 04:13:00,771.1972356246365,17.439935996098306,0
2023-01-04 04:14:00,663.729355284215,18.209351404113537,0
2023-01-04 04:15:00,751.026405035428,16.427578387148667,0
2023-01-04 04:16:00,636.6734111239163,18.21099006580614,0
2023-01-04 04:17:00,729.9686178698317,17.888308484579397,0
2023-01-04 04:18:00,723.169191413558,15.836556496241476,0
2023-01-04 04:19:00,699.5791571871911,15.80541315811574,0
2023-01-04 04:20:00,583.9444431853326,16.037325614575348,0
2023-01-04 04:21:00,749.639564145171,17.62625770352861,0
2023-01-04 04:22:00,739.5258664077596,17.139730493993603,0
2023-01-04 04:23:00,588.4872444251662,16.375841921703824,0
2023-01-04 04:24:00,567.8877389766308,17.2177646361696,0
2023-01-04 04:25:00,635.5503381477121,17.401733725820723,0
2023-01-04 04:26:00,732.0326870160108,17.60348075934217,0
2023-01-04 04:27:00,708.6434873285181,17.446829361585202,0
2023-01-04 04:28:00,767.4420780857546,16.13897586162948,0
2023-01-04 04:29:00,704.1818231952141,16.126089860029925,0
2023-01-04 04:30:00,675.969011690716,14.959055396680755,0
2023-01-04 04:31:00,663.2779773909281,15.583720992083723,0
2023-01-04 04:32:00,651.4008422220265,16.49568700417773,0
2023-01-04 04:33:00,695.2782287541785,17.488670670983076,0
2023-01-04 04:34:00,654.8795116249544,16.842526110144373,0
2023-01-04 04:35:00,715.0860948177237,17.35696496258568,0
2023-01-04 04:36:00,557.0147248707422,16.465923285474307,0
2023-01-04 04:37:00,687.2902501004957,16.099942156541605,0
2023-01-04 04:38:00,683.919101156992,15.67509104060165,0
2023-01-04 04:39:00,706.5526718407004,17.567733381781164,0
2023-01-04 04:40:00,1199.5941225314373,16.10228268034445,0
2023-01-04 04:41:00,680.6605561440734,17.913074898989557,0
2023-01-04 04:42:00,727.6045983739692,17.979516211908365,0
2023-01-04 04:43:00,710.2763814828351,16.25812044407497,0
2023-01-04 04:44:00,717.4890869684191,15.18564754211021,0
2023-01-04 04:45:00,692.5051410791656,16.701004810266856,0
2023-01-04 04:46:00,679.2685197336075,18.52234502221306,0
2023-01-04 04:47:00,684.1659504741733,16.625159935991444,0
2023-01-04 04:48:00,725.6310601675069,18.026998571363798,0
2023-01-04 04:49:00,700.9911544961897,18.164771185409528,0
2023-01-04 04:50:00,680.2167179950546,15.397320391666234,0
2023-01-04 04:51:00,684.0703725911374,14.649433329484252,0
2023-01-04 04:52:00,702.9513744303273,18.38290736344438,0
2023-01-04 04:53:00,675.9507178248598,18.751732481912004,0
2023-01-04 04:54:00,667.7565634261935,17.482680440874674,0
2023-01-04 04:55:00,720.8061869678919,18.502932517814557,0
2023-01-04 04:56:00,755.7886958159776,18.111395065450356,0
2023-01-04 04:57:00,643.4479420540248,17.580094674093345,0
2023-01-04 04:58:00,636.0611834598153,18.031077912219367,0
2023-01-04 04:59:00,619.0756363313225,16.371190482188954,0
2023-01-04 05:00:00,656.2421825485111,15.662010274428596,0
2023-01-04 05:01:00,733.678864379994,16.97917539001129,0
2023-01-04 05:02:00,679.9578863184398,16.972712991235124,0
2023-01-04 05:03:00,646.5056888903127,17.80872002114212,0
2023-01-04 05:04:00,709.9490917517097,15.089224399054007,0
2023-01-04 05:05:00,751.7654756139223,14.830514053184638,0
2023-01-04 05:06:00,661.8997178229267,15.48519093687807,0
2023-01-04 05:07:00,627.1575646506166,19.517997045822128,0
2023-01-04 05:08:00,672.5323854665578,17.015585099265007,0
2023-01-04 05:09:00,698.1298498943037,14.321710436970978,0
2023-01-04 05:10:00,694.5418235189801,17.730061200036012,0
2023-01-04 05:11:00,728.7946049979208,17.13372767085379,0
2023-01-04 05:12:00,641.3215933615708,19.167608204550298,0
2023-01-04 05:13:00,709.2437144589001,17.133901760156604,0
2023-01-04 05:14:00,716.8421897828081,18.366429465525265,0
2023-01-04 05:15:00,743.5753419167811,15.90183146430254,0
2023-01-04 05:16:00,718.9508032584374,16.93214274228497,0
2023-01-04 05:17:00,647.8923626861293,18.338899750661398,0
2023-01-04 05:18:00,747.6767136398537,17.75135657825029,0
2023-01-04 05:19:00,652.0492666283524,15.69273479993453,0
2023-01-04 05:20:00,703.3410265613408,17.68795580347833,0
2023-01-04 05:21:00,696.5018433136173,16.18119198003835,0
2023-01-04 05:22:00,693.0762793919488,18.245757028420826,0
2023-01-04 05:23:00,752.4651099838471,17.18253815605826,0
2023-01-04 05:24:00,604.18987493335,17.31568990603904,0
2023-01-04 05:25:00,683.6324104688101,15.343496041862277,0
2023-01-04 05:26:00,618.6181680735185,18.954906260899797,0
2023-01-04 05:27:00,713.3075002826118,17.907663472144346,0
2023-01-04 05:28:00,738.6394463425155,17.284762824150345,0
2023-01-04 05:29:00,733.2451991333248,16.514653239156445,0
2023-01-04 05:30:00,679.759244973632,16.344400511941444,0
2023-01-04 05:31:00,602.5170768938979,19.096659438253656,0
2023-01-04 05:32:00,663.0639347693904,18.602632680976505,0
2023-01-04 05:33:00,719.7361754756107,17.87215810955553,0
2023-01-04 05:34:00,716.2143628656695,16.968982440935566,0
2023-01-04 05:35:00,609.0370036661488,19.283039819883392,0
2023-01-04 05:36:00,702.4324734912078,16.495869944064538,0
2023-01-04 05:37:00,763.9670520629567,17.382558738041986,0
2023-01-04 05:38:00,712.8501957840097,16.378519680859036,0
2023-01-04 05:39:00,630.4421914744506,18.502463998893667,0
2023-01-04 05:40:00,681.1828045836866,16.652864180740142,0
2023-01-04 05:41:00,611.2078293199869,17.246448161255703,0
2023-01-04 05:42:00,674.4076994299087,17.984859212618442,0
2023-01-04 05:43:00,662.9132794302689,18.454845760006652,0
2023-01-04 05:44:00,670.9419606965898,14.62433490084043,0
2023-01-04 05:45:00,714.9427006420672,19.2040930492702,0
2023-01-04 05:46:00,717.5153639716644,18.640704976845946,0
2023-01-04 05:47:00,764.4687980533337,17.412057013089182,0
2023-01-04 05:48:00,775.1907786349474,17.238918991210003,0
2023-01-04 05:49:00,712.6276869222876,17.910177482028473,0
2023-01-04 05:50:00,705.2187493258662,19.229652621855102,0
2023-01-04 05:51:00,767.1081934031326,17.14693998791048,0
2023-01-04 05:52:00,715.993591229541,18.629810840778568,0
2023-01-04 05:53:00,724.815523718543,17.383107994157157,0
2023-01-04 05:54:00,635.7650109522432,16.35973967247646,0
2023-01-04 05:55:00,729.9328298414757,18.413193494312104,0
2023-01-04 05:56:00,761.0621770865125,18.527375019776315,0
2023-01-04 05:57:00,660.1356636963541,16.989600818668773,0
2023-01-04 05:58:00,697.7502605902041,17.40793637993262,0
2023-01-04 05:59:00,621.1126009959064,17.89692439053159,0
2023-01-04 06:00:00,799.1879224886173,18.016485070973225,0
2023-01-04 06:01:00,692.9083738570013,20.068763417705906,0
2023-01-04 06:02:00,701.6567316903819,16.161841201199053,0
2023-01-04 06:03:00,727.2468887743695,16.95530204067763,0
2023-01-04 06:04:00,714.8019116190098,17.902515898204484,0
2023-01-04 06:05:00,626.4474938990356,19.501187091609687,0
2023-01-04 06:06:00,739.4216357423126,19.158835382576388,0
2023-01-04 06:07:00,730.7419115296861,17.11179283652005,0
2023-01-04 06:08:00,704.3480217701873,17.462019855332425,0
2023-01-04 06:09:00,624.8521695600283,16.88696742338394,0
2023-01-04 06:10:00,743.5981328389665,18.120183690691253,0
2023-01-04 06:11:00,760.6377097895636,17.21712857470582,0
2023-01-04 06:12:00,575.3169458163176,19.005961979911287,0
2023-01-04 06:13:00,698.3180404904401,17.64926288051964,0
2023-01-04 06:14:00,751.5927189434765,19.409611906642706,0
2023-01-04 06:15:00,771.1361909178214,16.07197445284825,0
2023-01-04 06:16:00,661.2441909009696,17.462816592790638,0
2023-01-04 06:17:00,673.6805494584619,17.274116896344776,0
2023-01-04 06:18:00,707.5996185191366,16.862727678278706,0
2023-01-04 06:19:00,741.3834262096844,16.53429853235029,0
2023-01-04 06:20:00,1216.711368138093,18.969917823099507,0
2023-01-04 06:21:00,667.3733657298952,16.819245151899906,0
2023-01-04 06:22:00,706.5863573219299,17.63387600599571,0
2023-01-04 06:23:00,667.545503185906,18.721066678479136,0
2023-01-04 06:24:00,712.6933790231957,18.103844362984727,0
2023-01-04 06:25:00,755.8883661306896,21.10810756569663,0
2023-01-04 06:26:00,592.3458324233336,17.966426611661074,0
2023-01-04 06:27:00,739.523914308339,18.305699864380863,0
2023-01-04 06:28:00,712.493685496234,19.776308572277525,0
2023-01-04 06:29:00,771.4679407808051,18.847268593262623,0
2023-01-04 06:30:00,754.8500269857537,17.30554863104957,0
2023-01-04 06:31:00,786.0092961889268,17.860738180114613,0
2023-01-04 06:32:00,696.5044596333113,17.02136061506787,0
2023-01-04 06:33:00,644.0917520623852,17.600320026322297,0
2023-01-04 06:34:00,617.6081816381828,18.10002997196577,0
2023-01-04 06:35:00,698.3006944083977,16.060220519061527,0
2023-01-04 06:36:00,739.3570627158821,18.85317262632685,0
2023-01-04 06:37:00,625.4673428075344,18.831938299866263,0
2023-01-04 06:38:00,725.8765817299779,18.620178815193086,0
2023-01-04 06:39:00,644.1517638455358,17.78822548828145,0
2023-01-04 06:40:00,686.3233379290039,17.90903189310699,0
2023-01-04 06:41:00,690.037105818222,17.301333454580874,0
2023-01-04 06:42:00,714.9333504369666,19.48022107678901,0
2023-01-04 06:43:00,690.6089424267525,17.606266132923974,0
2023-01-04 06:44:00,648.7558473019342,17.894384005433764,0
2023-01-04 06:45:00,680.1791709414306,16.991313409267168,0
2023-01-04 06:46:00,672.0978325956252,17.136956374999354,0
2023-01-04 06:47:00,694.3227647216124,18.42442525584147,0
2023-01-04 06:48:00,648.5806036439498,18.26751905991499,0
2023-01-04 06:49:00,748.8062312256484,17.366596940253054,0
2023-01-04 06:50:00,707.794647391281,17.582002607060506,0
2023-01-04 06:51:00,660.0740781888541,15.402667641430028,0
2023-01-04 06:52:00,708.1876428722721,17.832357124596115,0
2023-01-04 06:53:00,749.6522131761967,17.065081375181688,0
2023-01-04 06:54:00,640.1884031548142,16.666353967427334,0
2023-01-04 06:55:00,737.8621143047812,16.210866383045065,0
2023-01-04 06:56:00,701.133128163403,17.905659218067157,0
2023-01-04 06:57:00,748.3078512164897,16.457087562364666,0
2023-01-04 06:58:00,674.5140856516033,19.93306723935892,0
2023-01-04 06:59:00,695.2363330499197,18.89191644897072,0
2023-01-04 07:00:00,648.4422809255918,17.32219147730026,0
2023-01-04 07:01:00,704.769847134277,16.44159245861346,0
2023-01-04 07:02:00,647.2078867194651,17.864587450417922,0
2023-01-04 07:03:00,656.5904011865722,18.909275359744335,0
2023-01-04 07:04:00,718.0592959348179,18.217473987305922,0
2023-01-04 07:05:00,808.1155164026519,18.390720832760387,0
2023-01-04 07:06:00,779.5832362005929,17.587887583841486,0
2023-01-04 07:07:00,743.4033016744348,17.383736726292952,0
2023-01-04 07:08:00,749.6838500328396,18.6390266973075,0
2023-01-04 07:09:00,618.5194965952262,17.04101058636027,0
2023-01-04 07:10:00,656.2643219186168,17.95269300394175,0
2023-01-04 07:11:00,605.3063213260774,18.66344931413056,0
2023-01-04 07:12:00,663.7431270123242,16.709304996581583,0
2023-01-04 07:13:00,624.8766775016361,16.867050767561615,0
2023-01-04 07:14:00,636.4885944998807,17.333100707915676,0
2023-01-04 07:15:00,682.3828919192601,17.467101480238348,0
2023-01-04 07:16:00,595.3047815874959,18.184920079342945,0
2023-01-04 07:17:00,653.3347414962416,16.555517788460385,0
2023-01-04 07:18:00,601.6266906185085,17.486472616789975,0
2023-01-04 07:19:00,715.2978034964173,18.01974162658048,0
2023-01-04 07:20:00,621.4440103319279,17.62287560663348,0
2023-01-04 07:21:00,620.0358919216454,18.881486159257456,0
2023-01-04 07:22:00,734.7615443375146,16.28450922741602,0
2023-01-04 07:23:00,645.3387835922168,17.209187232200676,0
2023-01-04 07:24:00,614.7204494385539,18.455024798740787,0
2023-01-04 07:25:00,708.1601735059025,18.676289324878685,0
2023-01-04 07:26:00,721.6541379618387,18.784073706759784,0
2023-01-04 07:27:00,682.1998197361856,17.941645115586734,0
2023-01-04 07:28:00,725.2643286967954,17.904508334502534,0
2023-01-04 07:29:00,596.4353513926852,20.59516288451048,0
2023-01-04 07:30:00,717.7362324501157,17.101784878383206,0
2023-01-04 07:31:00,644.095793579718,18.752738787357696,0
2023-01-04 07:32:00,665.1904914386434,18.771009806153003,0
2023-01-04 07:33:00,646.9645142197129,17.43786245102571,0
2023-01-04 07:34:00,742.8490872169589,18.358445833613022,0
2023-01-04 07:35:00,694.6945396496947,17.824542153351647,0
2023-01-04 07:36:00,683.3684953172269,18.966037868002825,0
2023-01-04 07:37:00,619.3263818006154,17.066229631343987,0
2023-01-04 07:38:00,746.8687019385045,17.41281217166065,0
2023-01-04 07:39:00,657.4171338348631,17.01297440678252,0
2023-01-04 07:40:00,713.3855712540244,18.820336258778692,0
2023-01-04 07:41:00,683.731460336555,19.155209529260485,0
2023-01-04 07:42:00,682.2134390420168,17.275029735535494,0
2023-01-04 07:43:00,642.3388099502705,17.673634340467164,0
2023-01-04 07:44:00,708.2590045212337,18.129687895457355,0
2023-01-04 07:45:00,594.6456073364844,18.269657188039066,0
2023-01-04 07:46:00,683.0883294087537,18.662850244839166,0
2023-01-04 07:47:00,672.2246594343063,17.744846170017112,0
2023-01-04 07:48:00,646.6718025427873,17.629568273963113,0
2023-01-04 07:49:00,665.6744850238439,18.521218514718758,0
2023-01-04 07:50:00,643.8078913620412,16.908641730508492,0
2023-01-04 07:51:00,714.0832038339814,17.22320379244241,0
2023-01-04 07:52:00,773.8259409387701,19.081039972011283,0
2023-01-04 07:53:00,685.9093234598143,18.14930013930054,0
2023-01-04 07:54:00,681.6846280963683,17.06223727989954,0
2023-01-04 07:55:00,667.6298737412347,19.739416872325,0
2023-01-04 07:56:00,610.4955493154285,18.836043622650905,0
2023-01-04 07:57:00,672.688692354217,18.572686866000303,0
2023-01-04 07:58:00,651.4962196007183,17.375772335453814,0
2023-01-04 07:59:00,716.966413389108,19.899729500142755,0
2023-01-04 08:00:00,1286.2917085033491,17.24929796970828,0
2023-01-04 08:01:00,729.962598872884,19.311618782796778,0
2023-01-04 08:02:00,718.5743725937814,16.127996156282485,0
2023-01-04 08:03:00,629.3579919332087,17.944318161227976,0
2023-01-04 08:04:00,726.7326119195312,18.77693168929784,0
2023-01-04 08:05:00,738.3011057489085,16.86590642179604,0
2023-01-04 08:06:00,712.3348291563482,19.501422855006695,0
2023-01-04 08:07:00,582.0599097420641,18.224600390356354,0
2023-01-04 08:08:00,741.06975207477,17.685687643947496,0
2023-01-04 08:09:00,776.3495114464738,17.699477106514305,0
2023-01-04 08:10:00,664.3856855946705,18.06636374652558,0
2023-01-04 08:11:00,680.912041338096,18.37225230345322,0
2023-01-04 08:12:00,654.7446447506096,18.378046435257012,0
2023-01-04 08:13:00,684.2035580310201,20.64438579027752,0
2023-01-04 08:14:00,673.7784463954846,17.05508092606894,0
2023-01-04 08:15:00,628.9712065179705,19.531267591724735,0
2023-01-04 08:16:00,631.3383079206429,18.489343652863017,0
2023-01-04 08:17:00,613.4997336066255,18.48527213372518,0
2023-01-04 08:18:00,595.0589455409762,18.784176842542657,0
2023-01-04 08:19:00,632.28595537071,20.108622920592293,0
2023-01-04 08:20:00,674.132397543563,18.0783208213665,0
2023-01-04 08:21:00,697.8003472121196,17.468091996557806,0
2023-01-04 08:22:00,632.2045333445617,19.016692870811166,0
2023-01-04 08:23:00,753.7571017670534,19.04571669382526,0
2023-01-04 08:24:00,682.5180246557256,17.09213216764009,0
2023-01-04 08:25:00,592.6341105960311,19.271238451641967,0
2023-01-04 08:26:00,674.730342053545,16.773596511054944,0
2023-01-04 08:27:00,719.2907736295692,17.619840001439176,0
2023-01-04 08:28:00,730.154623421576,16.805200934900885,0
2023-01-04 08:29:00,785.3127835115088,19.046853238723582,0
2023-01-04 08:30:00,664.7844137779168,19.779314380745248,0
2023-01-04 08:31:00,671.0661863324366,18.630753850852994,0
2023-01-04 08:32:00,616.7236295203493,18.045112092229093,0
2023-01-04 08:33:00,702.1474344746741,17.718425173393765,0
2023-01-04 08:34:00,719.5141006043873,18.96433070142641,0
2023-01-04 08:35:00,767.3865582511742,18.351225545859386,0
2023-01-04 08:36:00,713.7993843201101,20.573079521464226,0
2023-01-04 08:37:00,703.5594334333239,17.87556215455787,0
2023-01-04 08:38:00,734.4780201943134,17.69787525026517,0
2023-01-04 08:39:00,662.7478389399915,17.45100186365236,0
2023-01-04 08:40:00,664.5535477495134,17.77728470224281,0
2023-01-04 08:41:00,582.7310122118621,15.548570732454799,0
2023-01-04 08:42:00,783.0077133511863,20.3739388331277,0
2023-01-04 08:43:00,623.7146696592905,19.25930396162536,0
2023-01-04 08:44:00,634.051380227979,18.514578387695746,0
2023-01-04 08:45:00,634.7671475941017,18.532952879440966,0
2023-01-04 08:46:00,716.0419465973696,18.925953795187098,0
2023-01-04 08:47:00,674.4198428164915,16.661868847186195,0
2023-01-04 08:48:00,665.2743607701175,17.545116817108035,0
2023-01-04 08:49:00,706.5468029154838,19.252991282191047,0
2023-01-04 08:50:00,646.800127122927,17.86591045336696,0
2023-01-04 08:51:00,647.8814291723784,17.77746293636951,0
2023-01-04 08:52:00,580.3533375586727,17.994557736625712,0
2023-01-04 08:53:00,597.162763216156,19.729279712497117,0
2023-01-04 08:54:00,614.5071684781617,18.167266214817836,0
2023-01-04 08:55:00,637.7221291586542,19.492805518992675,0
2023-01-04 08:56:00,592.9228181972846,19.840219800292825,0
2023-01-04 08:57:00,597.0735918516904,18.099915150030398,0
2023-01-04 08:58:00,724.351689096774,18.97710835453199,0
2023-01-04 08:59:00,594.5596676455606,18.376121957874627,0
2023-01-04 09:00:00,570.7478677153556,17.503386621264372,0
2023-01-04 09:01:00,632.6814319011091,19.691802158232257,0
2023-01-04 09:02:00,661.4725478006479,19.327629178669888,0
2023-01-04 09:03:00,620.0087247655538,18.29901565114832,0
2023-01-04 09:04:00,648.9171307565879,19.20732673937384,0
2023-01-04 09:05:00,661.8879161407133,16.994006901557654,0
2023-01-04 09:06:00,694.3603112285218,19.213682380284006,0
2023-01-04 09:07:00,586.6963510277718,18.70326111045908,0
2023-01-04 09:08:00,674.1962898015358,18.189262298524227,0
2023-01-04 09:09:00,657.4220345893682,19.38440017053393,0
2023-01-04 09:10:00,589.0327756361359,17.791633118598234,0
2023-01-04 09:11:00,634.5169791706165,17.761658403710108,0
2023-01-04 09:12:00,616.6744077591286,20.113483345828307,0
2023-01-04 09:13:00,703.7016622441514,16.6113690984153,0
2023-01-04 09:14:00,624.8195852069539,16.62732743290787,0
2023-01-04 09:15:00,620.2852109684108,19.205191572620382,0
2023-01-04 09:16:00,647.1676243445597,16.94985730631093,0
2023-01-04 09:17:00,631.6424899418727,18.995449356558844,0
2023-01-04 09:18:00,654.1727115522383,18.57581094230584,0
2023-01-04 09:19:00,579.1039568436935,17.81452075954776,0
2023-01-04 09:20:00,743.2075353565174,18.849962002931754,0
2023-01-04 09:21:00,648.3647387563838,18.83607144918191,0
2023-01-04 09:22:00,555.7785287002462,18.550631288137232,0
2023-01-04 09:23:00,626.205480823677,18.05227417538671,0
2023-01-04 09:24:00,589.0077532875637,18.009682980819605,0
2023-01-04 09:25:00,540.1279745311022,18.26670157538138,0
2023-01-04 09:26:00,592.1829929235404,19.112903945816473,0
2023-01-04 09:27:00,623.3782831855829,19.776358798532705,0
2023-01-04 09:28:00,648.5395914470811,19.020201024797103,0
2023-01-04 09:29:00,701.9823511633117,18.07704361828137,0
2023-01-04 09:30:00,583.4242407806355,19.492643777776824,0
2023-01-04 09:31:00,538.2972084472032,17.155624284894394,0
2023-01-04 09:32:00,634.0893861913285,17.98181169492859,0
2023-01-04 09:33:00,580.9892422492815,19.568079905251693,0
2023-01-04 09:34:00,594.3319385613516,20.605070088747738,0
2023-01-04 09:35:00,623.9615364677576,19.96325113810629,0
2023-01-04 09:36:00,624.0278301243331,19.109803792114914,0
2023-01-04 09:37:00,674.404282180704,18.232787901086876,0
2023-01-04 09:38:00,598.1093884448845,18.614888122022258,0
2023-01-04 09:39:00,597.2218710007917,17.76327573859353,0
2023-01-04 09:40:00,1175.076695104778,16.541610971945808,0
2023-01-04 09:41:00,640.0689976473831,19.889826933317515,0
2023-01-04 09:42:00,570.5514069197644,16.848355146249975,0
2023-01-04 09:43:00,612.4075245562709,19.036250288100362,0
2023-01-04 09:44:00,599.0585181225026,18.16193524456506,0
2023-01-04 09:45:00,653.3443214372178,17.242352870735857,0
2023-01-04 09:46:00,601.3650852361117,18.127374739129788,0
2023-01-04 09:47:00,606.8249026064664,19.2354340920568,0
2023-01-04 09:48:00,613.0487802804846,20.01129834124705,0
2023-01-04 09:49:00,645.1756064397697,18.435426669936838,0
2023-01-04 09:50:00,600.6626463284462,20.186869362318042,0
2023-01-04 09:51:00,602.8138814538652,19.319148513595458,0
2023-01-04 09:52:00,584.0404492758184,18.605855687370493,0
2023-01-04 09:53:00,630.1530145490492,18.93820784335329,0
2023-01-04 09:54:00,660.7631815134407,19.36096613013577,0
2023-01-04 09:55:00,717.5787368870671,19.115164138240843,0
2023-01-04 09:56:00,646.39976364112,18.71063856746542,0
2023-01-04 09:57:00,617.6905797705648,19.338265861002352,0
2023-01-04 09:58:00,589.0819131414548,17.847402173364333,0
2023-01-04 09:59:00,618.7075804171959,17.587221785152003,0
2023-01-04 10:00:00,646.1489104462462,18.66652756334288,0
2023-01-04 10:01:00,625.7485579137428,17.287228685675395,0
2023-01-04 10:02:00,535.8664696846753,19.301760957306776,0
2023-01-04 10:03:00,453.362554906165,18.700549737843325,0
2023-01-04 10:04:00,454.5065133506639,18.216755612356913,0
2023-01-04 10:05:00,549.6986641565542,20.379681336342493,0
2023-01-04 10:06:00,626.8258577338361,18.834367556689152,0
2023-01-04 10:07:00,525.3097275764223,17.708341345859928,0
2023-01-04 10:08:00,509.52137407484304,18.9149265645046,0
2023-01-04 10:09:00,648.3485540465638,17.037455169206982,0
2023-01-04 10:10:00,631.7429358276015,19.066957720419246,0
2023-01-04 10:11:00,581.4653344089439,19.817382944684805,0
2023-01-04 10:12:00,598.6638997494886,17.26298092282629,0
2023-01-04 10:13:00,522.8509924933555,18.515556629526483,0
2023-01-04 10:14:00,534.2653913573889,18.9413966207289,0
2023-01-04 10:15:00,554.5053628949743,18.292293664521587,0
2023-01-04 10:16:00,606.469508745724,19.657495781121835,0
2023-01-04 10:17:00,578.4841149047112,19.355051203323328,0
2023-01-04 10:18:00,569.7370753072744,19.081721873034223,0
2023-01-04 10:19:00,653.3237216323082,18.91851370511572,0
2023-01-04 10:20:00,612.6349345378463,18.372283399317,0
2023-01-04 10:21:00,586.5945224755425,18.67648285533423,0
2023-01-04 10:22:00,565.5201843736303,18.594639434770034,0
2023-01-04 10:23:00,673.3435086510008,18.02314225423539,0
2023-01-04 10:24:00,664.0141622154042,18.85113745039455,0
2023-01-04 10:25:00,483.0263428619104,19.45499084833373,0
2023-01-04 10:26:00,541.6447299480114,18.287364945321446,0
2023-01-04 10:27:00,642.0747227071992,18.791278215942715,0
2023-01-04 10:28:00,523.6471409813887,19.69131911531016,0
2023-01-04 10:29:00,568.6029215925552,19.446116523279198,0
2023-01-04 10:30:00,658.1703277831322,17.468973026015764,0
2023-01-04 10:31:00,619.3071525128744,19.061283046004522,0
2023-01-04 10:32:00,604.8430987548506,18.41641391616356,0
2023-01-04 10:33:00,587.8010340062939,19.607022214185125,0
2023-01-04 10:34:00,653.5711962501151,18.261656177535695,0
2023-01-04 10:35:00,531.975395351045,20.377871612503675,0
2023-01-04 10:36:00,544.3839734710867,20.443725259990252,0
2023-01-04 10:37:00,550.7248407524218,19.533199403001458,0
2023-01-04 10:38:00,465.10167962139053,20.279217497330176,0
2023-01-04 10:39:00,525.0296565325433,18.33468666657477,0
2023-01-04 10:40:00,578.8374558428482,19.76805713794326,0
2023-01-04 10:41:00,598.5530236626394,19.47155312882825,0
2023-01-04 10:42:00,552.5977371480137,19.33916500254017,0
2023-01-04 10:43:00,598.618846201894,20.16372089395764,0
2023-01-04 10:44:00,513.9104556333436,17.508906162849243,0
2023-01-04 10:45:00,583.1734169560631,16.486171722060696,0
2023-01-04 10:46:00,585.4554025869083,18.833700230270566,0
2023-01-04 10:47:00,539.9526733326103,17.79647891280879,0
2023-01-04 10:48:00,530.0865349631258,18.35038788229937,0
2023-01-04 10:49:00,546.7289153588005,21.8788543068662,0
2023-01-04 10:50:00,546.1779995034705,18.89494201039705,0
2023-01-04 10:51:00,449.243391559194,19.229514429111255,0
2023-01-04 10:52:00,496.20285246253417,20.276818643116794,0
2023-01-04 10:53:00,597.226404749637,19.927483458545563,0
2023-01-04 10:54:00,522.8403154519095,17.912950413701303,0
2023-01-04 10:55:00,518.7385088794058,18.105159318637593,0
2023-01-04 10:56:00,609.7844069222352,17.50257600552182,0
2023-01-04 10:57:00,576.6394717202833,20.2913762087731,0
2023-01-04 10:58:00,584.568848509048,18.23928886876509,0
2023-01-04 10:59:00,507.87347064136986,19.23919735798232,0
2023-01-04 11:00:00,586.197806457735,18.68792259771539,0
2023-01-04 11:01:00,518.1343244134025,18.03278604258635,0
2023-01-04 11:02:00,567.0883456449432,19.542841174243,0
2023-01-04 11:03:00,558.5791701468344,20.767995887880705,0
2023-01-04 11:04:00,563.2231105099561,18.079666886865663,0
2023-01-04 11:05:00,506.67095754837635,17.641544460704967,0
2023-01-04 11:06:00,509.81045096915335,20.216059038279315,0
2023-01-04 11:07:00,598.9828634298826,19.738266968117482,0
2023-01-04 11:08:00,562.6033581516507,18.930145298591256,0
2023-01-04 11:09:00,646.2799204611241,18.121208893233945,0
2023-01-04 11:10:00,493.24423577437955,19.13199439093888,0
2023-01-04 11:11:00,534.2277531044189,19.537607676555297,0
2023-01-04 11:12:00,599.8802297464314,18.96302751853106,0
2023-01-04 11:13:00,564.3554673248374,18.703489932971515,0
2023-01-04 11:14:00,572.8957496120663,20.834023430991138,0
2023-01-04 11:15:00,490.5969033673855,18.420204060532313,0
2023-01-04 11:16:00,589.5183267461782,16.990898932624074,0
2023-01-04 11:17:00,586.7257751029265,21.96361868059484,0
2023-01-04 11:18:00,540.7376831474747,18.754202307675857,0
2023-01-04 11:19:00,493.0158541884332,17.629067039012984,0
