timestamp,aggregate,temperature,holiday
2023-01-01 00:00:00,1061.3611098049832,13.082550900632311,0
2023-01-01 00:01:00,426.42476637501,15.82429824038142,0
2023-01-01 00:02:00,558.0461851289876,15.048126564638698,0
2023-01-01 00:03:00,508.2678873887604,15.024868875529666,0
2023-01-01 00:04:00,513.9163066751505,15.434219435164316,0
2023-01-01 00:05:00,495.21680815444546,14.64448272047279,0
2023-01-01 00:06:00,532.7090126994592,16.133582917561796,0
2023-01-01 00:07:00,397.3109932930319,15.150195202773203,0
2023-01-01 00:08:00,483.38421884502003,15.584809511635926,0
2023-01-01 00:09:00,582.0123848676362,16.915194344304258,0
2023-01-01 00:10:00,574.8543917661852,13.979807275362091,0
2023-01-01 00:11:00,530.8011862427127,14.826437570001822,0
2023-01-01 00:12:00,512.6525161661791,15.557392641867919,0
2023-01-01 00:13:00,477.3351353798179,14.22571346326745,0
2023-01-01 00:14:00,620.5413211493538,14.07016507052791,0
2023-01-01 00:15:00,512.6561361714854,15.314796759654985,0
2023-01-01 00:16:00,415.4578007666696,14.006196599376482,0
2023-01-01 00:17:00,472.8804591558939,14.381787934775936,0
2023-01-01 00:18:00,504.50512772531613,16.543640264135778,0
2023-01-01 00:19:00,583.4367620549383,15.094992425468064,0
2023-01-01 00:20:00,579.1767813554252,15.420984383052737,0
2023-01-01 00:21:00,605.7322892867826,15.33057935314894,0
2023-01-01 00:22:00,502.4737537073381,14.53901683052401,0
2023-01-01 00:23:00,541.8283406554173,14.465305482890724,0
2023-01-01 00:24:00,462.84868821168914,14.50503692326542,0
2023-01-01 00:25:00,481.75494844431944,13.04025271096965,0
2023-01-01 00:26:00,500.7208806795415,15.52815149747619,0
2023-01-01 00:27:00,525.9198858604128,13.66742479500605,0
2023-01-01 00:28:00,499.3422905962281,15.616471194744163,0
2023-01-01 00:29:00,532.1773531287164,14.734972771474782,0
2023-01-01 00:30:00,474.39355007031537,17.209126371046445,0
2023-01-01 00:31:00,539.9547373122451,13.666546419219506,0
2023-01-01 00:32:00,624.5981396198998,17.28908551497182,0
2023-01-01 00:33:00,493.09192033078676,14.577937291536132,0
2023-01-01 00:34:00,466.3109882986013,14.792839975053386,0
2023-01-01 00:35:00,580.9524836942634,16.194262669668685,0
2023-01-01 00:36:00,502.66047676373336,15.658917326131029,0
2023-01-01 00:37:00,569.0386226255293,16.424274753566515,0
2023-01-01 00:38:00,527.0523156618096,15.411458404121273,0
2023-01-01 00:39:00,518.8006309365629,14.961492717967445,0
2023-01-01 00:40:00,530.0979139872941,14.566292327342206,0
2023-01-01 00:41:00,546.3624759448143,14.28032886024508,0
2023-01-01 00:42:00,556.276723307067,15.702241305082772,0
2023-01-01 00:43:00,523.289716473542,14.752851288294758,0
2023-01-01 00:44:00,510.99042216481035,16.428598140391188,0
2023-01-01 00:45:00,607.5481215313608,15.088078568764221,0
2023-01-01 00:46:00,551.9278374886078,15.22127313448193,0
2023-01-01 00:47:00,539.2028953765742,16.379085773216175,0
2023-01-01 00:48:00,541.644730858294,14.650067320081044,0
2023-01-01 00:49:00,631.0709044236382,13.460428996765867,0
2023-01-01 00:50:00,620.1722529645731,13.542092853979698,0
2023-01-01 00:51:00,568.2770728721821,16.175679519735965,0
2023-01-01 00:52:00,505.06281602792075,16.402995836053755,0
2023-01-01 00:53:00,570.1434742636148,12.75396166224763,0
2023-01-01 00:54:00,599.1045927325554,12.69168789313647,0
2023-01-01 00:55:00,592.2381026501172,15.85586003654304,0
2023-01-01 00:56:00,672.4836401877216,15.489715914038397,0
2023-01-01 00:57:00,521.3568518457931,13.895504210946283,0
2023-01-01 00:58:00,501.8635168068365,16.36115339578521,0
2023-01-01 00:59:00,561.7911684840303,16.304278515598824,0
2023-01-01 01:00:00,588.219686020589,16.446675652652868,0
2023-01-01 01:01:00,553.371573836249,15.076328220792051,0
2023-01-01 01:02:00,582.7069823462576,15.718505361878982,0
2023-01-01 01:03:00,557.3847660746181,15.566692508017345,0
2023-01-01 01:04:00,589.4784197945496,14.556502036995122,0
2023-01-01 01:05:00,660.3259170908677,17.047424988719374,0
2023-01-01 01:06:00,533.9503428015202,15.856334956603007,0
2023-01-01 01:07:00,598.1845471938453,15.215697368306838,0
2023-01-01 01:08:00,545.3044005820183,14.433786452608558,0
2023-01-01 01:09:00,579.3433115495945,17.121138743785096,0
2023-01-01 01:10:00,516.7217191783188,14.875532462199722,0
2023-01-01 01:11:00,470.802648581022,14.002617684322813,0
2023-01-01 01:12:00,591.331918732068,14.524301549239237,0
2023-01-01 01:13:00,499.6187573299375,16.35610163269568,0
2023-01-01 01:14:00,499.44156398032175,14.675226134509469,0
2023-01-01 01:15:00,553.0734162769127,15.897322651543755,0
2023-01-01 01:16:00,648.3368223739905,15.065770238115372,0
2023-01-01 01:17:00,523.1492635827649,16.83034088115907,0
2023-01-01 01:18:00,459.58038421292304,16.952048167553574,0
2023-01-01 01:19:00,621.3871558750852,17.318390011485292,0
2023-01-01 01:20:00,520.7745391111416,14.59456457032989,0
2023-01-01 01:21:00,570.6760816975188,15.90254556567383,0
2023-01-01 01:22:00,541.3919274603927,14.288488503393564,0
2023-01-01 01:23:00,550.1636687546189,14.819139300777971,0
2023-01-01 01:24:00,601.3466101440899,15.493604265211305,0
2023-01-01 01:25:00,648.8515374985597,15.73858133518641,0
2023-01-01 01:26:00,633.8976740649466,14.573500900919663,0
2023-01-01 01:27:00,574.2276464849332,15.660372649904078,0
2023-01-01 01:28:00,521.4596293802035,15.045384615521186,0
2023-01-01 01:29:00,538.5719322951218,14.8843515162889,0
2023-01-01 01:30:00,474.5428552789897,17.063693828010848,0
2023-01-01 01:31:00,529.3490530015482,16.308180775783132,0
2023-01-01 01:32:00,530.2466745356086,14.937209847026795,0
2023-01-01 01:33:00,503.92099172325726,14.585845141564363,0
2023-01-01 01:34:00,579.089025765243,16.971544088501314,0
2023-01-01 01:35:00,597.9230363848411,15.428006298500394,0
2023-01-01 01:36:00,557.6475222118197,14.346067540319089,0
2023-01-01 01:37:00,619.6828232326544,16.548820548295495,0
2023-01-01 01:38:00,558.3229870445069,16.469013157903284,0
2023-01-01 01:39:00,540.2244145975877,16.979354750747778,0
2023-01-01 01:40:00,,15.778999568590658,0
2023-01-01 01:41:00,,15.781698666288875,0
2023-01-01 01:42:00,,16.04310071662173,0
2023-01-01 01:43:00,,15.868795580523875,0
2023-01-01 01:44:00,,15.433432251424431,0
2023-01-01 01:45:00,,17.14584761731286,0
2023-01-01 01:46:00,569.0378884351658,14.948858322162252,0
2023-01-01 01:47:00,544.5524712256972,18.09292512293404,0
2023-01-01 01:48:00,607.8647114194932,15.35388839304728,0
2023-01-01 01:49:00,611.6683996559985,14.118903833505902,0
2023-01-01 01:50:00,497.2873155140591,15.28485639910472,0
2023-01-01 01:51:00,608.3127563584285,16.969290742993255,0
2023-01-01 01:52:00,519.6559358237143,16.727026026704383,0
2023-01-01 01:53:00,670.5460601089629,15.855482186663254,0
2023-01-01 01:54:00,575.5063138864033,15.407551851169032,0
2023-01-01 01:55:00,647.2901426091674,17.792193868567026,0
2023-01-01 01:56:00,644.9202911396322,15.730235417347318,0
2023-01-01 01:57:00,595.0802884526819,15.100310114198695,0
2023-01-01 01:58:00,712.090326002616,14.289262897359391,0
2023-01-01 01:59:00,580.8522460214211,16.463286304716927,0
2023-01-01 02:00:00,606.4094276944933,16.194951455186775,0
2023-01-01 02:01:00,571.1562927920326,16.072293725019218,0
2023-01-01 02:02:00,574.7467439496394,16.670476745885427,0
2023-01-01 02:03:00,579.470879670016,15.408387366544497,0
2023-01-01 02:04:00,632.2039977172411,15.779630574498256,0
2023-01-01 02:05:00,652.9078588198527,15.8566315334614,0
2023-01-01 02:06:00,647.8607369680608,14.080894320902964,0
2023-01-01 02:07:00,596.2512615265794,15.113364943153103,0
2023-01-01 02:08:00,588.1224313860952,17.128756602755825,0
2023-01-01 02:09:00,526.2454722667902,16.912852411879623,0
2023-01-01 02:10:00,613.6072291426822,16.24776914345368,0
2023-01-01 02:11:00,603.5972452709134,16.661004521444315,0
2023-01-01 02:12:00,662.320551378809,17.569513621706847,0
2023-01-01 02:13:00,648.1146797083316,16.095248676056322,0
2023-01-01 02:14:00,565.8158036825342,15.773244396558942,0
2023-01-01 02:15:00,613.9183866932448,17.106409986252956,0
2023-01-01 02:16:00,613.4869853096983,16.949015933373843,0
2023-01-01 02:17:00,564.4102153063418,16.56992681354864,0
2023-01-01 02:18:00,662.6744957952334,16.221617357240905,0
2023-01-01 02:19:00,669.0693185055469,16.21982158649506,0
2023-01-01 02:20:00,672.0004941777239,16.916352961256045,0
2023-01-01 02:21:00,649.6195573223599,17.03936044425789,0
2023-01-01 02:22:00,613.590913686907,14.480481310771538,0
2023-01-01 02:23:00,508.44874888428325,15.66342168294151,0
2023-01-01 02:24:00,594.2862313937562,14.924791445687639,0
2023-01-01 02:25:00,560.1085399726452,17.48918616000536,0
2023-01-01 02:26:00,629.2168491760901,16.422076829631596,0
2023-01-01 02:27:00,640.3342948255819,16.521961071723574,0
2023-01-01 02:28:00,623.5411549975818,14.967230563190764,0
2023-01-01 02:29:00,672.6423099126974,18.467358525446265,0
2023-01-01 02:30:00,648.7793860151899,14.402628464546881,0
2023-01-01 02:31:00,587.138178415095,15.516758113600337,0
2023-01-01 02:32:00,705.5962089301828,16.75803249919895,0
2023-01-01 02:33:00,638.1826278132403,15.523292288626525,0
2023-01-01 02:34:00,640.7345310229999,17.556452811266137,0
2023-01-01 02:35:00,637.0684329893957,15.288975783901545,0
2023-01-01 02:36:00,617.2090901510766,16.846983085585396,0
2023-01-01 02:37:00,748.27277362138,16.7076924230032,0
2023-01-01 02:38:00,696.5626327259043,16.279106099658932,0
2023-01-01 02:39:00,600.9727230777514,16.26259491940562,0
2023-01-01 02:40:00,486.2091149286031,15.823417086060307,0
2023-01-01 02:41:00,639.3472171590862,15.674995286790912,0
2023-01-01 02:42:00,627.9571883957087,15.615977093249775,0
2023-01-01 02:43:00,718.8667869571264,15.363522525452199,0
2023-01-01 02:44:00,623.1774832769456,14.110144288611668,0
2023-01-01 02:45:00,580.277231315999,15.30201390361245,0
2023-01-01 02:46:00,642.7865720385233,15.137363233850287,0
2023-01-01 02:47:00,626.1573701890096,17.09556909550554,0
2023-01-01 02:48:00,653.8924586864141,15.635132136235264,0
2023-01-01 02:49:00,676.746639867933,17.41151878465251,0
2023-01-01 02:50:00,626.7760907913378,15.682342058193068,0
2023-01-01 02:51:00,673.3327817552212,16.033356938621857,0
2023-01-01 02:52:00,629.0923575098357,16.64164756763758,0
2023-01-01 02:53:00,594.2835592087572,17.472989308469472,0
2023-01-01 02:54:00,635.7368227174474,16.89642748038689,0
2023-01-01 02:55:00,636.9260232221758,18.14393699816589,0
2023-01-01 02:56:00,664.8345063127176,15.593136392878273,0
2023-01-01 02:57:00,597.3256691348695,15.901411966858593,0
2023-01-01 02:58:00,657.2584999051796,16.92384187207248,0
2023-01-01 02:59:00,663.5910524854854,16.121199964050113,0
2023-01-01 03:00:00,656.6888549914352,16.510042958361264,0
2023-01-01 03:01:00,676.194340621762,16.304605088745696,0
2023-01-01 03:02:00,679.2339564006435,17.20714733031242,0
2023-01-01 03:03:00,840.2031192522388,16.9134910931503,0
2023-01-01 03:04:00,663.7171197942631,14.999686280147824,0
2023-01-01 03:05:00,659.0671637607851,16.843212644195333,0
2023-01-01 03:06:00,584.2840868945522,17.102430766710555,0
2023-01-01 03:07:00,572.2024803981068,17.348125244940494,0
2023-01-01 03:08:00,719.8046492320995,17.040302573627454,0
2023-01-01 03:09:00,676.5074894867357,16.151399052114066,0
2023-01-01 03:10:00,620.9893758617172,15.804539613297258,0
2023-01-01 03:11:00,707.1681577675512,15.836074936853805,0
2023-01-01 03:12:00,617.5475528879216,17.229326940117588,0
2023-01-01 03:13:00,745.7297664749035,16.664413251548634,0
2023-01-01 03:14:00,739.4445985567869,17.06603831604778,0
2023-01-01 03:15:00,631.7637859729045,14.717136133632737,0
2023-01-01 03:16:00,635.495569190335,16.18800300964723,0
2023-01-01 03:17:00,732.96378587908,15.450464816496766,0
2023-01-01 03:18:00,671.2470035362563,17.96045083243034,0
2023-01-01 03:19:00,624.6416888637585,15.269947986668502,0
2023-01-01 03:20:00,1200.3168639010605,17.480609611523995,0
2023-01-01 03:21:00,576.362695726437,15.04719831456513,0
2023-01-01 03:22:00,706.9884284511367,16.320286627989248,0
2023-01-01 03:23:00,760.9545378329913,16.80052701102598,0
2023-01-01 03:24:00,709.7392222680962,16.21654984657655,0
2023-01-01 03:25:00,649.4555046865958,16.516247625058657,0
2023-01-01 03:26:00,673.4847176254917,17.1672173399809,0
2023-01-01 03:27:00,638.6492408531788,16.4077182452867,0
2023-01-01 03:28:00,722.4033952994421,14.79494190981522,0
2023-01-01 03:29:00,612.5955716638666,16.453806867166534,0
2023-01-01 03:30:00,628.0971791557785,14.437870158147838,0
2023-01-01 03:31:00,673.1265327291533,15.78804469042872,0
2023-01-01 03:32:00,630.5675474766186,16.405541634761853,0
2023-01-01 03:33:00,623.2776044639955,16.486346994342487,0
2023-01-01 03:34:00,687.5950665742076,15.951198094175437,0
2023-01-01 03:35:00,681.1362586828801,15.962160111774859,0
2023-01-01 03:36:00,617.2922645468316,16.103997123636848,0
2023-01-01 03:37:00,690.3195825152852,17.036677870289672,0
2023-01-01 03:38:00,681.9792071332485,18.00107919829794,0
2023-01-01 03:39:00,664.0978845569122,16.723215201448777,0
2023-01-01 03:40:00,665.2983332267446,17.113220437763122,0
2023-01-01 03:41:00,716.5412635337627,14.725710596813798,0
2023-01-01 03:42:00,588.5251405346935,16.07980558412593,0
2023-01-01 03:43:00,688.2740151291935,16.948229253753425,0
2023-01-01 03:44:00,673.0401739439948,16.50804878003674,0
2023-01-01 03:45:00,652.010863063645,16.993888270751206,0
2023-01-01 03:46:00,574.319238372739,16.196456876167233,0
2023-01-01 03:47:00,601.6598225730932,16.60549537669681,0
2023-01-01 03:48:00,670.8752595859689,15.90485965447924,0
2023-01-01 03:49:00,649.9015788938617,16.493635871241995,0
2023-01-01 03:50:00,639.6489776970573,15.382771397196985,0
2023-01-01 03:51:00,604.297600997718,17.078483069420106,0
2023-01-01 03:52:00,767.1336199547815,17.01987982760022,0
2023-01-01 03:53:00,763.8776372469918,17.393328321342445,0
2023-01-01 03:54:00,783.8302928486612,15.786773590177567,0
2023-01-01 03:55:00,708.145396538667,18.20181518901231,0
2023-01-01 03:56:00,625.701077711884,16.977720888189925,0
2023-01-01 03:57:00,696.8052446905587,15.612501060660556,0
2023-01-01 03:58:00,678.6419987041706,16.194240666137194,0
2023-01-01 03:59:00,585.5749434224679,15.771628741592492,0
2023-01-01 04:00:00,615.6821147257302,17.12878444738355,0
2023-01-01 04:01:00,699.4479468017241,15.95809382683514,0
2023-01-01 04:02:00,586.3887400063087,16.52487705177617,0
2023-01-01 04:03:00,576.6957657597169,17.06919940617764,0
2023-01-01 04:04:00,746.2208219908762,17.646488441941724,0
2023-01-01 04:05:00,643.5368450213889,17.711015929374067,0
2023-01-01 04:06:00,722.1882992393905,17.9819669524949,0
2023-01-01 04:07:00,713.5091283043885,17.361085553336455,0
2023-01-01 04:08:00,713.9855161517049,15.688214389023067,0
2023-01-01 04:09:00,714.8208832068156,15.887448160118858,0
2023-01-01 04:10:00,665.4303138922568,16.886243897386276,0
2023-01-01 04:11:00,664.8945232025387,15.858583413005608,0
2023-01-01 04:12:00,632.2093183654847,18.442134471307114,0
2023-01-01 04:13:00,671.6152586652518,17.191546835985278,0
2023-01-01 04:14:00,623.5710383729047,15.714133532301078,0
2023-01-01 04:15:00,739.19223006706,18.128081212662003,0
2023-01-01 04:16:00,637.1687811073143,16.832109248149557,0
2023-01-01 04:17:00,633.2395185241121,16.07365738336474,0
2023-01-01 04:18:00,658.7873102219428,18.291468685203068,0
2023-01-01 04:19:00,703.4624126102029,15.614689834475168,0
2023-01-01 04:20:00,659.349027989917,17.584318810984808,0
2023-01-01 04:21:00,683.7661769366119,18.032152642849518,0
2023-01-01 04:22:00,675.9438319459091,16.892784008101838,0
2023-01-01 04:23:00,647.2166252096127,18.934633737586292,0
2023-01-01 04:24:00,723.4542958225879,15.148247136011799,0
2023-01-01 04:25:00,672.6183298990384,15.742708515549573,0
2023-01-01 04:26:00,726.4094926305494,18.108556835834538,0
2023-01-01 04:27:00,662.468419823707,18.192744317451382,0
2023-01-01 04:28:00,648.0408021097699,17.980461465826753,0
2023-01-01 04:29:00,725.8106103580111,15.132422992807072,0
2023-01-01 04:30:00,707.3962433123866,16.201911587778525,0
2023-01-01 04:31:00,768.743423558617,15.113097551453887,0
2023-01-01 04:32:00,695.548932275692,16.468059616853225,0
2023-01-01 04:33:00,717.2631423352684,16.57171477899081,0
2023-01-01 04:34:00,786.6821746448477,16.34469117191161,0
2023-01-01 04:35:00,707.3357072594545,15.250792126754453,0
2023-01-01 04:36:00,771.3235645087142,16.267174375865434,0
2023-01-01 04:37:00,670.6361747710591,16.664322265346808,0
2023-01-01 04:38:00,664.1351489089453,16.392804457396377,0
2023-01-01 04:39:00,707.8248953358927,18.51650801307141,0
2023-01-01 04:40:00,702.900639449595,19.11310807108374,0
2023-01-01 04:41:00,622.6302388324275,14.64130489675022,0
2023-01-01 04:42:00,744.5701902443959,16.283276514115247,0
2023-01-01 04:43:00,682.5689800216978,17.69846295735961,0
2023-01-01 04:44:00,563.7674178056632,18.01219595904323,0
2023-01-01 04:45:00,688.3511186405921,18.617621655251796,0
2023-01-01 04:46:00,674.8592203751377,16.891875618649358,0
2023-01-01 04:47:00,650.8896272150015,16.81080052760892,0
2023-01-01 04:48:00,725.8956559794158,15.67215092438992,0
2023-01-01 04:49:00,728.1064873335347,15.093865965889773,0
2023-01-01 04:50:00,667.4317752738965,17.715262905769922,0
2023-01-01 04:51:00,689.8195576349515,18.854284646682196,0
2023-01-01 04:52:00,652.5410548811479,17.221682744374228,0
2023-01-01 04:53:00,705.1265139686147,16.591086275662875,0
2023-01-01 04:54:00,604.2077411457666,18.09460255292158,0
2023-01-01 04:55:00,693.9942626911629,16.0879179683178,0
2023-01-01 04:56:00,718.6244785755118,17.664866009073748,0
2023-01-01 04:57:00,678.4621421609892,17.326995581603096,0
2023-01-01 04:58:00,685.8540649479039,17.39601758841245,0
2023-01-01 04:59:00,660.070093689235,18.76751199774884,0
2023-01-01 05:00:00,1166.3142314410736,17.776497325968215,0
2023-01-01 05:01:00,653.2467678451478,16.760431102908885,0
2023-01-01 05:02:00,712.5842335160282,17.661278025349944,0
2023-01-01 05:03:00,622.3652937920692,14.389547676101037,0
2023-01-01 05:04:00,711.9264943741091,16.44052620935544,0
2023-01-01 05:05:00,680.1955520627304,16.058789487333982,0
2023-01-01 05:06:00,579.9389065860171,18.244198383577373,0
2023-01-01 05:07:00,732.6230113482228,17.45883809351661,0
2023-01-01 05:08:00,786.3224352694094,15.919462815146343,0
2023-01-01 05:09:00,682.2510628561599,18.199464626401625,0
2023-01-01 05:10:00,732.2128118696714,17.15235209841296,0
2023-01-01 05:11:00,622.6910054635573,18.11376815645562,0
2023-01-01 05:12:00,588.8822157977924,16.08076376778661,0
2023-01-01 05:13:00,711.2272278974012,16.368344005122257,0
2023-01-01 05:14:00,654.2850117286813,17.738111361240804,0
2023-01-01 05:15:00,730.1657863552699,16.646737595013953,0
2023-01-01 05:16:00,705.7532428372883,16.82104410756137,0
2023-01-01 05:17:00,647.8413391457163,16.43631738252637,0
2023-01-01 05:18:00,673.2778207797606,17.73453171358871,0
2023-01-01 05:19:00,686.5522027524636,17.315574499442864,0
2023-01-01 05:20:00,729.8902366368264,16.799287975035423,0
2023-01-01 05:21:00,720.2210535317879,17.380396130202904,0
2023-01-01 05:22:00,735.5271836760413,18.670390225512463,0
2023-01-01 05:23:00,752.0226082238653,17.41908183797552,0
2023-01-01 05:24:00,666.2917697160864,15.545299058290224,0
2023-01-01 05:25:00,655.0631415138065,17.291559956402626,0
2023-01-01 05:26:00,778.0751722855464,16.865236968150374,0
2023-01-01 05:27:00,615.0842504509874,16.96536836478873,0
2023-01-01 05:28:00,759.0606703238282,18.333877634503,0
2023-01-01 05:29:00,782.5800667249007,16.410423909084038,0
2023-01-01 05:30:00,657.2949977371331,16.113553774351068,0
2023-01-01 05:31:00,680.5805687251326,18.07933973354436,0
2023-01-01 05:32:00,698.1166738704649,17.723873854589154,0
2023-01-01 05:33:00,761.2187356315496,17.16479129366671,0
2023-01-01 05:34:00,714.0500452380527,18.317312579992542,0
2023-01-01 05:35:00,704.0397896577215,17.046463318242267,0
2023-01-01 05:36:00,646.0968226515286,17.735817158210924,0
2023-01-01 05:37:00,793.2045598190765,18.743788594817886,0
2023-01-01 05:38:00,763.4454183621563,16.634373470689283,0
2023-01-01 05:39:00,801.1841022882376,17.699382673928667,0
2023-01-01 05:40:00,735.8033128077342,20.116294634329183,0
2023-01-01 05:41:00,743.5360651989881,18.760904476458652,0
2023-01-01 05:42:00,677.8186985193241,17.52296211156222,0
2023-01-01 05:43:00,749.7914100653888,16.341514066412163,0
2023-01-01 05:44:00,731.2306649104078,17.54708065231837,0
2023-01-01 05:45:00,669.7350683187574,18.840295372689575,0
2023-01-01 05:46:00,708.8854295224936,17.929169817409228,0
2023-01-01 05:47:00,756.7513631747597,19.28795076295336,0
2023-01-01 05:48:00,678.7489397732832,15.686789309629157,0
2023-01-01 05:49:00,751.5906116861697,19.003537852446645,0
2023-01-01 05:50:00,713.5498440121189,17.318069394293286,0
2023-01-01 05:51:00,647.2225496105417,18.623263852445636,0
2023-01-01 05:52:00,703.7637212838084,16.969402451393982,0
2023-01-01 05:53:00,756.9358254100028,16.884938158766506,0
2023-01-01 05:54:00,690.9838985247083,17.72553644885735,0
2023-01-01 05:55:00,681.0938233280946,18.12268492018755,0
2023-01-01 05:56:00,696.133151268647,16.991465308354982,0
2023-01-01 05:57:00,656.5215430490107,18.244000681126238,0
2023-01-01 05:58:00,690.7335029207426,18.191880565779016,0
2023-01-01 05:59:00,761.5503871164989,17.351851822391517,0
2023-01-01 06:00:00,658.3373568787848,18.06374548560454,0
2023-01-01 06:01:00,760.0958804749331,17.065419115253587,0
2023-01-01 06:02:00,806.1492418225628,15.629283325048792,0
2023-01-01 06:03:00,706.7876616483808,18.552719012768776,0
2023-01-01 06:04:00,644.5288460271171,16.824708558372855,0
2023-01-01 06:05:00,707.0054386139898,17.537601088167648,0
2023-01-01 06:06:00,677.9828868643984,16.391588376786117,0
2023-01-01 06:07:00,652.6464295975164,17.523288707339916,0
2023-01-01 06:08:00,611.0873323810802,17.893839019068007,0
2023-01-01 06:09:00,743.3699402515118,18.256224281089548,0
2023-01-01 06:10:00,717.138646197777,17.924900200272827,0
2023-01-01 06:11:00,788.2118746273264,19.553244157846624,0
2023-01-01 06:12:00,745.2797851786381,18.114726911618355,0
2023-01-01 06:13:00,746.7787813470461,16.76845170124513,0
2023-01-01 06:14:00,707.5465404685727,18.599525928631238,0
2023-01-01 06:15:00,670.7772909739147,19.32006153599075,0
2023-01-01 06:16:00,642.1538927531385,18.670492994875755,0
2023-01-01 06:17:00,707.9029187026082,17.201932897693492,0
2023-01-01 06:18:00,678.6587365258675,18.56142921040867,0
2023-01-01 06:19:00,690.5525617004575,16.10909701136075,0
2023-01-01 06:20:00,657.7519412379265,17.633560743899857,0
2023-01-01 06:21:00,661.8731823306626,17.135844133991043,0
2023-01-01 06:22:00,660.440825131245,17.54197820717537,0
2023-01-01 06:23:00,695.7514211149693,15.897023446690312,0
2023-01-01 06:24:00,720.0646725570617,19.420313376749206,0
2023-01-01 06:25:00,679.2242596423546,18.31327603809621,0
2023-01-01 06:26:00,676.9906687020542,16.22942604274719,0
2023-01-01 06:27:00,680.4058424383335,15.523648556162616,0
2023-01-01 06:28:00,696.9182256188988,16.612594795978747,0
2023-01-01 06:29:00,740.3112192373014,16.854364183133935,0
2023-01-01 06:30:00,645.7150084929314,17.66014127879059,0
2023-01-01 06:31:00,690.6895897575,16.859264777213184,0
2023-01-01 06:32:00,677.6409499288719,14.728460267583,0
2023-01-01 06:33:00,570.7554163780452,17.466857395470175,0
2023-01-01 06:34:00,644.6969021900496,17.702254967989177,0
2023-01-01 06:35:00,676.6761850078035,17.808139245506926,0
2023-01-01 06:36:00,690.8000498732322,19.952082938059128,0
2023-01-01 06:37:00,672.7608042557996,16.844612573575475,0
2023-01-01 06:38:00,746.9025014728363,16.238786945340156,0
2023-01-01 06:39:00,728.9887579381757,15.773747584255684,0
2023-01-01 06:40:00,1113.671349654076,16.770699171146948,0
2023-01-01 06:41:00,678.6626257744451,16.86507674410057,0
2023-01-01 06:42:00,747.8720069876397,19.289165703270857,0
2023-01-01 06:43:00,634.4760810960479,15.672403844169242,0
2023-01-01 06:44:00,737.1955375997557,16.609385505143806,0
2023-01-01 06:45:00,716.2615191469758,15.982507825594555,0
2023-01-01 06:46:00,712.3816053941019,16.926613894127836,0
2023-01-01 06:47:00,686.5797917605349,19.17286569189898,0
2023-01-01 06:48:00,674.4491591772459,17.138003537787835,0
2023-01-01 06:49:00,704.3630260580142,16.32138962662341,0
2023-01-01 06:50:00,678.6199157205582,19.84702385691619,0
2023-01-01 06:51:00,641.022454376941,17.002500936937693,0
2023-01-01 06:52:00,735.4480191711111,15.087777961232973,0
2023-01-01 06:53:00,719.7779610537264,18.335482136401453,0
2023-01-01 06:54:00,735.2110121691225,18.09269155235991,0
2023-01-01 06:55:00,759.0845085164568,18.133338420639916,0
2023-01-01 06:56:00,632.7800629684635,18.709312106814476,0
2023-01-01 06:57:00,660.1569060306092,18.259032832913274,0
2023-01-01 06:58:00,638.0886588174302,17.420593980862193,0
2023-01-01 06:59:00,570.5069456403127,19.299818279514035,0
2023-01-01 07:00:00,750.3689722252384,17.23475505236621,0
2023-01-01 07:01:00,607.3231310144587,16.378425272346846,0
2023-01-01 07:02:00,648.3256418753075,17.263693670617883,0
2023-01-01 07:03:00,749.5182553852208,18.257901545688732,0
2023-01-01 07:04:00,789.157748763649,17.16483737585926,0
2023-01-01 07:05:00,693.844125632482,18.22050222706694,0
2023-01-01 07:06:00,680.0325277946208,16.880665600712685,0
2023-01-01 07:07:00,692.2819350214144,18.62208440598349,0
2023-01-01 07:08:00,671.0076404228266,17.7325521284285,0
2023-01-01 07:09:00,606.9220033627871,18.33913833176256,0
2023-01-01 07:10:00,710.0410552171955,16.5719765898093,0
2023-01-01 07:11:00,776.4190270673851,17.474549637856132,0
2023-01-01 07:12:00,713.2424252835694,17.3413430044368,0
2023-01-01 07:13:00,628.1664920678901,16.382056810530294,0
2023-01-01 07:14:00,771.4870336871725,17.365468051153236,0
2023-01-01 07:15:00,571.5409910372654,17.861424237657605,0
2023-01-01 07:16:00,740.5689549645983,17.822139034455475,0
2023-01-01 07:17:00,701.8982028649413,19.230556677969076,0
2023-01-01 07:18:00,715.1667250885137,16.779664400327828,0
2023-01-01 07:19:00,635.4276288673808,18.581292287240863,0
2023-01-01 07:20:00,670.0939752492212,20.09436180177007,0
2023-01-01 07:21:00,647.6510118191177,17.07518758333364,0
2023-01-01 07:22:00,708.1995908476327,15.704048493257517,0
2023-01-01 07:23:00,604.2284138204237,18.194774935248784,0
2023-01-01 07:24:00,695.6759711554988,18.441526938392315,0
2023-01-01 07:25:00,633.6585450868896,18.349473795591933,0
2023-01-01 07:26:00,694.361246326819,18.16453127815552,0
2023-01-01 07:27:00,735.2336034946615,17.80567172982461,0
2023-01-01 07:28:00,689.5131165145965,18.911777135537196,0
2023-01-01 07:29:00,675.6914416606829,18.260019075604255,0
2023-01-01 07:30:00,656.0238334393599,18.140120076636357,0
2023-01-01 07:31:00,677.7721982246503,17.57297621567816,0
2023-01-01 07:32:00,634.4008589739325,16.055191675724156,0
2023-01-01 07:33:00,603.4123170791447,21.2760973692644,0
2023-01-01 07:34:00,599.2815908034582,20.27914568765556,0
2023-01-01 07:35:00,648.7513736047915,18.821398418754544,0
2023-01-01 07:36:00,790.8767152691978,17.74015639538409,0
2023-01-01 07:37:00,624.0735373708459,16.06561736357787,0
2023-01-01 07:38:00,684.6703621715905,16.717017251584952,0
2023-01-01 07:39:00,696.9724925061469,17.661079589055102,0
2023-01-01 07:40:00,653.8961547282148,20.15349732674325,0
2023-01-01 07:41:00,756.9168515442601,17.021690268663285,0
2023-01-01 07:42:00,688.2926397381547,17.765205727840115,0
2023-01-01 07:43:00,655.8276980146102,18.3884518659887,0
2023-01-01 07:44:00,626.0445585284566,18.333550925821974,0
2023-01-01 07:45:00,618.8806764881684,18.040628218016156,0
2023-01-01 07:46:00,595.7832701073153,18.89475826812214,0
2023-01-01 07:47:00,578.5973865182863,19.871505439013546,0
2023-01-01 07:48:00,689.0876359351294,18.027511739016912,0
2023-01-01 07:49:00,638.9050920746313,19.386539353610335,0
2023-01-01 07:50:00,648.4861638929517,18.842415340563758,0
2023-01-01 07:51:00,743.0214836376941,18.94159231462849,0
2023-01-01 07:52:00,737.8733090607639,16.136205789429475,0
2023-01-01 07:53:00,576.27801962123,18.096099504820575,0
2023-01-01 07:54:00,710.3760783954724,19.63447974803335,0
2023-01-01 07:55:00,706.1257584225449,17.261286591101708,0
2023-01-01 07:56:00,667.6116264486596,17.25977655205936,0
2023-01-01 07:57:00,679.7562069733196,17.198377503381792,0
2023-01-01 07:58:00,699.9903819634784,16.871184650213763,0
2023-01-01 07:59:00,586.7589418922599,17.83411914913002,0
2023-01-01 08:00:00,592.1334527316855,17.695303724974526,0
2023-01-01 08:01:00,637.9021778380345,17.066829009331745,0
2023-01-01 08:02:00,687.8826856773665,18.124643674131985,0
2023-01-01 08:03:00,650.4938732465085,19.31198318249442,0
2023-01-01 08:04:00,721.8417140821058,19.73377811706792,0
2023-01-01 08:05:00,663.3789596598818,16.757727446706838,0
2023-01-01 08:06:00,723.8558399960567,17.681153675282495,0
2023-01-01 08:07:00,677.811305033239,17.17349936506453,0
2023-01-01 08:08:00,646.2075131301696,17.955221592051103,0
2023-01-01 08:09:00,697.1208102744572,19.740059246647142,0
2023-01-01 08:10:00,705.1013176188147,16.837489268762525,0
2023-01-01 08:11:00,575.6354397005699,19.72474368545338,0
2023-01-01 08:12:00,662.2146681242349,16.968900319937774,0
2023-01-01 08:13:00,649.9042750225144,17.95978236476364,0
2023-01-01 08:14:00,673.6919788653213,18.240242506399216,0
2023-01-01 08:15:00,760.8568471581252,17.532588701682844,0
2023-01-01 08:16:00,637.296378733392,18.28216216743801,0
2023-01-01 08:17:00,718.3617324637694,19.249881891839465,0
2023-01-01 08:18:00,609.166112310402,19.27124376076115,0
2023-01-01 08:19:00,709.3436417566006,18.12090346277735,0
2023-01-01 08:20:00,1034.8709608107933,17.572915527193103,0
2023-01-01 08:21:00,643.507971904577,20.183349233809764,0
2023-01-01 08:22:00,627.5179166789524,16.924465824385404,0
2023-01-01 08:23:00,708.5923934092369,18.441163245959107,0
2023-01-01 08:24:00,691.1990453499254,17.690661976394356,0
2023-01-01 08:25:00,660.4800156998244,17.5687455826201,0
2023-01-01 08:26:00,709.5670087954651,17.33211683765084,0
2023-01-01 08:27:00,629.9296786865326,17.49086038743246,0
2023-01-01 08:28:00,679.4796027297122,19.636974069723195,0
2023-01-01 08:29:00,645.3992462656698,17.383007134359755,0
2023-01-01 08:30:00,647.3469226085473,17.293176658612513,0
2023-01-01 08:31:00,598.6800501975991,17.30077976567972,0
2023-01-01 08:32:00,682.9611421516939,17.239984835284716,0
2023-01-01 08:33:00,665.3643595849567,16.887041173228848,0
2023-01-01 08:34:00,626.2933772614738,16.61249940828105,0
2023-01-01 08:35:00,721.9823333731982,19.197960792983856,0
2023-01-01 08:36:00,674.1940282726341,19.040346437124114,0
2023-01-01 08:37:00,719.0310283835606,18.017341878195715,0
2023-01-01 08:38:00,647.472730640634,18.088462026745137,0
2023-01-01 08:39:00,710.5286176681798,17.699339472802404,0
2023-01-01 08:40:00,614.71291169966,20.315050204043,0
2023-01-01 08:41:00,698.3674963482591,17.111340027886754,0
2023-01-01 08:42:00,662.6111354368718,19.384988949277965,0
2023-01-01 08:43:00,694.4997524948445,17.636869459283016,0
2023-01-01 08:44:00,689.2242458946911,16.366214874596704,0
2023-01-01 08:45:00,628.6099047688551,19.133881795234974,0
2023-01-01 08:46:00,706.7203900492926,17.39749669260692,0
2023-01-01 08:47:00,630.2250235233056,18.636061585889323,0
2023-01-01 08:48:00,647.4227910764592,19.5258399788844,0
2023-01-01 08:49:00,702.112347649141,18.572208639536964,0
2023-01-01 08:50:00,666.1736611164486,19.01695668534997,0
2023-01-01 08:51:00,690.2073892503527,17.233206443564292,0
2023-01-01 08:52:00,716.0175255251042,19.282640897529664,0
2023-01-01 08:53:00,565.1954625889241,19.0621096798311,0
2023-01-01 08:54:00,596.3530593690053,17.398285645211345,0
2023-01-01 08:55:00,611.8438296917357,19.362104051632574,0
2023-01-01 08:56:00,589.3041111608701,18.807122406900785,0
2023-01-01 08:57:00,611.346729794705,18.688999200483153,0
2023-01-01 08:58:00,608.8607741808714,17.756849004300985,0
2023-01-01 08:59:00,693.7743146802411,15.426159723391914,0
2023-01-01 09:00:00,596.6227054038736,17.60792953825524,0
2023-01-01 09:01:00,593.3734705827671,19.19425159930772,0
2023-01-01 09:02:00,585.3775757899562,17.95696113467579,0
2023-01-01 09:03:00,694.4228707404501,19.54615330475479,0
2023-01-01 09:04:00,654.3141148698631,19.43207381619999,0
2023-01-01 09:05:00,645.9120641717083,17.662873669728583,0
2023-01-01 09:06:00,594.2896937586128,19.45863587695276,0
2023-01-01 09:07:00,688.8145542402114,17.197435376117,0
2023-01-01 09:08:00,616.8605483200706,18.431806936370645,0
2023-01-01 09:09:00,576.4731326322003,20.149331172931703,0
2023-01-01 09:10:00,530.3805545894547,17.68645427833373,0
2023-01-01 09:11:00,640.4023077094746,17.89868085889719,0
2023-01-01 09:12:00,593.1348139909417,18.908994200954442,0
2023-01-01 09:13:00,569.8463263542467,18.018811788601855,0
2023-01-01 09:14:00,659.510795243061,19.303144994289834,0
2023-01-01 09:15:00,577.252212132735,18.73791673684757,0
2023-01-01 09:16:00,669.9421118961931,18.689865975346823,0
2023-01-01 09:17:00,637.7761664128482,18.418555817165686,0
2023-01-01 09:18:00,668.1094647545367,19.18369950028826,0
2023-01-01 09:19:00,576.6451059011868,16.889185631689156,0
2023-01-01 09:20:00,643.6699371679274,19.28626258637482,0
2023-01-01 09:21:00,600.5882310484153,19.087167893994028,0
2023-01-01 09:22:00,681.3635494596376,19.01618113689711,0
2023-01-01 09:23:00,569.4061311377676,19.566322592851574,0
2023-01-01 09:24:00,575.456529584206,18.63512704382415,0
2023-01-01 09:25:00,585.6106268780636,20.74174784678511,0
2023-01-01 09:26:00,644.4991558963269,17.716378244928134,0
2023-01-01 09:27:00,727.0808160755016,18.27361719953685,0
2023-01-01 09:28:00,721.1556184375528,18.308868182290457,0
2023-01-01 09:29:00,711.7930033487111,17.154071673526648,0
2023-01-01 09:30:00,526.1504148571375,19.126397856940542,0
2023-01-01 09:31:00,547.5602005460219,18.98484869223764,0
2023-01-01 09:32:00,695.5491808092997,19.394756205546663,0
2023-01-01 09:33:00,665.6762822586735,19.06463203139381,0
2023-01-01 09:34:00,598.9167075330583,19.17544170460332,0
2023-01-01 09:35:00,604.7687326231497,19.902711771873385,0
2023-01-01 09:36:00,620.6339629263251,20.01628268107822,0
2023-01-01 09:37:00,600.870134448334,17.082937631289944,0
2023-01-01 09:38:00,544.2055941042317,19.19212208878498,0
2023-01-01 09:39:00,602.6563608569617,18.45726811466793,0
2023-01-01 09:40:00,571.0649052126291,18.206598940191686,0
2023-01-01 09:41:00,598.9305422081733,18.521829074801644,0
2023-01-01 09:42:00,675.2694852672762,18.174582755621554,0
2023-01-01 09:43:00,646.5468190389306,17.043581618634853,0
2023-01-01 09:44:00,596.2817787984314,18.676974967288594,0
2023-01-01 09:45:00,648.9011042970246,19.018217178660063,0
2023-01-01 09:46:00,648.5383290600873,18.25063925313441,0
2023-01-01 09:47:00,656.4631323560731,18.59890923922505,0
2023-01-01 09:48:00,513.212677059512,18.582718179076867,0
2023-01-01 09:49:00,607.8767055896886,19.474915132342616,0
2023-01-01 09:50:00,586.9987906612689,20.73005941407227,0
2023-01-01 09:51:00,603.7784136609718,19.374479205514092,0
2023-01-01 09:52:00,619.3213452606116,18.116511986682056,0
2023-01-01 09:53:00,655.1668194469822,20.238978769646558,0
2023-01-01 09:54:00,538.8403449553927,18.6998225690608,0
2023-01-01 09:55:00,660.9862568243526,18.752079796830657,0
2023-01-01 09:56:00,607.4816427577592,17.712026476920446,0
2023-01-01 09:57:00,565.0370740329257,18.656470992212313,0
2023-01-01 09:58:00,610.5545215777291,19.32155109943479,0
2023-01-01 09:59:00,636.5496910130183,18.190046416168737,0
2023-01-01 10:00:00,1135.8103641068137,17.45029713049563,0
2023-01-01 10:01:00,607.1607373811594,18.77077138553464,0
2023-01-01 10:02:00,685.0140224967894,19.75833158718881,0
2023-01-01 10:03:00,607.7754989778986,18.609739167664138,0
2023-01-01 10:04:00,539.1394902602984,17.0112502185152,0
2023-01-01 10:05:00,640.0683484282963,19.03889195535223,0
2023-01-01 10:06:00,588.5591578378954,19.761259957413223,0
2023-01-01 10:07:00,585.537161524797,20.364923698290752,0
2023-01-01 10:08:00,562.6496380483985,17.22432996739645,0
2023-01-01 10:09:00,617.2790317079175,16.424592026947714,0
2023-01-01 10:10:00,601.408206996204,19.88911874048821,0
2023-01-01 10:11:00,552.9323886255477,18.893066614417272,0
2023-01-01 10:12:00,518.0698935916255,19.350400095825105,0
2023-01-01 10:13:00,595.7377101846363,20.705214610480876,0
2023-01-01 10:14:00,649.70343766946,19.076580188969533,0
2023-01-01 10:15:00,575.0074802281208,17.936283151240282,0
2023-01-01 10:16:00,651.4406365208849,18.48878963560694,0
2023-01-01 10:17:00,520.0362762047396,19.43484779379166,0
2023-01-01 10:18:00,598.651031016336,19.22993035736436,0
2023-01-01 10:19:00,518.2992275241913,17.146307356342696,0
2023-01-01 10:20:00,621.0528800373323,18.26045354825072,0
2023-01-01 10:21:00,577.67738421458,19.08743800701792,0
2023-01-01 10:22:00,574.2379714353641,19.542456796344695,0
2023-01-01 10:23:00,613.810807816259,19.954377018044916,0
2023-01-01 10:24:00,511.47312274426315,18.591382790969835,0
2023-01-01 10:25:00,588.0540770488534,18.379932801805058,0
2023-01-01 10:26:00,608.2972090719073,17.410302913314425,0
2023-01-01 10:27:00,574.1271794289553,18.763895226767275,0
2023-01-01 10:28:00,523.0987423869808,18.282692631367706,0
2023-01-01 10:29:00,677.2790274799579,18.16834673628866,0
2023-01-01 10:30:00,504.70079558287324,19.506905412646073,0
2023-01-01 10:31:00,649.965308628312,19.313723402905055,0
2023-01-01 10:32:00,618.1912224039219,18.51483071064645,0
2023-01-01 10:33:00,624.6859243347592,18.54340308555082,0
2023-01-01 10:34:00,482.30010592325294,18.182119096296933,0
2023-01-01 10:35:00,601.4818998700064,18.301014494002107,0
2023-01-01 10:36:00,609.4594219163797,21.17400192989403,0
2023-01-01 10:37:00,540.829202304544,18.97581900424101,0
2023-01-01 10:38:00,612.5054057327159,19.541411199048568,0
2023-01-01 10:39:00,565.9023924173564,18.536225407901725,0
2023-01-01 10:40:00,582.400820514415,18.92303526141024,0
2023-01-01 10:41:00,556.1606658022398,20.910170689419235,0
2023-01-01 10:42:00,500.8514523692883,19.582690100445436,0
2023-01-01 10:43:00,603.2801472242775,18.571061999221183,0
2023-01-01 10:44:00,562.3853052465854,18.628616602265005,0
2023-01-01 10:45:00,578.1427484268032,19.040956209056347,0
2023-01-01 10:46:00,563.4390787885109,18.7575290511413,0
2023-01-01 10:47:00,620.776177538325,19.103266915257908,0
2023-01-01 10:48:00,622.5129622450121,18.26521228110041,0
2023-01-01 10:49:00,523.1383841752777,18.416549306062368,0
2023-01-01 10:50:00,491.24543761245786,17.580995495670226,0
2023-01-01 10:51:00,524.8696850565949,17.856117540412292,0
2023-01-01 10:52:00,515.6196510999114,20.71309504371303,0
2023-01-01 10:53:00,590.3263074722057,17.21843311216437,0
2023-01-01 10:54:00,472.1682628134785,20.557138016765354,0
2023-01-01 10:55:00,634.1880687035912,18.57118818449759,0
2023-01-01 10:56:00,571.6500703649036,18.7491719413742,0
2023-01-01 10:57:00,567.5951460562187,18.64569934827924,0
2023-01-01 10:58:00,541.7547780341025,19.509558022827715,0
2023-01-01 10:59:00,628.1573341547645,16.520640144523473,0
2023-01-01 11:00:00,555.6723150889671,17.645410849782273,0
2023-01-01 11:01:00,551.2609808205781,18.94479311001036,0
2023-01-01 11:02:00,539.8750541684954,20.225204294966048,0
2023-01-01 11:03:00,532.9407546853613,19.762155766464375,0
2023-01-01 11:04:00,554.3264475921227,18.34109598560712,0
2023-01-01 11:05:00,538.1829678069026,17.62122874007031,0
2023-01-01 11:06:00,442.3142094572128,17.831538321837243,0
2023-01-01 11:07:00,614.5170257356549,18.318004757054506,0
2023-01-01 11:08:00,557.5035125267258,20.872018640909587,0
2023-01-01 11:09:00,538.5825122200836,18.494416102099592,0
2023-01-01 11:10:00,610.6900512037508,19.036508480971705,0
2023-01-01 11:11:00,488.56512116346573,20.240147647922154,0
2023-01-01 11:12:00,550.8594082730928,21.61026598549969,0
2023-01-01 11:13:00,599.6487017234714,20.160971129274873,0
2023-01-01 11:14:00,511.07157994819255,18.555840102385865,0
2023-01-01 11:15:00,518.3305155901461,19.490717358017523,0
2023-01-01 11:16:00,533.2906750168166,18.45350957440761,0
2023-01-01 11:17:00,548.4543893664263,20.28648486489716,0
2023-01-01 11:18:00,539.8933193553449,19.17904839545762,0
2023-01-01 11:19:00,530.3611636048995,19.42016363692593,0
2023-01-01 11:20:00,650.0901552074578,17.882848737476504,0
2023-01-01 11:21:00,646.7244824778882,19.061726668430886,0
2023-01-01 11:22:00,624.1901584977603,20.602658948552783,0
2023-01-01 11:23:00,546.1381513132327,19.488295927511153,0
2023-01-01 11:24:00,484.56848292506135,19.818780745194704,0
2023-01-01 11:25:00,452.0887950052803,18.302214504966543,0
2023-01-01 11:26:00,495.0750871496771,19.27424124058515,0
2023-01-01 11:27:00,552.2887386748644,18.491711541697104,0
2023-01-01 11:28:00,493.2465386547863,16.791943241815616,0
2023-01-01 11:29:00,496.1909256638414,18.227541821437192,0
2023-01-01 11:30:00,548.3322665155929,19.837216512630302,0
2023-01-01 11:31:00,568.684450947218,18.930226270817236,0
2023-01-01 11:32:00,513.6788865594242,18.540422155451953,0
2023-01-01 11:33:00,480.5359877989016,18.990027085888713,0
2023-01-01 11:34:00,456.67942700255094,18.66875773325411,0
2023-01-01 11:35:00,476.65234062305836,20.229111614189346,0
2023-01-01 11:36:00,475.09624057215507,18.578956986279312,0
2023-01-01 11:37:00,520.7035080202032,19.384976334540735,0
2023-01-01 11:38:00,470.6760167873629,18.98077407107786,0
2023-01-01 11:39:00,501.08105313466393,19.485017640668364,0
2023-01-01 11:40:00,1067.5774340756416,20.969476113852245,0
2023-01-01 11:41:00,474.8188504271634,20.07896179283892,0
2023-01-01 11:42:00,530.1471223074259,20.415079498579672,0
2023-01-01 11:43:00,483.2148040527036,17.77500781383754,0
2023-01-01 11:44:00,493.08438866401,17.62101676949132,0
2023-01-01 11:45:00,501.2542248357219,20.754232340505283,0
2023-01-01 11:46:00,491.9084203503591,18.059967583655457,0
2023-01-01 11:47:00,545.5127719703816,19.985816342289183,0
2023-01-01 11:48:00,562.5910584370146,19.003191272994027,0
2023-01-01 11:49:00,546.347204234404,19.34804716488075,0
2023-01-01 11:50:00,504.6129734240373,18.898061032375978,0
2023-01-01 11:51:00,518.6118257768031,19.38527526375016,0
2023-01-01 11:52:00,589.5549595758479,20.02755195762513,0
2023-01-01 11:53:00,496.8581146739581,20.053339676803777,0
2023-01-01 11:54:00,516.4481352834492,18.175614585706146,0
2023-01-01 11:55:00,441.14812614356333,20.55612620211969,0
2023-01-01 11:56:00,452.23281089595383,19.89909012477089,0
2023-01-01 11:57:00,499.21257498335535,17.219947090443675,0
2023-01-01 11:58:00,394.5578360150329,18.847665840792537,0
2023-01-01 11:59:00,545.22670735374,19.856798495730956,0
2023-01-01 12:00:00,455.2160224741333,20.206695746961522,0
2023-01-01 12:01:00,498.3537984176035,20.591037668945596,0
2023-01-01 12:02:00,573.2994660247848,20.74673264932846,0
2023-01-01 12:03:00,436.03372035024887,19.832919495697986,0
2023-01-01 12:04:00,499.27595059428546,19.006694863452225,0
2023-01-01 12:05:00,512.8593899864068,18.69126926493998,0
2023-01-01 12:06:00,482.5740678569078,19.564939205908832,0
2023-01-01 12:07:00,479.8928093836373,19.738391486393958,0
2023-01-01 12:08:00,462.8625905677199,18.755179869627746,0
2023-01-01 12:09:00,494.1404437354708,19.933212999673525,0
2023-01-01 12:10:00,504.9192535885396,18.0755625344117,0
2023-01-01 12:11:00,559.9998737646384,21.91691987343139,0
2023-01-01 12:12:00,397.1656425809789,19.23619495928087,0
2023-01-01 12:13:00,555.6118460229544,18.92241930079375,0
2023-01-01 12:14:00,453.7981967775773,18.926456815860714,0
2023-01-01 12:15:00,494.74755252748935,20.782054984122535,0
2023-01-01 12:16:00,471.8453837335094,19.879622184739617,0
2023-01-01 12:17:00,369.09627902358847,19.44669667221953,0
2023-01-01 12:18:00,487.53332940941766,17.679877950540416,0
2023-01-01 12:19:00,530.9662386467181,19.8529918580078,0
2023-01-01 12:20:00,458.21740305173955,17.500724222670428,0
2023-01-01 12:21:00,504.42588902277214,18.48347861586893,0
2023-01-01 12:22:00,432.9958977019611,20.264213317562184,0
2023-01-01 12:23:00,451.2968533614013,18.941769501047524,0
2023-01-01 12:24:00,540.8509793561972,19.52154661606671,0
2023-01-01 12:25:00,503.2144737676771,19.252089258314818,0
2023-01-01 12:26:00,522.0290491819609,20.256336184062828,0
2023-01-01 12:27:00,466.2317503766452,19.283582956222464,0
2023-01-01 12:28:00,534.3838339168259,20.61155738613,0
2023-01-01 12:29:00,423.30404282816744,20.05075980578745,0
2023-01-01 12:30:00,482.7589202486978,19.108607671019254,0
2023-01-01 12:31:00,476.2131072213599,18.466086592279893,0
2023-01-01 12:32:00,457.3595890016109,22.33657313569703,0
2023-01-01 12:33:00,477.0314964312934,19.535614997712813,0
2023-01-01 12:34:00,485.1735676244146,19.804126623136437,0
2023-01-01 12:35:00,548.6727827169855,20.810767818047598,0
2023-01-01 12:36:00,359.21397063824577,18.94151052455037,0
2023-01-01 12:37:00,416.33999742157243,18.95969543326414,0
2023-01-01 12:38:00,484.11609628399884,18.908851331649934,0
2023-01-01 12:39:00,440.58214700177683,18.94930601613638,0
2023-01-01 12:40:00,552.4614964225602,17.516818502325535,0
2023-01-01 12:41:00,435.3976508634481,19.432511811252404,0
2023-01-01 12:42:00,511.2924353289094,18.600789509808838,0
2023-01-01 12:43:00,439.39768891246814,20.010484139986563,0
2023-01-01 12:44:00,468.409981548032,19.395841801823686,0
2023-01-01 12:45:00,401.3932342377415,18.519389844561342,0
2023-01-01 12:46:00,454.36487109472705,18.58828861718372,0
2023-01-01 12:47:00,408.98470483406203,20.035688365598013,0
2023-01-01 12:48:00,484.13734011323265,19.906027303433344,0
2023-01-01 12:49:00,455.9875764088418,21.537606424993754,0
2023-01-01 12:50:00,496.4156783560689,21.067827848427093,0
2023-01-01 12:51:00,423.8638289712638,19.251006665891115,0
2023-01-01 12:52:00,419.18118109964087,19.856971946284702,0
2023-01-01 12:53:00,460.2396266265364,21.10997794718645,0
2023-01-01 12:54:00,481.16080020708057,20.128678064300377,0
2023-01-01 12:55:00,449.10775498299967,19.294129080042605,0
2023-01-01 12:56:00,523.4247868987409,18.75414878189413,0
2023-01-01 12:57:00,461.1008958604146,19.340983957609673,0
2023-01-01 12:58:00,401.91870103489896,20.645936253985326,0
2023-01-01 12:59:00,340.0961030745083,18.924929254834773,0
2023-01-01 13:00:00,460.2949979597008,21.224884912670838,0
2023-01-01 13:01:00,451.3656066161634,20.288375659230308,0
2023-01-01 13:02:00,413.1758727038752,19.885399516647286,0
2023-01-01 13:03:00,408.2035252098657,19.75837402517762,0
2023-01-01 13:04:00,407.6079522006206,19.802315986881844,0
2023-01-01 13:05:00,394.0934228202799,18.058991341045136,0
2023-01-01 13:06:00,481.12875162286724,18.642178940698827,0
2023-01-01 13:07:00,527.3767077637419,18.161457156914363,0
2023-01-01 13:08:00,356.68929629015224,19.11796938235432,0
2023-01-01 13:09:00,431.1135159223846,19.675202441814857,0
2023-01-01 13:10:00,432.8171814408501,19.918909010606974,0
2023-01-01 13:11:00,439.7612793906474,20.357175138800656,0
2023-01-01 13:12:00,380.8460087268286,19.516909310893585,0
2023-01-01 13:13:00,463.223355168333,19.59412947057221,0
2023-01-01 13:14:00,424.883588574059,18.359216786012393,0
2023-01-01 13:15:00,471.96792599809623,18.77186665271793,0
2023-01-01 13:16:00,361.60322872686754,20.286032471752566,0
2023-01-01 13:17:00,405.55651828483684,19.423591410967816,0
2023-01-01 13:18:00,434.09382352438183,17.50017833343334,0
2023-01-01 13:19:00,386.59813380820174,19.92683043161523,0
2023-01-01 13:20:00,939.123653207912,20.561248114945986,0
2023-01-01 13:21:00,414.797802746705,20.906441129825666,0
2023-01-01 13:22:00,476.657818966272,18.250969779930134,0
2023-01-01 13:23:00,449.15642717965056,19.215170395852844,0
2023-01-01 13:24:00,461.9966642222397,21.075883722684313,0
2023-01-01 13:25:00,423.0024888100812,18.68678592071979,0
2023-01-01 13:26:00,384.91058004097727,19.46361819951451,0
2023-01-01 13:27:00,412.9552725279086,20.975301564170646,0
2023-01-01 13:28:00,341.718377344758,16.87933479361155,0
2023-01-01 13:29:00,445.6938547742263,18.123554614774832,0
2023-01-01 13:30:00,448.892833446171,18.62454523120607,0
2023-01-01 13:31:00,445.98823977410206,20.800987133414,0
2023-01-01 13:32:00,460.9332288596669,21.485366504577815,0
2023-01-01 13:33:00,395.6661385677398,19.071515270117576,0
2023-01-01 13:34:00,503.3046109854638,20.848033975913918,0
2023-01-01 13:35:00,480.7528824573692,21.349070004793134,0
2023-01-01 13:36:00,489.3756475857422,18.441159607531603,0
2023-01-01 13:37:00,362.420643270159,18.57442724009397,0
2023-01-01 13:38:00,348.68684886835615,19.123104836852853,0
2023-01-01 13:39:00,423.58261263248284,21.321693612720374,0
2023-01-01 13:40:00,407.76766304729125,19.586623667990875,0
2023-01-01 13:41:00,559.5714698505762,19.487027198403243,0
2023-01-01 13:42:00,412.7772661540547,18.755267708226416,0
2023-01-01 13:43:00,461.73188525991696,18.936291424963603,0
2023-01-01 13:44:00,452.1499381074512,19.548781687530486,0
2023-01-01 13:45:00,398.7234155352247,20.772447624349763,0
2023-01-01 13:46:00,247.6713661978273,19.16629089206497,0
2023-01-01 13:47:00,415.18439044077354,18.685964517176746,0
2023-01-01 13:48:00,442.75706571729097,19.615057072928003,0
2023-01-01 13:49:00,466.8197238314898,20.566017042095684,0
2023-01-01 13:50:00,406.373121651129,18.44924083454745,0
2023-01-01 13:51:00,423.47357220185813,19.698738026718072,0
2023-01-01 13:52:00,427.2955726290278,20.12768776322662,0
2023-01-01 13:53:00,424.1710612998507,19.82836747177109,0
2023-01-01 13:54:00,403.68915670465543,19.931881222901684,0
2023-01-01 13:55:00,420.3593901756962,20.53087296516068,0
2023-01-01 13:56:00,342.134774925612,18.91718742694078,0
2023-01-01 13:57:00,340.09725232702203,19.352408085433773,0
2023-01-01 13:58:00,396.66582322586385,18.902656288846565,0
2023-01-01 13:59:00,378.1169611179641,20.76089141981287,0
2023-01-01 14:00:00,405.6836793060198,19.44531811808647,0
2023-01-01 14:01:00,465.3731040665568,20.598790490845403,0
2023-01-01 14:02:00,351.7023981664694,18.623197205094865,0
2023-01-01 14:03:00,371.8075492269502,18.281274649181206,0
2023-01-01 14:04:00,404.79685476906434,20.637629975561776,0
2023-01-01 14:05:00,410.0309650369757,20.59742698423661,0
2023-01-01 14:06:00,382.620599329552,20.04791922997747,0
2023-01-01 14:07:00,302.64512451594544,18.639846285659686,0
2023-01-01 14:08:00,401.8992689218348,19.664198980212138,0
2023-01-01 14:09:00,388.3053923238345,19.440270725839014,0
2023-01-01 14:10:00,402.66139786713785,18.66856844185995,0
2023-01-01 14:11:00,362.8728038536139,20.22327390421109,0
2023-01-01 14:12:00,392.2649682588671,18.543645597168407,0
2023-01-01 14:13:00,439.49620093854963,16.92477732923727,0
2023-01-01 14:14:00,379.7840598827941,18.51479587097502,0
2023-01-01 14:15:00,312.7238399973013,19.47012303626928,0
2023-01-01 14:16:00,434.7522472499967,20.72313502884092,0
2023-01-01 14:17:00,438.29559992815234,18.680441659518316,0
2023-01-01 14:18:00,418.81906258042716,19.052733430570456,0
2023-01-01 14:19:00,416.00351732924963,19.629776389350756,0
2023-01-01 14:20:00,316.9757264863375,19.44919611116478,0
2023-01-01 14:21:00,503.00550883028006,20.9389628913973,0
2023-01-01 14:22:00,357.46131246900785,19.442718993601684,0
2023-01-01 14:23:00,384.54800836258414,20.930420009898523,0
2023-01-01 14:24:00,412.60094596959846,19.43938840467811,0
2023-01-01 14:25:00,387.844270071962,18.59101013022467,0
2023-01-01 14:26:00,389.124844288777,20.081124520379486,0
2023-01-01 14:27:00,371.2737255100394,18.822651669747245,0
2023-01-01 14:28:00,350.3160786204735,20.654800708917108,0
2023-01-01 14:29:00,426.0563044162916,19.48866074110047,0
2023-01-01 14:30:00,417.1071023506476,20.205264804068214,0
2023-01-01 14:31:00,353.5673332114335,19.584784717364588,0
2023-01-01 14:32:00,333.51496669539085,19.75858475595352,0
2023-01-01 14:33:00,479.53255152651775,19.93238589818936,0
2023-01-01 14:34:00,367.95379266410384,19.511735041032495,0
2023-01-01 14:35:00,404.3709839856181,18.972553035896812,0
2023-01-01 14:36:00,378.58988391863664,19.578992461961093,0
2023-01-01 14:37:00,393.6604591725178,18.50695111205625,0
2023-01-01 14:38:00,331.8648500691258,19.229468954436296,0
2023-01-01 14:39:00,403.84666936402607,20.43409589144888,0
2023-01-01 14:40:00,475.7440790586768,20.777975950471962,0
2023-01-01 14:41:00,456.213714939863,19.29661424306218,0
2023-01-01 14:42:00,413.50175583038754,19.113314275898833,0
2023-01-01 14:43:00,321.2318398282564,19.58416307745066,0
2023-01-01 14:44:00,336.968060706038,19.57625945057302,0
2023-01-01 14:45:00,356.46999499273164,20.338444737224023,0
2023-01-01 14:46:00,383.0989277379849,19.138373008876616,0
2023-01-01 14:47:00,360.282759347588,18.902002281180717,0
2023-01-01 14:48:00,383.3011955885286,18.3090850296226,0
2023-01-01 14:49:00,345.75525461966265,19.295226432946347,0
2023-01-01 14:50:00,312.04495867432723,18.868607880963342,0
2023-01-01 14:51:00,460.0382050037233,20.529852411359144,0
2023-01-01 14:52:00,418.54229964351305,19.15001292524033,0
2023-01-01 14:53:00,398.8889035107039,20.649972596151724,0
2023-01-01 14:54:00,338.04053801689093,21.12222041211666,0
2023-01-01 14:55:00,362.9336483930864,20.580263929793453,0
2023-01-01 14:56:00,419.54154512670436,19.473181644932488,0
2023-01-01 14:57:00,416.63593420674385,19.09205104869064,0
2023-01-01 14:58:00,398.4775795470199,19.58048877032332,0
2023-01-01 14:59:00,348.0177060308329,19.373619023270837,0
2023-01-01 15:00:00,850.6022948247767,19.380435960957087,0
2023-01-01 15:01:00,405.0348349048358,19.024057065235564,0
2023-01-01 15:02:00,402.3013658019071,19.37458515614729,0
2023-01-01 15:03:00,425.0279828881678,19.901133855697328,0
2023-01-01 15:04:00,327.5171372527052,19.022515974457956,0
2023-01-01 15:05:00,452.6063813697784,20.62278626356733,0
2023-01-01 15:06:00,444.0637176793686,21.594332806755183,0
2023-01-01 15:07:00,294.11296194065864,19.659091574017594,0
2023-01-01 15:08:00,376.75377372908605,19.71642373944184,0
2023-01-01 15:09:00,374.7833009058234,20.166111244547206,0
2023-01-01 15:10:00,348.8874742510145,19.357706214076714,0
2023-01-01 15:11:00,402.88765077538744,20.379849668773304,0
2023-01-01 15:12:00,295.0991806215375,21.170741350952596,0
2023-01-01 15:13:00,448.55688402377695,20.362762207170732,0
2023-01-01 15:14:00,254.13391328005977,18.830080543765682,0
2023-01-01 15:15:00,344.5799380678561,17.60627195651825,0
2023-01-01 15:16:00,411.3701207965546,21.24901180716739,0
2023-01-01 15:17:00,383.0631957713806,20.456076091550052,0
2023-01-01 15:18:00,412.44205179395107,20.181712948916324,0
2023-01-01 15:19:00,377.25094334080745,18.66800891257709,0
2023-01-01 15:20:00,466.2596382386394,19.59870958463351,0
2023-01-01 15:21:00,229.98172851374045,20.929175636744077,0
2023-01-01 15:22:00,350.9527490215602,19.401739794246666,0
2023-01-01 15:23:00,353.9088530632632,19.63425561775577,0
2023-01-01 15:24:00,349.6207680849065,19.939885987033907,0
2023-01-01 15:25:00,334.14160731444974,20.87507386066249,0
2023-01-01 15:26:00,417.98554253742554,20.658252132339147,0
2023-01-01 15:27:00,305.67248002560837,18.144778738557847,0
2023-01-01 15:28:00,400.0423440879743,19.53480419391836,0
2023-01-01 15:29:00,391.257082235439,20.61830634774347,0
2023-01-01 15:30:00,290.2489526022925,20.069301156844308,0
2023-01-01 15:31:00,315.71410475009253,19.137181911685296,0
2023-01-01 15:32:00,366.7150462161612,21.214228657021163,0
2023-01-01 15:33:00,274.1251504341342,19.974404954149417,0
2023-01-01 15:34:00,342.38597945892656,21.049122228340586,0
2023-01-01 15:35:00,373.50368550947064,19.531714677232618,0
2023-01-01 15:36:00,392.57041751742634,19.657845532282526,0
2023-01-01 15:37:00,286.00475456937494,21.250568789623337,0
2023-01-01 15:38:00,293.084423587318,20.3762267345724,0
2023-01-01 15:39:00,337.6859488913235,20.851380486618044,0
2023-01-01 15:40:00,311.53465904648124,18.497610253350132,0
2023-01-01 15:41:00,348.80813029515747,19.6071769283477,0
2023-01-01 15:42:00,362.5252625326448,20.57100971924243,0
2023-01-01 15:43:00,261.18329730210473,19.129577373708706,0
2023-01-01 15:44:00,351.35645920587194,19.509783738489357,0
2023-01-01 15:45:00,388.9303405476035,20.737606987498772,0
2023-01-01 15:46:00,214.35455873709608,18.94905318535006,0
2023-01-01 15:47:00,358.0854532841268,19.173603076938164,0
2023-01-01 15:48:00,446.09995755463723,20.665318058354845,0
2023-01-01 15:49:00,282.61560842877276,21.248296713357515,0
2023-01-01 15:50:00,439.57514975105994,20.12513655651586,0
2023-01-01 15:51:00,348.59024289263476,18.35123606965479,0
2023-01-01 15:52:00,333.453928231711,18.836061689656958,0
2023-01-01 15:53:00,315.6553969961768,19.52183326379169,0
2023-01-01 15:54:00,331.54795868132595,20.45251701789323,0
2023-01-01 15:55:00,279.1516028058715,18.983744967811024,0
2023-01-01 15:56:00,270.4982259524949,21.355640040776013,0
2023-01-01 15:57:00,304.5194209926318,20.105562997094793,0
2023-01-01 15:58:00,319.52057397343543,19.129123855315353,0
2023-01-01 15:59:00,340.50718883913356,20.27012945422107,0
2023-01-01 16:00:00,348.12206043900386,20.32471669051156,0
2023-01-01 16:01:00,344.8569205323407,19.878218003402502,0
2023-01-01 16:02:00,384.7070816934651,19.683125459157086,0
2023-01-01 16:03:00,359.60187272182816,17.915066430873008,0
2023-01-01 16:04:00,175.5762772431616,22.119160035722718,0
2023-01-01 16:05:00,248.0109463921147,16.835468983265283,0
2023-01-01 16:06:00,382.3105069097828,19.960236060327677,0
2023-01-01 16:07:00,282.03654959919237,19.62978282324984,0
2023-01-01 16:08:00,371.16490824615823,20.120985321656644,0
2023-01-01 16:09:00,336.221740885615,18.16939824428277,0
2023-01-01 16:10:00,257.9505470325506,20.829699109633694,0
2023-01-01 16:11:00,291.6334837177791,19.956986608779296,0
2023-01-01 16:12:00,354.67195410310535,20.624416099547076,0
2023-01-01 16:13:00,379.3468879284716,20.096339225893708,0
2023-01-01 16:14:00,291.2660195927578,20.96570459222682,0
2023-01-01 16:15:00,219.5370321315761,19.51427886039312,0
2023-01-01 16:16:00,251.89920313833818,20.71532925351309,0
2023-01-01 16:17:00,349.36091387922517,18.44269432399206,0
2023-01-01 16:18:00,392.1762025267167,19.474786933376436,0
2023-01-01 16:19:00,338.4407113239874,19.835446638082022,0
2023-01-01 16:20:00,311.03811467040015,20.595543397692797,0
2023-01-01 16:21:00,425.4262203416646,20.768498273331794,0
2023-01-01 16:22:00,333.2203774014293,17.706504072973452,0
2023-01-01 16:23:00,328.64839893140714,19.908243830296023,0
2023-01-01 16:24:00,307.1911187747772,16.70633684645833,0
2023-01-01 16:25:00,325.15793087426493,19.82583981622491,0
2023-01-01 16:26:00,366.96352952978395,20.66616977280088,0
2023-01-01 16:27:00,262.6348334586941,18.951579946274247,0
2023-01-01 16:28:00,308.0565089876054,21.627867369745314,0
2023-01-01 16:29:00,279.57354377181184,19.64762381011059,0
2023-01-01 16:30:00,326.06258864747304,18.58973929598362,0
2023-01-01 16:31:00,352.63999506542865,19.461089001134173,0
2023-01-01 16:32:00,262.6673825397815,19.136649935796466,0
2023-01-01 16:33:00,329.71829137844907,19.875985296376285,0
2023-01-01 16:34:00,236.72611269620916,19.527235958710605,0
2023-01-01 16:35:00,302.09166116560056,21.383257977092427,0
2023-01-01 16:36:00,269.441329531937,20.493069901679164,0
2023-01-01 16:37:00,323.9717382903656,19.353163456654723,0
2023-01-01 16:38:00,331.61477066494723,21.323527154445795,0
2023-01-01 16:39:00,340.7067028790798,20.78656065105731,0
2023-01-01 16:40:00,825.660633598211,19.735199469697946,0
2023-01-01 16:41:00,382.7447165671301,19.80552178765535,0
2023-01-01 16:42:00,293.0598253676278,19.05061934725471,0
2023-01-01 16:43:00,337.9351972264631,18.850928595023127,0
2023-01-01 16:44:00,286.15602895488325,20.713360265510275,0
2023-01-01 16:45:00,377.1596496215302,19.88348890966043,0
2023-01-01 16:46:00,263.29124526364933,18.967924104597415,0
2023-01-01 16:47:00,362.3842803671471,21.25857495666696,0
2023-01-01 16:48:00,338.20894249059626,19.63067501300011,0
2023-01-01 16:49:00,383.2306367989519,19.022184021234157,0
2023-01-01 16:50:00,328.7118229334761,19.04556047771197,0
2023-01-01 16:51:00,417.97759931024433,20.374476929863082,0
2023-01-01 16:52:00,413.97885299733974,20.616667895442696,0
2023-01-01 16:53:00,273.26828034188884,20.669132346278513,0
2023-01-01 16:54:00,355.95383072240406,20.55852264861468,0
2023-01-01 16:55:00,311.28690832575893,21.022204234058545,0
2023-01-01 16:56:00,219.3232037903233,21.386787982490137,0
2023-01-01 16:57:00,242.0509917368314,21.186447684158214,0
2023-01-01 16:58:00,280.0126038786232,20.50398338698744,0
2023-01-01 16:59:00,169.23311889936218,20.41282394733786,0
2023-01-01 17:00:00,342.21736005646574,19.292865238597773,0
2023-01-01 17:01:00,323.3496157328537,21.21748692694551,0
2023-01-01 17:02:00,286.63357108477294,17.930818486746126,0
2023-01-01 17:03:00,308.09719733887016,20.101363472863277,0
2023-01-01 17:04:00,359.79870605859514,20.033223980373947,0
2023-01-01 17:05:00,339.29911606694156,18.596219345700064,0
2023-01-01 17:06:00,321.5439948464601,18.661920314343845,0
2023-01-01 17:07:00,300.7616033453235,22.103039398667953,0
2023-01-01 17:08:00,275.72984899312337,20.342539099924675,0
2023-01-01 17:09:00,266.2519120776522,20.803288320115648,0
2023-01-01 17:10:00,315.18694876592224,19.805201095656734,0
2023-01-01 17:11:00,267.41261370206195,18.67444285142271,0
2023-01-01 17:12:00,348.4008734631144,19.82726298491952,0
2023-01-01 17:13:00,280.0847478521717,20.407807356474798,0
2023-01-01 17:14:00,261.5193508876716,20.304922878241026,0
2023-01-01 17:15:00,268.8673607033489,19.790946346075714,0
2023-01-01 17:16:00,175.4227531868299,21.42184842878801,0
2023-01-01 17:17:00,265.00220421347393,19.542833180070403,0
2023-01-01 17:18:00,276.0796147146903,18.831995033065596,0
2023-01-01 17:19:00,271.11418173260216,21.016075376818023,0
2023-01-01 17:20:00,311.7187287152602,19.930981689709302,0
2023-01-01 17:21:00,258.39176150277547,21.494516076818346,0
2023-01-01 17:22:00,294.37395137765606,19.755365578456836,0
2023-01-01 17:23:00,138.96135972420595,21.49772769024698,0
2023-01-01 17:24:00,271.627085186754,22.030647268186108,0
2023-01-01 17:25:00,325.3405934215353,18.378419333555243,0
2023-01-01 17:26:00,272.12851695241324,19.668197067625897,0
2023-01-01 17:27:00,241.83445466444536,20.609805639070125,0
2023-01-01 17:28:00,304.6334336860479,19.699144715679342,0
2023-01-01 17:29:00,200.1524957104042,20.554465529965398,0
2023-01-01 17:30:00,328.97673749738766,18.520178650023748,0
2023-01-01 17:31:00,322.45445483822823,20.32812315352644,0
2023-01-01 17:32:00,323.1680743301147,20.91649120998947,0
2023-01-01 17:33:00,263.7958094286236,18.608639532967434,0
2023-01-01 17:34:00,321.21636654557994,19.64935307049476,0
2023-01-01 17:35:00,291.5256109285774,18.912361251543274,0
2023-01-01 17:36:00,256.8623856182094,19.767657502985667,0
2023-01-01 17:37:00,379.54076352447714,20.341271371060206,0
2023-01-01 17:38:00,306.2214215554528,20.2189675466248,0
2023-01-01 17:39:00,250.1308785994994,18.036121469100554,0
2023-01-01 17:40:00,341.7769992585078,19.297279620139765,0
2023-01-01 17:41:00,289.3944882331223,19.9485610268799,0
2023-01-01 17:42:00,283.8435399502878,20.431212100172676,0
2023-01-01 17:43:00,237.59027482341355,22.087929454206225,0
2023-01-01 17:44:00,367.4081652957675,19.1902894929652,0
2023-01-01 17:45:00,287.22076144975017,19.6644616315374,0
2023-01-01 17:46:00,279.8596782110098,18.230818305760316,0
2023-01-01 17:47:00,344.5779787449478,19.67144749876942,0
2023-01-01 17:48:00,305.5071385394053,20.2425642326151,0
2023-01-01 17:49:00,175.39629465987986,20.36177994873798,0
2023-01-01 17:50:00,294.0149044456608,20.71771280561875,0
2023-01-01 17:51:00,326.0566569038791,19.93696532035844,0
2023-01-01 17:52:00,371.0248136936088,18.82130623010291,0
2023-01-01 17:53:00,357.5816144989529,21.124333711535723,0
2023-01-01 17:54:00,283.7146815451262,21.7839777987925,0
2023-01-01 17:55:00,369.1471850483863,20.738874520444952,0
2023-01-01 17:56:00,241.95550364395055,20.467172018291777,0
2023-01-01 17:57:00,340.78836525266286,18.422626384977065,0
2023-01-01 17:58:00,269.4110222919634,19.19494637296374,0
2023-01-01 17:59:00,320.4484197363101,20.676191682440646,0
2023-01-01 18:00:00,286.905956099347,20.533089422916298,0
2023-01-01 18:01:00,255.1174522756772,20.990357642769222,0
2023-01-01 18:02:00,300.3142856103488,20.244870843311244,0
2023-01-01 18:03:00,347.2780063528017,22.051135555135865,0
2023-01-01 18:04:00,326.73077766124965,18.8795588946491,0
2023-01-01 18:05:00,322.5048647369483,20.692665821328546,0
2023-01-01 18:06:00,276.29760009660487,19.154665587497618,0
2023-01-01 18:07:00,258.78316076906975,18.589842007144096,0
2023-01-01 18:08:00,292.66463008926206,20.55046857861519,0
2023-01-01 18:09:00,293.35300533220214,20.12429860547646,0
2023-01-01 18:10:00,208.89409278227293,19.628499930619462,0
2023-01-01 18:11:00,293.3604931017754,19.39684787819722,0
2023-01-01 18:12:00,359.7921534043674,20.909678427409492,0
2023-01-01 18:13:00,324.32372655524154,18.625292262386257,0
2023-01-01 18:14:00,306.3183448826581,20.22776883163346,0
2023-01-01 18:15:00,313.38440601843837,18.65236786194427,0
2023-01-01 18:16:00,339.71829991892207,22.65212939087571,0
2023-01-01 18:17:00,283.61730875371336,20.138577630192767,0
2023-01-01 18:18:00,308.7054237410088,18.501630118407142,0
2023-01-01 18:19:00,267.82747799851904,21.77929487121836,0
2023-01-01 18:20:00,735.2646293479559,18.947839929707936,0
2023-01-01 18:21:00,277.95101129718205,19.22348318293078,0
2023-01-01 18:22:00,377.0010035458356,19.424846584839635,0
2023-01-01 18:23:00,272.74870863624136,20.12547153646241,0
2023-01-01 18:24:00,251.39299425644663,19.450560428917022,0
2023-01-01 18:25:00,219.3243436627152,20.25846550164624,0
2023-01-01 18:26:00,345.7502523895822,20.334224027243685,0
2023-01-01 18:27:00,307.23578896259073,20.803649091896503,0
2023-01-01 18:28:00,259.2898522453045,19.71989096160014,0
2023-01-01 18:29:00,350.09607919810463,21.756559414079874,0
2023-01-01 18:30:00,317.71377150214585,20.47954455862966,0
2023-01-01 18:31:00,389.5445050025828,20.862592287595323,0
2023-01-01 18:32:00,332.6044257091344,20.990258220381378,0
2023-01-01 18:33:00,320.5319206991598,20.57663899405122,0
2023-01-01 18:34:00,234.78001098910946,21.070210487988188,0
2023-01-01 18:35:00,309.7629533704552,18.593162490427204,0
2023-01-01 18:36:00,319.1658357652009,20.254782633995163,0
2023-01-01 18:37:00,263.4833743880191,20.32670341862182,0
2023-01-01 18:38:00,356.4712813227888,18.644380329177366,0
2023-01-01 18:39:00,364.86461220586983,19.87678213432739,0
2023-01-01 18:40:00,320.806370808937,18.96559830914371,0
2023-01-01 18:41:00,268.0947382751982,21.400534046660947,0
2023-01-01 18:42:00,337.29772980550337,21.457777936188172,0
2023-01-01 18:43:00,296.64172852239017,21.644402563989903,0
2023-01-01 18:44:00,314.85638548369036,18.89457297443446,0
2023-01-01 18:45:00,360.13873507602125,19.8690611002776,0
2023-01-01 18:46:00,240.23539776009915,20.560067732276135,0
2023-01-01 18:47:00,349.64716068272844,22.05470698492133,0
2023-01-01 18:48:00,276.3269641585636,19.839718189819646,0
2023-01-01 18:49:00,361.4946055099323,19.489240193662194,0
2023-01-01 18:50:00,266.05243009954347,18.979115049652076,0
2023-01-01 18:51:00,239.21234178286568,20.049617089543855,0
2023-01-01 18:52:00,432.9235589804079,22.144744284733882,0
2023-01-01 18:53:00,376.45390540062294,19.055932713023935,0
2023-01-01 18:54:00,243.58647195275563,19.70862730606883,0
2023-01-01 18:55:00,313.0654955755838,18.897270553301517,0
2023-01-01 18:56:00,235.99182035796966,20.98371333568536,0
2023-01-01 18:57:00,285.7491721947723,18.530194972627996,0
2023-01-01 18:58:00,317.646426985103,20.358489136703806,0
2023-01-01 18:59:00,307.62216639108516,19.247421065498017,0
2023-01-01 19:00:00,301.8782524890987,17.74397711173441,0
2023-01-01 19:01:00,386.9151230213616,18.670295913908305,0
2023-01-01 19:02:00,348.2386521845274,21.061252167782584,0
2023-01-01 19:03:00,348.2601008858253,21.18262844675224,0
2023-01-01 19:04:00,292.5528698504226,18.86019604285981,0
2023-01-01 19:05:00,287.8877135508871,18.99706661071194,0
2023-01-01 19:06:00,329.36372048761444,20.53813698269507,0
2023-01-01 19:07:00,325.1728264550086,18.47408938773301,0
2023-01-01 19:08:00,401.1541444806935,20.25204412068308,0
2023-01-01 19:09:00,457.9564785270078,17.810300593801067,0
2023-01-01 19:10:00,281.3330462262782,20.01377889617456,0
2023-01-01 19:11:00,383.6509714073684,21.930715985395615,0
2023-01-01 19:12:00,276.5392760517866,18.534590099937077,0
2023-01-01 19:13:00,264.699679287021,20.621141401867092,0
2023-01-01 19:14:00,286.80333978498373,20.50363651934758,0
2023-01-01 19:15:00,264.6955577736773,20.978587762873467,0
2023-01-01 19:16:00,302.94659332482786,19.671174164273697,0
2023-01-01 19:17:00,300.5033865168788,19.315964851513147,0
2023-01-01 19:18:00,275.7950370541744,20.595662112199427,0
2023-01-01 19:19:00,270.01671665755975,21.225986387378665,0
2023-01-01 19:20:00,317.1179652674853,20.596507909965382,0
2023-01-01 19:21:00,288.2684505999308,20.01490448688633,0
2023-01-01 19:22:00,321.7232539822188,19.20295282204506,0
2023-01-01 19:23:00,245.4960861848444,19.874140997732397,0
2023-01-01 19:24:00,328.5990222969226,19.283069132636626,0
2023-01-01 19:25:00,313.1463437778753,21.238473091596745,0
2023-01-01 19:26:00,298.937773556816,19.066770865609193,0
2023-01-01 19:27:00,327.4569400397846,20.390476865899196,0
2023-01-01 19:28:00,287.58405067149124,19.957134634039544,0
2023-01-01 19:29:00,345.5708265310954,21.83694359706577,0
2023-01-01 19:30:00,319.46235545005374,18.262419082620838,0
2023-01-01 19:31:00,345.6269459813616,19.122090079600365,0
2023-01-01 19:32:00,302.1521408996926,20.251696926751915,0
2023-01-01 19:33:00,330.8070854353548,19.634750996671873,0
2023-01-01 19:34:00,273.0621605880012,18.272858348661764,0
2023-01-01 19:35:00,254.43911346232858,19.81291248084031,0
2023-01-01 19:36:00,369.4316260334524,18.950759623922373,0
2023-01-01 19:37:00,322.0046759864963,20.23270714026109,0
2023-01-01 19:38:00,382.91934251541636,20.80426224540361,0
2023-01-01 19:39:00,271.9279371999447,19.665424085270683,0
2023-01-01 19:40:00,298.72997619121037,20.11062954812479,0
2023-01-01 19:41:00,274.8136167374984,21.092971781148652,0
2023-01-01 19:42:00,299.4411977920753,18.96364934039059,0
2023-01-01 19:43:00,291.5316165027947,19.8376178515871,0
2023-01-01 19:44:00,282.72714683938204,20.18987466875338,0
2023-01-01 19:45:00,318.0442159735464,20.720111874816112,0
2023-01-01 19:46:00,332.0424594733404,21.10224433348622,0
2023-01-01 19:47:00,250.19754126617212,20.85794008350778,0
2023-01-01 19:48:00,351.2750633675381,19.20382423378794,0
2023-01-01 19:49:00,353.94884902781945,18.6696258384278,0
2023-01-01 19:50:00,319.999256017762,19.38068717087767,0
2023-01-01 19:51:00,256.7215293145949,21.66876789821957,0
2023-01-01 19:52:00,366.95065090691793,20.562243481900282,0
2023-01-01 19:53:00,332.183688912574,18.148049260337075,0
2023-01-01 19:54:00,279.3762368241964,18.081692954898696,0
2023-01-01 19:55:00,241.5812983130296,20.39660371925151,0
2023-01-01 19:56:00,391.76696091381706,20.2698340579716,0
2023-01-01 19:57:00,346.6332911821346,19.71819798125842,0
2023-01-01 19:58:00,326.6428680690284,19.776933320263367,0
2023-01-01 19:59:00,196.7699324466982,20.26650187966033,0
2023-01-01 20:00:00,735.1791835715665,20.764944091160476,0
2023-01-01 20:01:00,292.2061600306496,18.865721391772723,0
2023-01-01 20:02:00,208.29832096300797,21.45173309247585,0
2023-01-01 20:03:00,438.87078811275785,20.425104352232477,0
2023-01-01 20:04:00,344.8930892071327,18.31880493382495,0
2023-01-01 20:05:00,379.5233231622374,20.0908152824841,0
2023-01-01 20:06:00,377.982578780492,18.515015407971358,0
2023-01-01 20:07:00,259.2839551694317,19.29381590246478,0
2023-01-01 20:08:00,385.0774803193837,19.04199395609247,0
2023-01-01 20:09:00,328.35371281277776,19.148026017091258,0
2023-01-01 20:10:00,306.89325692558623,18.766066575201297,0
2023-01-01 20:11:00,412.3481955981144,18.654117678216608,0
2023-01-01 20:12:00,367.4785647210458,19.25696221051368,0
2023-01-01 20:13:00,316.6523552726286,18.847769676826097,0
2023-01-01 20:14:00,356.8731924106222,20.395964757838012,0
2023-01-01 20:15:00,442.0041841518302,19.072654026864207,0
2023-01-01 20:16:00,353.5183242016181,20.247528220137674,0
2023-01-01 20:17:00,401.3504962376262,20.128053791255226,0
2023-01-01 20:18:00,337.5262668436091,19.177288989459438,0
2023-01-01 20:19:00,350.61404590511836,19.24552807965126,0
2023-01-01 20:20:00,333.2373993525465,18.366136205984184,0
2023-01-01 20:21:00,322.10067641558186,19.12968410854514,0
2023-01-01 20:22:00,317.1963255736967,20.881912807241076,0
2023-01-01 20:23:00,319.42091479787683,19.236310859014075,0
2023-01-01 20:24:00,381.24280193871357,19.57992007706978,0
2023-01-01 20:25:00,381.12387972682654,21.337007812180975,0
2023-01-01 20:26:00,290.38630583379074,21.46132643458622,0
2023-01-01 20:27:00,373.5753935912621,19.823220371232647,0
2023-01-01 20:28:00,283.8903661977993,19.140395599147347,0
2023-01-01 20:29:00,329.956722328143,18.446365030408483,0
2023-01-01 20:30:00,354.64759623342525,20.133947672451082,0
2023-01-01 20:31:00,276.30765779137613,20.819274186855832,0
2023-01-01 20:32:00,296.5706966333232,19.70109804075636,0
2023-01-01 20:33:00,341.1993843277812,20.898185945118904,0
2023-01-01 20:34:00,404.14715488604486,20.28682480548903,0
2023-01-01 20:35:00,336.84745005626183,18.776500480473153,0
2023-01-01 20:36:00,305.441651233661,20.609664708189147,0
2023-01-01 20:37:00,367.9219689125216,19.409253169565194,0
2023-01-01 20:38:00,204.43263055804204,20.301483539846263,0
2023-01-01 20:39:00,374.4467575002934,19.30163709842253,0
2023-01-01 20:40:00,450.2570563046903,18.983516086450813,0
2023-01-01 20:41:00,394.138702019087,19.349260567422302,0
2023-01-01 20:42:00,335.5163288055568,22.26691451472624,0
2023-01-01 20:43:00,346.73130536577133,18.375997048671803,0
2023-01-01 20:44:00,419.06422953492057,18.743030467633947,0
2023-01-01 20:45:00,427.6413630952524,19.29204288350742,0
2023-01-01 20:46:00,357.05190541842654,20.748243482320635,0
2023-01-01 20:47:00,360.3578967344882,19.73552584416676,0
2023-01-01 20:48:00,328.0371529795087,18.872541432944402,0
2023-01-01 20:49:00,405.2091508673188,18.386203738408216,0
2023-01-01 20:50:00,377.9940357978338,17.123101263052394,0
2023-01-01 20:51:00,311.4073225212273,18.82276542785217,0
2023-01-01 20:52:00,335.6811435482679,19.51589052503676,0
2023-01-01 20:53:00,282.2130711510424,20.900338814289643,0
2023-01-01 20:54:00,286.9017556536578,21.905317194613936,0
2023-01-01 20:55:00,302.16974751165253,19.096357307852752,0
2023-01-01 20:56:00,336.1001065352248,18.751355933076002,0
2023-01-01 20:57:00,436.7951653461054,20.100085750946413,0
2023-01-01 20:58:00,368.8232485505528,21.289543354615738,0
2023-01-01 20:59:00,419.8967783261298,18.429969760734775,0
2023-01-01 21:00:00,255.93260286600741,20.30360367619598,0
2023-01-01 21:01:00,433.8731571671778,18.597651632589784,0
2023-01-01 21:02:00,314.7570299912071,20.922123235020702,0
2023-01-01 21:03:00,426.39593670933425,17.940008909553814,0
2023-01-01 21:04:00,374.39331739854003,21.671866389046066,0
2023-01-01 21:05:00,399.0423203775339,20.918924867237642,0
2023-01-01 21:06:00,430.06722348846756,21.471352349449088,0
2023-01-01 21:07:00,346.3680917333903,19.196507078354642,0
2023-01-01 21:08:00,406.117220910006,18.039763996293434,0
2023-01-01 21:09:00,419.502427222425,18.72248660279576,0
2023-01-01 21:10:00,362.13207413744914,18.27773174727122,0
2023-01-01 21:11:00,302.9975423818045,20.794033487191413,0
2023-01-01 21:12:00,358.89453626969146,19.20249220937149,0
2023-01-01 21:13:00,354.3476504058646,18.91693056783272,0
2023-01-01 21:14:00,427.50177288309163,18.93790668432217,0
2023-01-01 21:15:00,372.86955988476313,19.278460870536968,0
2023-01-01 21:16:00,344.82575079940574,20.982161470865005,0
2023-01-01 21:17:00,307.2621718776012,19.218763984374363,0
2023-01-01 21:18:00,392.6184638455566,18.14038661202122,0
2023-01-01 21:19:00,338.1440269803222,21.28483270649877,0
2023-01-01 21:20:00,389.2316748367175,21.576619171637006,0
2023-01-01 21:21:00,418.5028218251982,20.126037280617556,0
2023-01-01 21:22:00,414.21305886019593,19.45846842051853,0
2023-01-01 21:23:00,370.0066329562896,20.017276845001586,0
2023-01-01 21:24:00,343.42750000021454,18.145036756345224,0
2023-01-01 21:25:00,387.0380595439502,18.77661535965697,0
2023-01-01 21:26:00,365.3740337756075,19.847981672814456,0
2023-01-01 21:27:00,365.96880797332165,20.584292979720054,0
2023-01-01 21:28:00,394.6408700396097,17.84453008786901,0
2023-01-01 21:29:00,353.5660027977804,19.67678255450129,0
2023-01-01 21:30:00,364.4436065738869,19.794766762003675,0
2023-01-01 21:31:00,353.86385697119135,19.591857791355064,0
2023-01-01 21:32:00,405.1964779856023,21.060400877972402,0
2023-01-01 21:33:00,383.51454118216265,19.043204877147158,0
2023-01-01 21:34:00,403.1746212050344,21.455996512347454,0
2023-01-01 21:35:00,386.0895711456376,18.8556961156303,0
2023-01-01 21:36:00,361.08723644126036,20.06877615094531,0
2023-01-01 21:37:00,363.92180377119234,22.08074512356244,0
2023-01-01 21:38:00,418.14810828326944,20.421087306396096,0
2023-01-01 21:39:00,340.5409423773094,20.007226361775917,0
2023-01-01 21:40:00,887.4297330050013,19.26122522024624,0
2023-01-01 21:41:00,385.2434070687912,19.433921730900025,0
2023-01-01 21:42:00,410.9677464213226,19.357529631160393,0
2023-01-01 21:43:00,338.8702501521627,20.077304859648592,0
2023-01-01 21:44:00,350.9883248486851,21.95898988244767,0
2023-01-01 21:45:00,526.0417684778962,19.101604718466426,0
2023-01-01 21:46:00,352.81775294221137,19.795473914173627,0
2023-01-01 21:47:00,442.2811987419673,21.780507121405844,0
2023-01-01 21:48:00,355.0771835737139,20.395386500450808,0
2023-01-01 21:49:00,365.5524270522198,19.38343725920504,0
2023-01-01 21:50:00,428.0952613455418,20.951040220336996,0
2023-01-01 21:51:00,459.50020243533334,19.363795346852214,0
2023-01-01 21:52:00,401.5831326698228,19.97239450260141,0
2023-01-01 21:53:00,281.8569624558593,21.145628358614577,0
2023-01-01 21:54:00,414.0722485247577,20.322374060375186,0
2023-01-01 21:55:00,400.72648531141766,19.565129616674362,0
2023-01-01 21:56:00,352.0553900301646,19.621079200334606,0
2023-01-01 21:57:00,444.34073340066277,19.72214300613051,0
2023-01-01 21:58:00,360.81057642128513,20.20841461415746,0
2023-01-01 21:59:00,511.2708643916991,17.50480163451951,0
2023-01-01 22:00:00,361.83736927051103,18.83724824778304,0
2023-01-01 22:01:00,393.4050803535092,18.909087001198035,0
2023-01-01 22:02:00,304.02680263061035,18.578379035641543,0
2023-01-01 22:03:00,463.12270957886125,18.98302099590551,0
2023-01-01 22:04:00,411.18141298880795,20.016585001852345,0
2023-01-01 22:05:00,406.24949679207924,18.57602429616961,0
2023-01-01 22:06:00,314.7074004703821,19.87586550714823,0
2023-01-01 22:07:00,347.3175777128946,18.071050160884486,0
2023-01-01 22:08:00,420.7928777652348,19.600115743509814,0
2023-01-01 22:09:00,395.49887018370924,21.391814550081087,0
2023-01-01 22:10:00,393.51765332148295,18.129140967942476,0
2023-01-01 22:11:00,409.17351982447457,21.56694235412979,0
2023-01-01 22:12:00,366.26636047497766,18.493991901456393,0
2023-01-01 22:13:00,390.25828918643657,18.71749060260301,0
2023-01-01 22:14:00,383.1896966677499,20.9317685250078,0
2023-01-01 22:15:00,413.16209813543975,19.617386265922143,0
2023-01-01 22:16:00,412.8004119528225,19.128308001505786,0
2023-01-01 22:17:00,357.24857046189146,19.327946998349855,0
2023-01-01 22:18:00,468.62979015048296,19.187792873237743,0
2023-01-01 22:19:00,465.9515037849094,20.251390500048267,0
2023-01-01 22:20:00,421.2582741703961,19.663676618273687,0
2023-01-01 22:21:00,431.22484690230505,18.397504601559838,0
2023-01-01 22:22:00,302.88206612890895,17.457265442584674,0
2023-01-01 22:23:00,412.0256307053476,18.493064307340877,0
2023-01-01 22:24:00,378.4923791088964,20.301358012441487,0
2023-01-01 22:25:00,508.7730067364987,18.824193868230584,0
2023-01-01 22:26:00,280.32310258304636,20.223037440591362,0
2023-01-01 22:27:00,524.4849918828672,21.319454995242545,0
2023-01-01 22:28:00,431.36149749403256,19.218525009259757,0
2023-01-01 22:29:00,416.2995934099002,21.358229974642434,0
2023-01-01 22:30:00,474.6101265168195,21.786026540777236,0
2023-01-01 22:31:00,429.2788615128619,18.88677143750504,0
2023-01-01 22:32:00,367.2148638655714,20.028574619807067,0
2023-01-01 22:33:00,491.20601601704413,19.744337048387624,0
2023-01-01 22:34:00,425.06078038157966,19.10773319025393,0
2023-01-01 22:35:00,515.4878782869979,19.558327553056643,0
2023-01-01 22:36:00,423.5254572468498,20.866925915225604,0
2023-01-01 22:37:00,393.5506328226273,20.918629582665645,0
2023-01-01 22:38:00,389.66250895398196,20.032683429895595,0
2023-01-01 22:39:00,459.42900067039415,18.59870425357723,0
2023-01-01 22:40:00,456.94679400180985,19.123430457609878,0
2023-01-01 22:41:00,441.09500707387633,19.969181742814563,0
2023-01-01 22:42:00,360.1524999488232,20.604484275047273,0
2023-01-01 22:43:00,505.2283247182074,19.15038246815087,0
2023-01-01 22:44:00,548.5223416697382,18.804780057900214,0
2023-01-01 22:45:00,452.18348335370496,20.12778176092295,0
2023-01-01 22:46:00,463.1943851424973,20.802105687966176,0
2023-01-01 22:47:00,393.2988383771302,20.165626265103768,0
2023-01-01 22:48:00,412.96797994281786,19.023890338288258,0
2023-01-01 22:49:00,491.0129033868898,21.98963933484954,0
2023-01-01 22:50:00,415.18997812138133,20.370071802345713,0
2023-01-01 22:51:00,528.2713644269307,20.12543932746232,0
2023-01-01 22:52:00,445.52577723802244,20.28823893365605,0
2023-01-01 22:53:00,561.2175822015478,19.859102347424674,0
2023-01-01 22:54:00,441.7125566727095,20.578946866964102,0
2023-01-01 22:55:00,489.0746196476265,19.2736403118434,0
2023-01-01 22:56:00,434.1185013519796,20.512469631826935,0
2023-01-01 22:57:00,417.3023469467777,20.72436668274973,0
2023-01-01 22:58:00,371.65987195440044,19.078281917710225,0
2023-01-01 22:59:00,450.54668600292797,18.62739033577071,0
2023-01-01 23:00:00,529.8482050830884,20.3581783373997,0
2023-01-01 23:01:00,444.4873482899531,18.085206205397295,0
2023-01-01 23:02:00,460.0422378619084,18.7916687546393,0
2023-01-01 23:03:00,501.72732066304934,19.111317599992095,0
2023-01-01 23:04:00,516.2117906589272,20.021757201656406,0
2023-01-01 23:05:00,463.0305680690039,19.306417826466774,0
2023-01-01 23:06:00,437.1096132373405,18.983279551553483,0
2023-01-01 23:07:00,490.5082555844602,19.249190832249614,0
2023-01-01 23:08:00,447.61974215991364,20.029376766440002,0
2023-01-01 23:09:00,475.72512087342136,17.446683339768995,0
2023-01-01 23:10:00,452.1548710451599,19.50531346508378,0
2023-01-01 23:11:00,436.23833049259713,19.460635819788777,0
2023-01-01 23:12:00,407.3229787668955,20.744681025209378,0
2023-01-01 23:13:00,441.3508010970377,20.85168959299315,0
2023-01-01 23:14:00,512.4387519102532,19.759002783688484,0
2023-01-01 23:15:00,490.9514435784924,22.11253704818144,0
2023-01-01 23:16:00,485.7853363783914,17.983149976889184,0
2023-01-01 23:17:00,426.2175090349475,20.776516449096185,0
2023-01-01 23:18:00,525.401759414322,20.747336882379972,0
2023-01-01 23:19:00,434.9325749467006,17.91022923818068,0
2023-01-01 23:20:00,1057.8493282842337,19.43074021997492,0
2023-01-01 23:21:00,419.07994848737644,18.934822101918595,0
2023-01-01 23:22:00,403.390783798337,20.26707678179035,0
2023-01-01 23:23:00,460.55206343260085,19.962396125408233,0
2023-01-01 23:24:00,478.2517331106767,19.79118886624176,0
2023-01-01 23:25:00,402.96911018247977,19.71484638626098,0
2023-01-01 23:26:00,524.1983158371954,19.253409363198468,0
2023-01-01 23:27:00,531.8101540567584,19.010121805451302,0
2023-01-01 23:28:00,444.35750926212404,19.54702568776212,0
2023-01-01 23:29:00,459.3005357234427,19.386143016544306,0
2023-01-01 23:30:00,467.89489483176845,21.960290367292963,0
2023-01-01 23:31:00,499.03192533644466,19.706427479198815,0
2023-01-01 23:32:00,394.37828976019557,19.997117306389807,0
2023-01-01 23:33:00,537.3968086300015,20.746842515720484,0
2023-01-01 23:34:00,502.63287957497397,20.91148699048305,0
2023-01-01 23:35:00,522.0776347164712,19.253368848949656,0
2023-01-01 23:36:00,490.99942551846436,20.7841382921683,0
2023-01-01 23:37:00,515.8024676312065,18.705803371235916,0
2023-01-01 23:38:00,472.5504095093903,18.348411821430275,0
2023-01-01 23:39:00,509.0323863488147,20.068064990442636,0
2023-01-01 23:40:00,425.61213856766375,19.063112695658376,0
2023-01-01 23:41:00,514.2342852389224,18.819570889900678,0
2023-01-01 23:42:00,473.81008770753886,18.783741304978488,0
2023-01-01 23:43:00,493.93799461187814,19.22811607439473,0
2023-01-01 23:44:00,457.39468945880776,18.848264807524405,0
2023-01-01 23:45:00,396.40582600838434,19.584536939938214,0
2023-01-01 23:46:00,456.68319029223886,18.183977548067986,0
2023-01-01 23:47:00,532.1444789068394,20.391482790907336,0
2023-01-01 23:48:00,493.8968195379516,18.80212126527382,0
2023-01-01 23:49:00,476.407940377821,20.75323744290804,0
2023-01-01 23:50:00,490.3935157302218,19.818841859646465,0
2023-01-01 23:51:00,514.6207789656049,19.278075807847383,0
2023-01-01 23:52:00,521.8114112833,19.656565020159025,0
2023-01-01 23:53:00,530.6369982988772,19.608444489315083,0
2023-01-01 23:54:00,450.3146911552802,17.42787286165619,0
2023-01-01 23:55:00,500.9411567773618,17.987057770731,0
2023-01-01 23:56:00,579.3601112591066,19.929478655114625,0
2023-01-01 23:57:00,543.1881240150904,19.267259115105862,0
2023-01-01 23:58:00,615.4438037698793,19.864186966802755,0
2023-01-01 23:59:00,572.8508040659052,18.82401940424896,0
2023-01-02 00:00:00,497.71575397651674,19.40419812844283,0
2023-01-02 00:01:00,473.3627613530624,18.21965640234527,0
2023-01-02 00:02:00,519.6542520871938,18.708694622222914,0
2023-01-02 00:03:00,573.3706587538708,18.655436192002423,0
2023-01-02 00:04:00,528.7141092472734,22.90551651375958,0
2023-01-02 00:05:00,503.45496522595516,19.58403165827604,0
2023-01-02 00:06:00,476.6652532317586,19.523095511465154,0
2023-01-02 00:07:00,547.3203020994338,21.23755845354865,0
2023-01-02 00:08:00,554.1327795669429,18.053751613199594,0
2023-01-02 00:09:00,480.26755767696034,17.97312976010218,0
2023-01-02 00:10:00,509.8599128005605,20.660845427603668,0
2023-01-02 00:11:00,521.6597356871189,19.406638614346406,0
2023-01-02 00:12:00,464.802530282851,19.966602820395753,0
2023-01-02 00:13:00,429.43621185069475,19.007052009136785,0
2023-01-02 00:14:00,613.1024212729054,18.7219220993479,0
2023-01-02 00:15:00,446.965519490072,20.102339348189872,0
2023-01-02 00:16:00,499.8907871918599,18.20395358197279,0
2023-01-02 00:17:00,513.4136932534634,19.95008806240236,0
2023-01-02 00:18:00,482.4472249234643,22.571891539698857,0
2023-01-02 00:19:00,570.7986757838534,21.003808237620976,0
2023-01-02 00:20:00,487.41488442156674,18.45288422871908,0
2023-01-02 00:21:00,519.3047451735806,19.832983255161047,0
2023-01-02 00:22:00,483.1011533621727,19.687991817628948,0
2023-01-02 00:23:00,679.1004156789124,18.07464506442139,0
2023-01-02 00:24:00,397.5258760661573,19.987822691258778,0
2023-01-02 00:25:00,459.2147768889355,17.468012072427236,0
2023-01-02 00:26:00,586.4213243757762,17.42968330828934,0
2023-01-02 00:27:00,561.0119003001738,19.786762031915465,0
2023-01-02 00:28:00,579.3385062772121,19.24577338066603,0
2023-01-02 00:29:00,426.3506287339238,20.019496453985735,0
2023-01-02 00:30:00,491.89675979495973,18.02605007670898,0
2023-01-02 00:31:00,596.8620917730877,18.85248583444666,0
2023-01-02 00:32:00,517.811950724067,19.19209000659645,0
2023-01-02 00:33:00,448.0296862271054,19.661996845442744,0
2023-01-02 00:34:00,517.7510628603358,19.284123853004008,0
2023-01-02 00:35:00,487.83474796643344,17.71336030076803,0
2023-01-02 00:36:00,461.5641966931838,19.169617129046475,0
2023-01-02 00:37:00,425.78545166981405,18.64330387232875,0
2023-01-02 00:38:00,551.9998810637146,19.24234095675461,0
2023-01-02 00:39:00,599.4422281535426,20.480904341707852,0
2023-01-02 00:40:00,606.9495661296643,18.502912369064916,0
2023-01-02 00:41:00,559.9723967669825,18.33282207343759,0
2023-01-02 00:42:00,522.3070113638827,17.939745106456975,0
2023-01-02 00:43:00,509.70513068230537,19.10267371223818,0
2023-01-02 00:44:00,498.4492717979062,19.329590097280104,0
2023-01-02 00:45:00,445.1112378307492,19.86687329088152,0
2023-01-02 00:46:00,540.7310767446954,18.965453648522022,0
2023-01-02 00:47:00,475.5818037930762,18.675980830108692,0
2023-01-02 00:48:00,602.156427113489,19.205023307538582,0
2023-01-02 00:49:00,544.9322270605295,19.602990964099217,0
2023-01-02 00:50:00,546.7993118602457,17.154947858408214,0
2023-01-02 00:51:00,487.91196574505443,18.31933498659897,0
2023-01-02 00:52:00,527.6036872737936,20.033521764629104,0
2023-01-02 00:53:00,664.8748577386258,20.095451213890478,0
2023-01-02 00:54:00,563.545856094795,20.947810095594573,0
2023-01-02 00:55:00,520.3493403482939,18.44715088896252,0
2023-01-02 00:56:00,496.41229589775924,18.26936537069078,0
2023-01-02 00:57:00,621.4863217927847,19.94732904392331,0
2023-01-02 00:58:00,539.4736880441073,17.979335304051713,0
2023-01-02 00:59:00,493.3911228260914,18.411696388879307,0
2023-01-02 01:00:00,1128.8720032437645,20.286607061775452,0
2023-01-02 01:01:00,518.1798759956561,19.52887254051913,0
2023-01-02 01:02:00,601.4831318407574,19.687980034775382,0
2023-01-02 01:03:00,527.116883830605,19.849034041623142,0
2023-01-02 01:04:00,596.6472077759829,19.047842483234383,0
2023-01-02 01:05:00,494.28459999248474,20.086040129927447,0
2023-01-02 01:06:00,583.4247341545947,19.04308209582452,0
2023-01-02 01:07:00,631.244938427842,18.46649283055987,0
2023-01-02 01:08:00,579.8938459723611,19.29731871465009,0
2023-01-02 01:09:00,525.5295226878299,19.07902448659116,0
2023-01-02 01:10:00,588.7726916932788,19.798453127949063,0
2023-01-02 01:11:00,619.8635913713766,19.596581893269015,0
2023-01-02 01:12:00,567.4475856571014,22.42548573246563,0
2023-01-02 01:13:00,688.2788022130709,19.11392203590982,0
2023-01-02 01:14:00,622.6866839295117,19.121433499072456,0
2023-01-02 01:15:00,574.1169609840224,21.021590520405276,0
2023-01-02 01:16:00,588.4180792253363,18.909657510874673,0
2023-01-02 01:17:00,519.2866451031668,18.830605722245107,0
2023-01-02 01:18:00,585.88295427802,19.14078580514568,0
2023-01-02 01:19:00,552.3660090724682,18.11684462341897,0
2023-01-02 01:20:00,586.3630510587393,20.0350688866768,0
2023-01-02 01:21:00,629.5768721260492,20.190223313082367,0
2023-01-02 01:22:00,477.04646717023246,17.8328869683217,0
2023-01-02 01:23:00,551.4115390906677,18.39522282353454,0
2023-01-02 01:24:00,609.0214558549142,17.822100366061324,0
2023-01-02 01:25:00,594.3848137035034,19.47655048475047,0
2023-01-02 01:26:00,609.3861928204855,18.98510002623521,0
2023-01-02 01:27:00,585.245377596219,19.318304911643008,0
2023-01-02 01:28:00,547.5381541431146,18.07287993854043,0
2023-01-02 01:29:00,579.5478727667938,19.865036731927532,0
2023-01-02 01:30:00,603.9787396355299,19.547739180956217,0
2023-01-02 01:31:00,525.311791085008,17.186162788894052,0
2023-01-02 01:32:00,577.2016534287126,17.605713269176018,0
2023-01-02 01:33:00,594.045573981482,19.281876450447513,0
2023-01-02 01:34:00,546.8276979404044,19.094543336690762,0
2023-01-02 01:35:00,480.57709659182115,18.679574670598804,0
2023-01-02 01:36:00,580.3859703733858,17.484863166650957,0
2023-01-02 01:37:00,599.5451051358255,19.044874946169628,0
2023-01-02 01:38:00,436.8131375491028,19.271030136218677,0
2023-01-02 01:39:00,715.7469330000265,18.70876058564683,0
2023-01-02 01:40:00,556.6504318800859,17.327129953212694,0
2023-01-02 01:41:00,650.4290799419781,16.80651383762069,0
2023-01-02 01:42:00,568.6630136550707,18.678193637660506,0
2023-01-02 01:43:00,544.3536654427609,18.541045697979893,0
2023-01-02 01:44:00,498.5073678759196,18.4833894270811,0
2023-01-02 01:45:00,589.7400060286035,18.933893611836776,0
2023-01-02 01:46:00,594.7747966723289,18.4667308381158,0
2023-01-02 01:47:00,535.6591401208143,20.879239537006573,0
2023-01-02 01:48:00,548.085123954842,19.833752443642904,0
2023-01-02 01:49:00,628.4330574417809,18.16756126223713,0
2023-01-02 01:50:00,590.979005530965,18.44077341652487,0
2023-01-02 01:51:00,615.8141965274228,19.173557351137585,0
2023-01-02 01:52:00,591.7865806215816,17.439075060405813,0
2023-01-02 01:53:00,630.3098434160768,17.45556636928833,0
2023-01-02 01:54:00,552.133132036609,18.752381583578813,0
2023-01-02 01:55:00,640.9245926050583,19.31779735333638,0
2023-01-02 01:56:00,541.6249937450038,18.698912112720777,0
2023-01-02 01:57:00,653.7654433983415,19.301391642275938,0
2023-01-02 01:58:00,670.0117879813457,15.084176909406402,0
2023-01-02 01:59:00,669.6980451165849,18.626545282607385,0
2023-01-02 02:00:00,666.3404069873344,19.99507633185752,0
2023-01-02 02:01:00,570.3664477232976,19.377166027080843,0
2023-01-02 02:02:00,595.1620062167801,17.960152914229816,0
2023-01-02 02:03:00,577.7456021036356,19.53250526429856,0
2023-01-02 02:04:00,641.8515834372055,20.274282110477408,0
2023-01-02 02:05:00,607.8893113822246,18.976252819359377,0
2023-01-02 02:06:00,653.6910501241032,19.577699233026355,0
2023-01-02 02:07:00,577.8194830852437,19.945285519967708,0
2023-01-02 02:08:00,669.1138997024688,16.73664414388124,0
2023-01-02 02:09:00,592.4963833947965,16.612357082256537,0
2023-01-02 02:10:00,582.9446815960171,21.315558280089817,0
2023-01-02 02:11:00,601.8884923087774,16.680799729063892,0
2023-01-02 02:12:00,699.7560581788182,17.44860915192742,0
2023-01-02 02:13:00,707.2988239758834,18.349421156508935,0
2023-01-02 02:14:00,587.2387050183604,19.549903740508427,0
2023-01-02 02:15:00,672.2481769146378,18.917961325374428,0
2023-01-02 02:16:00,675.7018576579967,19.401439823787314,0
2023-01-02 02:17:00,620.3666912399293,18.330649944121767,0
2023-01-02 02:18:00,510.37773439926264,18.83828724152948,0
2023-01-02 02:19:00,538.7033220868454,16.081865612728347,0
2023-01-02 02:20:00,670.6129791678519,17.2009593276238,0
2023-01-02 02:21:00,616.8403449432017,19.363180029438997,0
2023-01-02 02:22:00,679.4722949991632,19.481216768105778,0
2023-01-02 02:23:00,597.8424603602278,20.217628918338896,0
2023-01-02 02:24:00,651.6693281769445,19.244771648665083,0
2023-01-02 02:25:00,633.9514308684642,17.183594376217815,0
2023-01-02 02:26:00,627.9262458651262,16.933651904683575,0
2023-01-02 02:27:00,634.01323567288,20.58715103300944,0
2023-01-02 02:28:00,621.5544321536987,19.577169560743112,0
2023-01-02 02:29:00,585.6158921928705,21.337419829132283,0
2023-01-02 02:30:00,578.7072326521308,19.244122963850153,0
2023-01-02 02:31:00,518.911412054935,18.195965402139926,0
2023-01-02 02:32:00,714.4532985704373,18.281795410243443,0
2023-01-02 02:33:00,548.6612618375702,18.599666616738602,0
2023-01-02 02:34:00,612.8037711019672,19.0379278720401,0
2023-01-02 02:35:00,590.2894633302305,18.623986407754447,0
2023-01-02 02:36:00,519.3175585557974,19.693380398104452,0
2023-01-02 02:37:00,602.5475924021426,19.753915521981824,0
2023-01-02 02:38:00,645.4461707985475,19.622402955589784,0
2023-01-02 02:39:00,654.9705824684788,18.008232119956347,0
2023-01-02 02:40:00,1138.0964426254236,17.513432576652608,0
2023-01-02 02:41:00,678.2387885462801,17.047664693948008,0
2023-01-02 02:42:00,660.33438817709,19.01622511263763,0
2023-01-02 02:43:00,678.9941901828579,17.931931125405228,0
2023-01-02 02:44:00,632.240617587155,19.33317397524555,0
2023-01-02 02:45:00,582.6411285849151,18.455284498090343,0
2023-01-02 02:46:00,591.1053617968677,19.058191765145345,0
2023-01-02 02:47:00,564.9492721179197,20.12819289817734,0
2023-01-02 02:48:00,640.9736051119329,19.573151436677882,0
2023-01-02 02:49:00,613.8726025982785,18.481267477457965,0
2023-01-02 02:50:00,661.7329176553665,17.514837402183634,0
2023-01-02 02:51:00,698.1593098256358,18.350161380057035,0
2023-01-02 02:52:00,607.5607608537634,19.90827338111845,0
2023-01-02 02:53:00,575.2926141972246,16.984309972087846,0
2023-01-02 02:54:00,585.3242977892468,19.056197573113643,0
2023-01-02 02:55:00,528.9801509611241,17.673135521002948,0
2023-01-02 02:56:00,676.3848329379691,18.812098931213622,0
2023-01-02 02:57:00,619.5464870103093,17.959800994229166,0
2023-01-02 02:58:00,644.2564611389141,15.760629244348872,0
2023-01-02 02:59:00,664.543788577106,19.63741083773896,0
2023-01-02 03:00:00,678.9565264803642,17.113211792818692,0
2023-01-02 03:01:00,633.4253834674329,17.8437792114762,0
2023-01-02 03:02:00,586.1386298817791,18.633516175279688,0
2023-01-02 03:03:00,694.3100482153397,19.374074111008035,0
2023-01-02 03:04:00,680.1102374056463,19.201334145820276,0
2023-01-02 03:05:00,642.4870530023634,19.086230745676772,0
2023-01-02 03:06:00,585.4594697348905,18.584402093282883,0
2023-01-02 03:07:00,643.1532568469588,20.164360313311885,0
2023-01-02 03:08:00,571.178743796155,19.504057035187763,0
2023-01-02 03:09:00,538.0022032564987,19.208706437253852,0
2023-01-02 03:10:00,597.7922349844396,18.39742333587816,0
2023-01-02 03:11:00,560.7037852330125,18.531036894615454,0
2023-01-02 03:12:00,634.7970935039137,20.53974895467937,0
2023-01-02 03:13:00,575.453610870389,17.892230847686072,0
2023-01-02 03:14:00,729.120195475344,16.361848445844387,0
2023-01-02 03:15:00,697.8694553298518,18.23148459631317,0
2023-01-02 03:16:00,674.0413313019662,18.32331875220507,0
2023-01-02 03:17:00,667.3680056966073,17.061771767807016,0
2023-01-02 03:18:00,635.7892490737223,16.849077807252087,0
2023-01-02 03:19:00,693.0232320625158,18.839046122384186,0
2023-01-02 03:20:00,693.0661390839598,19.504821776843475,0
2023-01-02 03:21:00,695.9753385848271,17.601320850176016,0
2023-01-02 03:22:00,604.935962200684,17.36703836458318,0
2023-01-02 03:23:00,662.2420552497778,15.397579039453683,0
2023-01-02 03:24:00,631.8291017573556,18.99256738326764,0
2023-01-02 03:25:00,721.2052076558116,16.478065119153822,0
2023-01-02 03:26:00,649.4066381281862,16.62536785971756,0
2023-01-02 03:27:00,618.3620554672815,17.53603568923191,0
2023-01-02 03:28:00,688.1785207623769,17.07572232421842,0
2023-01-02 03:29:00,689.5491752695308,17.79033448436433,0
2023-01-02 03:30:00,627.750189188523,17.911933248152884,0
2023-01-02 03:31:00,735.0358825531619,16.389072276587925,0
2023-01-02 03:32:00,772.5767232824085,19.72119451373343,0
2023-01-02 03:33:00,708.9636322485778,19.850346980967522,0
2023-01-02 03:34:00,664.8163530092852,17.926369115859057,0
2023-01-02 03:35:00,722.2580571430084,20.185771896133105,0
2023-01-02 03:36:00,701.786404133466,17.17863377351988,0
2023-01-02 03:37:00,742.2635215694346,18.283015351192976,0
2023-01-02 03:38:00,691.3375573494434,16.9724063323488,0
2023-01-02 03:39:00,573.1044008880541,18.338854369312518,0
2023-01-02 03:40:00,644.0018578279592,17.772078899413643,0
2023-01-02 03:41:00,649.092077496066,17.884331508333144,0
2023-01-02 03:42:00,726.5020165652337,18.75927053115542,0
2023-01-02 03:43:00,645.8270917269399,18.328807681437272,0
2023-01-02 03:44:00,633.9044327549294,16.994487827326854,0
2023-01-02 03:45:00,652.7926217488969,19.642066386928427,0
2023-01-02 03:46:00,603.6010126741451,16.733309951488927,0
2023-01-02 03:47:00,683.0710104139692,15.698990050730236,0
2023-01-02 03:48:00,651.5171420603797,19.031737379636947,0
2023-01-02 03:49:00,651.5955948492959,19.0028757100828,0
2023-01-02 03:50:00,709.6844915279588,18.592935402526635,0
2023-01-02 03:51:00,724.3104722238825,16.14411277744748,0
2023-01-02 03:52:00,713.9957153608972,18.15753083520247,0
2023-01-02 03:53:00,559.3391959404267,18.51620661953044,0
2023-01-02 03:54:00,612.6525928741439,19.25450318473739,0
2023-01-02 03:55:00,760.45244573654,17.9955284587109,0
2023-01-02 03:56:00,714.2434921494535,20.204748539300123,0
2023-01-02 03:57:00,605.8027588693697,19.40738542108579,0
2023-01-02 03:58:00,832.4127320641775,19.12830236415197,0
2023-01-02 03:59:00,695.2013425878524,18.51614783955368,0
2023-01-02 04:00:00,688.5347632043383,17.861803683651328,0
2023-01-02 04:01:00,708.0740198067714,17.744748905524453,0
2023-01-02 04:02:00,761.4500726472428,19.492909989713592,0
2023-01-02 04:03:00,662.933918885708,19.268325705951593,0
2023-01-02 04:04:00,668.6816971522934,18.50609874236607,0
2023-01-02 04:05:00,638.0730668685233,19.796983158395285,0
2023-01-02 04:06:00,640.1759509301664,18.82583574435777,0
2023-01-02 04:07:00,645.5918848160812,18.076498719256566,0
2023-01-02 04:08:00,636.1013118513142,18.00514231263256,0
2023-01-02 04:09:00,708.3232405372908,17.821301619639453,0
2023-01-02 04:10:00,685.1249297324276,19.212847469338744,0
2023-01-02 04:11:00,626.0811864962722,18.289011085429383,0
2023-01-02 04:12:00,680.4999358071572,15.879281954755669,0
2023-01-02 04:13:00,637.0048689065125,17.285513870809226,0
2023-01-02 04:14:00,719.1281830600009,17.02105764620041,0
2023-01-02 04:15:00,750.0582238203939,17.911546363791675,0
2023-01-02 04:16:00,599.3244723169639,17.246501563472076,0
2023-01-02 04:17:00,615.3294187318971,19.392805184440856,0
2023-01-02 04:18:00,771.0587573522389,19.041383385127652,0
2023-01-02 04:19:00,689.3933606122537,18.093488106102388,0
2023-01-02 04:20:00,1153.3967155794498,18.090975912354356,0
2023-01-02 04:21:00,670.9500892231586,17.189087091902906,0
2023-01-02 04:22:00,605.3688337415434,16.989151136512604,0
2023-01-02 04:23:00,710.6430436301281,19.392135096901374,0
2023-01-02 04:24:00,610.523187120125,16.556629885968793,0
2023-01-02 04:25:00,672.0140194699492,17.959539761141464,0
2023-01-02 04:26:00,671.4845428938921,18.155677547152838,0
2023-01-02 04:27:00,756.6790224097844,19.204635699725234,0
2023-01-02 04:28:00,637.3181110559138,15.94669601895994,0
2023-01-02 04:29:00,632.9765414211174,17.575516782896432,0
2023-01-02 04:30:00,681.2638167063745,17.698527413108394,0
2023-01-02 04:31:00,685.5365818218024,18.175773490825424,0
2023-01-02 04:32:00,660.78215126114,18.012260976337277,0
2023-01-02 04:33:00,680.5140935255695,18.69301207451963,0
2023-01-02 04:34:00,708.071027467031,17.481684122479063,0
2023-01-02 04:35:00,665.2147261806181,17.439964705631578,0
2023-01-02 04:36:00,697.9635249153783,19.304545413454424,0
2023-01-02 04:37:00,699.0722760622242,17.726000301999843,0
2023-01-02 04:38:00,688.7355632476806,19.012307514937483,0
2023-01-02 04:39:00,691.6556665269338,16.687519156442615,0
2023-01-02 04:40:00,704.9423542351474,19.504171874827854,0
2023-01-02 04:41:00,734.157276372938,18.302628784187107,0
2023-01-02 04:42:00,740.1676143628783,19.735286183132096,0
2023-01-02 04:43:00,667.4677880442649,16.457079945933614,0
2023-01-02 04:44:00,588.8204326549354,19.296226321099574,0
2023-01-02 04:45:00,700.5579710166479,17.123723198039634,0
2023-01-02 04:46:00,759.3808353552351,20.017610040738482,0
2023-01-02 04:47:00,735.8733870898346,18.164686049847187,0
2023-01-02 04:48:00,653.2169944673823,16.86517776818747,0
2023-01-02 04:49:00,629.9485532236114,18.786863241245513,0
2023-01-02 04:50:00,701.8431939557398,18.87886323622164,0
2023-01-02 04:51:00,662.3132860052222,16.64638410401379,0
2023-01-02 04:52:00,836.4927989738735,19.11849663889236,0
2023-01-02 04:53:00,760.5899328561205,15.777212377541598,0
2023-01-02 04:54:00,646.1501104507101,19.535261799158597,0
2023-01-02 04:55:00,720.0847810711581,18.368002513273403,0
2023-01-02 04:56:00,720.6071351313176,20.650261991115467,0
2023-01-02 04:57:00,723.146921723838,17.80511357113254,0
2023-01-02 04:58:00,684.4317290084679,18.370337001967073,0
2023-01-02 04:59:00,743.5315641405082,19.403341803533777,0
2023-01-02 05:00:00,691.605292848615,19.18400306369037,0
2023-01-02 05:01:00,684.6888619373497,16.481447918238516,0
2023-01-02 05:02:00,751.9744195064518,17.28198106232447,0
2023-01-02 05:03:00,632.3196121958217,18.30336446610322,0
2023-01-02 05:04:00,764.8865677348335,18.574300190727485,0
2023-01-02 05:05:00,582.975639729511,16.00944146247294,0
2023-01-02 05:06:00,733.0685421642378,19.225031731086503,0
2023-01-02 05:07:00,697.6349775838705,18.992445442079106,0
2023-01-02 05:08:00,594.0409851328043,20.544401808014097,0
2023-01-02 05:09:00,721.5416159395459,17.382333750735732,0
2023-01-02 05:10:00,607.6439163319494,18.173857207703232,0
2023-01-02 05:11:00,720.7431656138463,17.601466095149334,0
2023-01-02 05:12:00,716.6626697161943,17.13377468336344,0
2023-01-02 05:13:00,664.0104022559242,18.134829538055516,0
2023-01-02 05:14:00,634.8720770860239,18.11253290120017,0
2023-01-02 05:15:00,753.1173003009065,18.01461621187685,0
2023-01-02 05:16:00,756.8541080144006,18.084617297452883,0
2023-01-02 05:17:00,646.417070921834,17.387107194590946,0
2023-01-02 05:18:00,714.9622018234459,17.154770579566918,0
2023-01-02 05:19:00,741.3773320278236,18.10796333024691,0
2023-01-02 05:20:00,747.3757391434979,17.797989215079593,0
2023-01-02 05:21:00,672.3890784835512,18.421638581546578,0
2023-01-02 05:22:00,639.9128632087526,20.21827749694245,0
2023-01-02 05:23:00,649.9476054004991,17.263966680665945,0
2023-01-02 05:24:00,688.7541770093476,16.294804397840796,0
2023-01-02 05:25:00,768.9299880361674,17.171535376855644,0
2023-01-02 05:26:00,696.1553414790811,18.137649741552906,0
2023-01-02 05:27:00,718.7842869973707,16.00133434186276,0
2023-01-02 05:28:00,705.7149003674039,18.501067578344717,0
2023-01-02 05:29:00,768.9569719216246,17.64674075118085,0
2023-01-02 05:30:00,702.8120776295573,17.61898283874442,0
2023-01-02 05:31:00,671.7306042889751,17.04934059061639,0
2023-01-02 05:32:00,699.2810049087913,18.151898221927464,0
2023-01-02 05:33:00,776.133506573562,16.594800409380063,0
2023-01-02 05:34:00,773.7229435904267,19.012712462670205,0
2023-01-02 05:35:00,700.955212107067,18.072114586380355,0
2023-01-02 05:36:00,655.6338071246194,18.282070426142752,0
2023-01-02 05:37:00,699.5222596868298,18.340497208176227,0
2023-01-02 05:38:00,731.567902320273,19.001543937184174,0
2023-01-02 05:39:00,771.8011847052329,16.891698192124828,0
2023-01-02 05:40:00,666.6533000320148,18.696317967094068,0
2023-01-02 05:41:00,722.5687687311959,19.475354324014766,0
2023-01-02 05:42:00,673.5104825766557,17.535549621954747,0
2023-01-02 05:43:00,770.5539908540225,16.88703217517156,0
2023-01-02 05:44:00,761.6515849630945,16.574530989358323,0
2023-01-02 05:45:00,696.2009803410405,17.86927520319796,0
2023-01-02 05:46:00,685.6165745753682,18.928822180294283,0
2023-01-02 05:47:00,798.0959195057701,19.655022462397625,0
2023-01-02 05:48:00,734.2825554397451,18.898871105884943,0
2023-01-02 05:49:00,706.8260966545288,18.31438827524313,0
2023-01-02 05:50:00,657.0191441927699,17.727490765204337,0
2023-01-02 05:51:00,751.099217635931,16.48346427085679,0
2023-01-02 05:52:00,768.7114926286627,16.576411497354243,0
2023-01-02 05:53:00,645.7403706939073,16.549496783544388,0
2023-01-02 05:54:00,704.9007302304776,17.079301232124372,0
2023-01-02 05:55:00,614.7720467100601,18.995845796308984,0
2023-01-02 05:56:00,755.3561562614332,18.742805371250064,0
2023-01-02 05:57:00,701.5432596375397,17.69717255368705,0
2023-01-02 05:58:00,639.2820500647961,15.92200559828703,0
2023-01-02 05:59:00,711.1079153424485,16.912622045879335,0
2023-01-02 06:00:00,1236.1750580293528,17.527756277110818,0
2023-01-02 06:01:00,675.1868744041448,17.216902929550397,0
2023-01-02 06:02:00,710.7428394047798,16.797519647005114,0
2023-01-02 06:03:00,576.010111837895,18.46926506776119,0
2023-01-02 06:04:00,710.1584502495539,18.427264573672815,0
2023-01-02 06:05:00,752.5739284272574,17.471972781852422,0
2023-01-02 06:06:00,770.4075751276375,18.795402970794,0
2023-01-02 06:07:00,787.9589776464944,15.852239613372078,0
2023-01-02 06:08:00,635.8872340046238,16.224964410083686,0
2023-01-02 06:09:00,700.3341598212459,16.112621984866404,0
2023-01-02 06:10:00,718.8765799298899,16.597126082543465,0
2023-01-02 06:11:00,708.3578602678796,18.357264417502115,0
2023-01-02 06:12:00,630.7912623325633,17.05416091490134,0
2023-01-02 06:13:00,640.5777441367569,17.392094000733874,0
2023-01-02 06:14:00,744.5344180351459,16.74404534044272,0
2023-01-02 06:15:00,742.1740640455398,17.583601016807982,0
2023-01-02 06:16:00,731.4159341498638,18.473380215537563,0
2023-01-02 06:17:00,660.9954974696673,15.6621523401523,0
2023-01-02 06:18:00,615.5165606970268,16.744698513662783,0
2023-01-02 06:19:00,705.648397528485,18.173040296142805,0
2023-01-02 06:20:00,710.5542563384555,16.705656443512858,0
2023-01-02 06:21:00,613.342146505492,17.597852152942306,0
2023-01-02 06:22:00,710.831930196565,17.314987720497662,0
2023-01-02 06:23:00,752.8173903091017,17.54534540793639,0
2023-01-02 06:24:00,769.0266828535292,17.827389387980908,0
2023-01-02 06:25:00,711.8642818899759,16.117753474221754,0
2023-01-02 06:26:00,797.3054135179567,16.46469786855638,0
2023-01-02 06:27:00,701.6931654444752,17.912610020385817,0
2023-01-02 06:28:00,718.4537328154812,17.603128204420198,0
2023-01-02 06:29:00,730.6627132759877,16.480504255323666,0
2023-01-02 06:30:00,728.7946908944497,17.471520790431413,0
2023-01-02 06:31:00,654.0327942828962,18.33804882650579,0
2023-01-02 06:32:00,699.8443625785355,18.474229112077186,0
2023-01-02 06:33:00,699.4827981695184,18.19522244550328,0
2023-01-02 06:34:00,772.7242477882709,14.699547953483968,0
2023-01-02 06:35:00,700.0081323173381,17.896038209613902,0
2023-01-02 06:36:00,832.6131660345466,17.799048802568976,0
2023-01-02 06:37:00,694.2927179479273,18.556227607818446,0
2023-01-02 06:38:00,698.8670285684182,16.263872227954046,0
2023-01-02 06:39:00,753.044026475521,16.41029087971121,0
2023-01-02 06:40:00,647.646374977944,16.335384391885324,0
2023-01-02 06:41:00,701.0865089475707,14.995450145720925,0
2023-01-02 06:42:00,628.6055270083046,18.525909878957872,0
2023-01-02 06:43:00,731.1937623348576,17.383228864838014,0
2023-01-02 06:44:00,676.0694427612965,17.225848197013324,0
2023-01-02 06:45:00,603.5806577066471,17.343019333785687,0
2023-01-02 06:46:00,721.8163278088937,16.92761506243361,0
2023-01-02 06:47:00,734.4720478772682,17.298558028148427,0
2023-01-02 06:48:00,703.2858339098453,17.40498276960574,0
2023-01-02 06:49:00,773.1351371558333,17.241535301493823,0
2023-01-02 06:50:00,646.962611299267,17.299913943595275,0
2023-01-02 06:51:00,717.7918726777039,15.36000102831614,0
2023-01-02 06:52:00,709.9345028422231,19.099975190018977,0
2023-01-02 06:53:00,697.1517600551546,18.88812159404981,0
2023-01-02 06:54:00,709.2925343785034,17.46767577775992,0
2023-01-02 06:55:00,666.62889960038,15.887738860308176,0
2023-01-02 06:56:00,634.277804989478,18.831518669421907,0
2023-01-02 06:57:00,693.9579186370613,14.862446932308444,0
2023-01-02 06:58:00,663.5104175095563,17.04775782248788,0
2023-01-02 06:59:00,684.3696066286115,16.996401263105824,0
2023-01-02 07:00:00,623.2485113881053,16.651888542270655,0
2023-01-02 07:01:00,640.631734033388,16.53184943673535,0
2023-01-02 07:02:00,735.582935343775,17.17549319897765,0
2023-01-02 07:03:00,650.8116705231292,17.701609384243426,0
2023-01-02 07:04:00,559.2740068677889,17.88613364585139,0
2023-01-02 07:05:00,712.4135368741063,17.695454581023235,0
2023-01-02 07:06:00,783.8773499989787,17.511720496302893,0
2023-01-02 07:07:00,588.826825829934,17.59917354684838,0
2023-01-02 07:08:00,711.3798887853263,16.12201631728019,0
2023-01-02 07:09:00,720.7293243644453,17.322635207405074,0
2023-01-02 07:10:00,732.0016078138622,17.453026115080164,0
2023-01-02 07:11:00,662.5976170646366,17.257158098256834,0
2023-01-02 07:12:00,697.5242306218705,16.54018310182632,0
2023-01-02 07:13:00,577.947859317942,15.367153909592068,0
2023-01-02 07:14:00,684.7340801911366,17.260938193242314,0
2023-01-02 07:15:00,617.2561182064575,15.739057017218343,0
2023-01-02 07:16:00,712.1702107111247,16.90982424775632,0
2023-01-02 07:17:00,627.8391514632077,18.950367471986237,0
2023-01-02 07:18:00,620.8206329773489,18.183922958699927,0
2023-01-02 07:19:00,700.7678607307536,16.67462170075215,0
2023-01-02 07:20:00,646.5787001412083,15.921408174718856,0
2023-01-02 07:21:00,722.089235424618,18.274224130827687,0
2023-01-02 07:22:00,641.9885303450432,16.40456995232387,0
2023-01-02 07:23:00,708.1700212084146,16.589302172397645,0
2023-01-02 07:24:00,741.197416155702,16.806445688866848,0
2023-01-02 07:25:00,798.6372318675479,16.50037411589503,0
2023-01-02 07:26:00,727.6393625214507,16.99404030731289,0
2023-01-02 07:27:00,648.9437853570448,17.96669344678992,0
2023-01-02 07:28:00,750.7186733727281,14.239583954172069,0
2023-01-02 07:29:00,580.4136609097227,15.998496092689427,0
2023-01-02 07:30:00,666.5297093811681,18.71786864332217,0
2023-01-02 07:31:00,671.7490244516455,16.138576433613327,0
2023-01-02 07:32:00,737.5120960158905,17.16713581095688,0
2023-01-02 07:33:00,755.2135186374584,15.799047277848222,0
2023-01-02 07:34:00,686.9210606300617,14.605482200602546,0
2023-01-02 07:35:00,616.1251686362475,15.177220548623401,0
2023-01-02 07:36:00,741.6821707433234,17.68465515223217,0
2023-01-02 07:37:00,607.1292382018158,16.58211897641534,0
2023-01-02 07:38:00,595.1860265571877,15.75961556697513,0
2023-01-02 07:39:00,659.8806832403178,16.379129320505857,0
2023-01-02 07:40:00,1172.9673439240355,17.484843850500305,0
2023-01-02 07:41:00,735.7571428200449,16.168123860567256,0
2023-01-02 07:42:00,665.3428906743271,16.499910902626823,0
2023-01-02 07:43:00,682.3235399996928,17.92195331514077,0
2023-01-02 07:44:00,671.7380840222353,15.40991945212178,0
2023-01-02 07:45:00,630.3386046373049,16.78896284022905,0
2023-01-02 07:46:00,593.8078856544358,17.56163612400143,0
2023-01-02 07:47:00,640.5952064784134,16.047827138939958,0
2023-01-02 07:48:00,674.4137278709346,15.46517535997027,0
2023-01-02 07:49:00,658.6610524660534,18.11091677518246,0
2023-01-02 07:50:00,644.9670358221376,15.988509021172947,0
2023-01-02 07:51:00,759.5788424938927,16.50073747615844,0
2023-01-02 07:52:00,676.1320675136215,16.598321171685466,0
2023-01-02 07:53:00,655.8679488513555,15.128192484549842,0
2023-01-02 07:54:00,666.6418769587073,16.848953228864033,0
2023-01-02 07:55:00,708.9667109274669,17.32523281161336,0
2023-01-02 07:56:00,726.2710221738826,18.056664297130762,0
2023-01-02 07:57:00,649.3882995675443,17.033845741332375,0
2023-01-02 07:58:00,647.5898929994215,17.098768225093465,0
2023-01-02 07:59:00,631.1836080629051,17.577682011104965,0
2023-01-02 08:00:00,686.2840133643209,17.346219043946093,0
2023-01-02 08:01:00,644.0796170077664,15.495096245942161,0
2023-01-02 08:02:00,782.0134365775998,15.087220013502808,0
2023-01-02 08:03:00,598.0865495455258,15.832610521521529,0
2023-01-02 08:04:00,708.9895734538799,17.240039634769204,0
2023-01-02 08:05:00,736.701695774916,17.731424975825192,0
2023-01-02 08:06:00,688.1676001852261,16.694130341768265,0
2023-01-02 08:07:00,669.0345431028272,16.383155707829577,0
2023-01-02 08:08:00,629.1766480458638,16.939978898451628,0
2023-01-02 08:09:00,621.6247991740014,15.987320170215504,0
2023-01-02 08:10:00,641.0816122997267,16.749004354921915,0
2023-01-02 08:11:00,684.3021695825078,15.194450186969167,0
2023-01-02 08:12:00,708.6309612283467,17.37836101084402,0
2023-01-02 08:13:00,756.088393684929,17.051910210884714,0
2023-01-02 08:14:00,643.8148498815237,15.55590476411075,0
2023-01-02 08:15:00,547.1242772893019,15.77216058312854,0
2023-01-02 08:16:00,662.3945362335876,14.815341462141744,0
2023-01-02 08:17:00,688.9675959620564,15.270989772980016,0
2023-01-02 08:18:00,607.4248639442507,17.21320898315337,0
2023-01-02 08:19:00,757.8640433593375,16.23915464301152,0
2023-01-02 08:20:00,597.1179252723678,17.819705767418768,0
2023-01-02 08:21:00,693.5595562589389,16.318264227485287,0
2023-01-02 08:22:00,650.8121602708217,15.790326401486373,0
2023-01-02 08:23:00,632.9379825178487,16.18662764868165,0
2023-01-02 08:24:00,712.3200227239798,17.339155999714826,0
2023-01-02 08:25:00,579.6361320010626,16.47095531857052,0
2023-01-02 08:26:00,648.2575377981714,16.74648131061127,0
2023-01-02 08:27:00,698.7891083955496,18.008144540786883,0
2023-01-02 08:28:00,761.6443097396404,17.275713077257816,0
2023-01-02 08:29:00,647.3197521191967,16.76837656063533,0
2023-01-02 08:30:00,716.9518190579332,17.548857340320563,0
2023-01-02 08:31:00,722.4235631138713,17.19405499844173,0
2023-01-02 08:32:00,557.7672532197608,18.012500238926904,0
2023-01-02 08:33:00,682.1288935717532,16.656166114900888,0
2023-01-02 08:34:00,723.7738912736636,16.537561643781682,0
2023-01-02 08:35:00,722.1651771250623,15.220229509075594,0
2023-01-02 08:36:00,703.0326341986274,15.698987631456788,0
2023-01-02 08:37:00,694.7297127298013,16.47272969192508,0
2023-01-02 08:38:00,612.6688636976618,16.25551253950356,0
2023-01-02 08:39:00,712.745507673259,16.71190643149711,0
2023-01-02 08:40:00,728.4918624921099,16.909252661928388,0
2023-01-02 08:41:00,684.4297012436475,17.153962466203104,0
2023-01-02 08:42:00,682.2957584726532,16.92389031146183,0
2023-01-02 08:43:00,688.0303602899074,15.993251908524977,0
2023-01-02 08:44:00,620.4031369949805,17.499653101188425,0
2023-01-02 08:45:00,682.5892227993155,18.569980588852342,0
2023-01-02 08:46:00,647.2779045258574,15.69781009060566,0
2023-01-02 08:47:00,667.596921903726,16.688928173209824,0
2023-01-02 08:48:00,569.2663848373493,17.948831041603555,0
2023-01-02 08:49:00,690.6259828629842,15.340141222217099,0
2023-01-02 08:50:00,748.5846107652612,15.171226420272525,0
2023-01-02 08:51:00,675.7985683798146,16.906893056431446,0
2023-01-02 08:52:00,662.7066212840105,15.69778418115035,0
2023-01-02 08:53:00,656.8392690322262,17.42787018645697,0
2023-01-02 08:54:00,661.684281572681,17.315383736128915,0
2023-01-02 08:55:00,587.3530924129732,17.302845367409194,0
2023-01-02 08:56:00,672.1103801453287,16.644197540267292,0
2023-01-02 08:57:00,581.6336326009629,18.42553111450726,0
2023-01-02 08:58:00,614.6878156688373,16.672027285600624,0
2023-01-02 08:59:00,588.1400582127084,16.577773914189283,0
2023-01-02 09:00:00,743.8025051720991,15.17223854840252,0
2023-01-02 09:01:00,643.4724223309177,16.47575011218862,0
2023-01-02 09:02:00,716.6226601632853,16.059615905665044,0
2023-01-02 09:03:00,704.7979602461708,16.721410681227415,0
2023-01-02 09:04:00,610.1780525889069,17.71118858991529,0
2023-01-02 09:05:00,615.5050161737593,17.226913051195567,0
2023-01-02 09:06:00,628.4381312619225,14.81231307131794,0
2023-01-02 09:07:00,662.7928699354527,16.097425252629222,0
2023-01-02 09:08:00,565.039249636522,16.655646423152856,0
2023-01-02 09:09:00,640.9882138534124,15.08508136372883,0
2023-01-02 09:10:00,675.400942378259,16.459283733616527,0
2023-01-02 09:11:00,620.2404031379504,16.77362022244571,0
2023-01-02 09:12:00,630.7082962254169,16.040482632091837,0
2023-01-02 09:13:00,657.7342284099454,16.092249386202557,0
2023-01-02 09:14:00,644.791780727774,17.058517895228643,0
2023-01-02 09:15:00,562.2262634991168,15.539802011075677,0
2023-01-02 09:16:00,627.3685989756826,17.39574857935235,0
2023-01-02 09:17:00,632.1086836560039,15.691803181454224,0
2023-01-02 09:18:00,622.3810097008875,16.002415554843786,0
2023-01-02 09:19:00,719.4629087714638,15.407405178554917,0
2023-01-02 09:20:00,1089.9346959608342,15.024418537278034,0
2023-01-02 09:21:00,542.501360806012,15.62230416964529,0
2023-01-02 09:22:00,702.2347114141219,16.617509267332192,0
2023-01-02 09:23:00,665.1336847607466,16.50527051819799,0
2023-01-02 09:24:00,551.8898030523628,17.859638372095553,0
2023-01-02 09:25:00,658.6238748451113,17.065064350458023,0
2023-01-02 09:26:00,614.5529234222352,15.08993997853106,0
2023-01-02 09:27:00,542.2091409231374,18.143857014124738,0
2023-01-02 09:28:00,546.6416467366616,15.45112319013598,0
2023-01-02 09:29:00,600.2013025427813,15.64035933851765,0
2023-01-02 09:30:00,604.7702784002014,14.50002600641168,0
2023-01-02 09:31:00,580.7838452357117,16.474665584788124,0
2023-01-02 09:32:00,655.7252540158587,16.939134253627337,0
2023-01-02 09:33:00,673.2900045877759,16.737847630620145,0
2023-01-02 09:34:00,533.0449576362291,17.06013046456485,0
2023-01-02 09:35:00,577.3213026807307,15.530486995994382,0
2023-01-02 09:36:00,661.0160370966722,15.612746265531575,0
2023-01-02 09:37:00,688.073479718475,18.391152306895584,0
2023-01-02 09:38:00,671.0697573313495,16.597771359471068,0
2023-01-02 09:39:00,565.1467765673829,16.226932138723413,0
2023-01-02 09:40:00,629.9197433823189,16.74386807643317,0
2023-01-02 09:41:00,660.7204499819071,17.57882191703239,0
2023-01-02 09:42:00,637.238025338605,14.779012823385779,0
2023-01-02 09:43:00,548.9610646622174,15.352561946556616,0
2023-01-02 09:44:00,609.1005323511056,14.304460108935388,0
2023-01-02 09:45:00,591.1198161596622,17.57134399247446,0
2023-01-02 09:46:00,555.6311306184618,16.60026111530232,0
2023-01-02 09:47:00,625.0816895004497,17.041938216058504,0
2023-01-02 09:48:00,564.1189198402773,15.499270500828654,0
2023-01-02 09:49:00,661.8356933229875,18.374574882693963,0
2023-01-02 09:50:00,568.9149984069838,16.78955009606601,0
2023-01-02 09:51:00,592.6760669784252,16.270951454641256,0
2023-01-02 09:52:00,597.0789599638716,15.235788833714421,0
2023-01-02 09:53:00,668.1857509565796,16.710959507905585,0
2023-01-02 09:54:00,548.1066897179693,17.95521808687594,0
2023-01-02 09:55:00,608.1693905376213,15.43004880220626,0
2023-01-02 09:56:00,538.2952489877819,16.159264975048067,0
2023-01-02 09:57:00,532.164545567352,14.712944763597521,0
2023-01-02 09:58:00,543.841785504541,15.834187644979075,0
2023-01-02 09:59:00,563.525630320633,14.149972883820071,0
2023-01-02 10:00:00,613.9473862725285,16.351052858210288,0
2023-01-02 10:01:00,499.6981471983053,17.413931372629285,0
2023-01-02 10:02:00,560.7122699559627,15.979397137075539,0
2023-01-02 10:03:00,635.796414976754,15.395392382483832,0
2023-01-02 10:04:00,584.5862527793633,15.972956915601369,0
2023-01-02 10:05:00,624.690717770888,16.201775408797946,0
2023-01-02 10:06:00,537.3370186784612,17.285886998946502,0
2023-01-02 10:07:00,579.74557766093,13.889772660615611,0
2023-01-02 10:08:00,601.4352656886914,15.05738467890025,0
2023-01-02 10:09:00,636.0408633667182,15.342178652779188,0
2023-01-02 10:10:00,569.2568630343616,15.920827188334837,0
2023-01-02 10:11:00,606.9883643149566,14.664301273227789,0
2023-01-02 10:12:00,651.2862099750394,15.272282797708108,0
2023-01-02 10:13:00,601.4900484349312,16.172269837778405,0
2023-01-02 10:14:00,651.359855398433,16.47342900971864,0
2023-01-02 10:15:00,585.0692334169759,15.45858107174573,0
2023-01-02 10:16:00,576.5459016583096,14.412866722353748,0
2023-01-02 10:17:00,569.4246000546287,16.405702584910735,0
2023-01-02 10:18:00,548.4981486669093,16.64343181706328,0
2023-01-02 10:19:00,643.7153686904951,16.035608347342553,0
2023-01-02 10:20:00,605.6800558665018,16.55765711740884,0
2023-01-02 10:21:00,607.1891008279314,15.922113205573025,0
2023-01-02 10:22:00,577.6289633860831,17.310367554907145,0
2023-01-02 10:23:00,486.1417938051311,14.348932264058048,0
2023-01-02 10:24:00,527.3277318866919,15.047172816840375,0
2023-01-02 10:25:00,672.9796927317473,16.37393602610572,0
2023-01-02 10:26:00,555.4866007133978,15.085949509055519,0
2023-01-02 10:27:00,530.3891702365521,14.009028616409802,0
2023-01-02 10:28:00,507.3715093876891,17.67866573367435,0
2023-01-02 10:29:00,612.9447835988307,16.010943523443167,0
2023-01-02 10:30:00,535.9056975194392,14.47033085375801,0
2023-01-02 10:31:00,613.9874668182657,16.25742060569101,0
2023-01-02 10:32:00,611.8356436889881,15.80560118301933,0
2023-01-02 10:33:00,565.8419719600564,16.142166793091327,0
2023-01-02 10:34:00,622.200399787947,14.649391061253242,0
2023-01-02 10:35:00,581.3091168830887,15.92266755625681,0
2023-01-02 10:36:00,617.600024522555,14.745696888256921,0
2023-01-02 10:37:00,627.654114583299,17.50125891052018,0
2023-01-02 10:38:00,570.4528211990146,15.733043275086024,0
2023-01-02 10:39:00,490.69187861587085,13.789780605044855,0
2023-01-02 10:40:00,550.9523980680981,16.864504159724085,0
2023-01-02 10:41:00,677.1989483283364,17.06115044288599,0
2023-01-02 10:42:00,621.9821794260354,17.497408505518973,0
2023-01-02 10:43:00,569.2777089968571,14.379420047495616,0
2023-01-02 10:44:00,514.0599423614121,14.913792559243994,0
2023-01-02 10:45:00,562.4293970216999,15.642321327630956,0
2023-01-02 10:46:00,580.2994624447958,14.778699494712644,0
2023-01-02 10:47:00,617.2283768916253,15.754922515204791,0
2023-01-02 10:48:00,594.0147121840663,15.644767193618824,0
2023-01-02 10:49:00,577.4301169224376,16.7601932396178,0
2023-01-02 10:50:00,528.4375022941176,14.57876140690195,0
2023-01-02 10:51:00,510.5485097855434,15.046207307446352,0
2023-01-02 10:52:00,518.4690455573118,16.63281664871016,0
2023-01-02 10:53:00,607.7325797603758,16.993457700089934,0
2023-01-02 10:54:00,557.2506919191206,14.603558804502422,0
2023-01-02 10:55:00,499.4839610308178,16.044734930260415,0
2023-01-02 10:56:00,498.53193982302844,14.783026258466165,0
2023-01-02 10:57:00,517.8426038041544,15.740792950319674,0
2023-01-02 10:58:00,598.2271976001305,15.53122165841991,0
2023-01-02 10:59:00,601.7404923111578,16.037575007910135,0
2023-01-02 11:00:00,1088.727988204646,15.373727964658588,0
2023-01-02 11:01:00,576.6313377343282,16.33193269262319,0
2023-01-02 11:02:00,609.6169984876509,16.301719149829974,0
2023-01-02 11:03:00,597.1722576227469,14.923445310557986,0
2023-01-02 11:04:00,530.2535063256755,15.96977243838902,0
2023-01-02 11:05:00,612.3183720982696,13.508352049292082,0
2023-01-02 11:06:00,544.9793130084932,15.964887781421329,0
2023-01-02 11:07:00,497.3790112278593,15.79012202291235,0
2023-01-02 11:08:00,503.2175404112218,17.123265861682786,0
2023-01-02 11:09:00,499.5286664496248,14.88611234813364,0
2023-01-02 11:10:00,485.44093432695536,15.146428168911383,0
2023-01-02 11:11:00,561.1338235526732,14.144338304358799,0
2023-01-02 11:12:00,571.8042882099462,15.967857198146138,0
2023-01-02 11:13:00,564.973766487381,14.878430770835708,0
2023-01-02 11:14:00,533.7870313603341,15.87668877823399,0
2023-01-02 11:15:00,540.0328621758425,15.633046700048054,0
2023-01-02 11:16:00,545.1871505594705,14.166771534303459,0
2023-01-02 11:17:00,480.27678915002497,14.589188434720676,0
2023-01-02 11:18:00,495.3913613617498,14.397684914093846,0
2023-01-02 11:19:00,573.6116183815066,16.235164005624206,0
2023-01-02 11:20:00,501.2317861590544,14.979233726262825,0
2023-01-02 11:21:00,469.3724843204327,13.56978057707541,0
2023-01-02 11:22:00,512.1277187505125,15.202357483620752,0
2023-01-02 11:23:00,527.6823341964621,16.150987675160803,0
2023-01-02 11:24:00,526.0806197744723,14.860712051568411,0
2023-01-02 11:25:00,487.0746606433818,15.827581672500227,0
2023-01-02 11:26:00,540.3508734508513,14.274145227686178,0
2023-01-02 11:27:00,541.7166378771268,14.068242439669564,0
2023-01-02 11:28:00,482.00280419794,16.39604447745779,0
2023-01-02 11:29:00,451.74275765582246,13.678641561042687,0
2023-01-02 11:30:00,579.2143431986794,14.286760284030523,0
2023-01-02 11:31:00,543.3996831143617,14.967058626579211,0
2023-01-02 11:32:00,494.73487230751584,15.397527055385229,0
2023-01-02 11:33:00,430.8420062095324,13.131580673906214,0
2023-01-02 11:34:00,600.07236358221,15.692672523148724,0
2023-01-02 11:35:00,521.1890243744863,16.22963959637844,0
2023-01-02 11:36:00,506.558412734391,14.44402339041667,0
2023-01-02 11:37:00,530.0659492210953,14.798577288532949,0
2023-01-02 11:38:00,579.8004102677735,15.87238785655459,0
2023-01-02 11:39:00,400.0179878826982,16.843097286501436,0
2023-01-02 11:40:00,525.8599813826173,15.03867746762091,0
2023-01-02 11:41:00,546.4973378458735,14.428166769102818,0
2023-01-02 11:42:00,587.2803665819779,14.369842085722649,0
2023-01-02 11:43:00,580.7618341366466,16.586473717117595,0
2023-01-02 11:44:00,543.5958409927696,15.45604587190149,0
2023-01-02 11:45:00,417.8940380692337,14.475065832323851,0
2023-01-02 11:46:00,421.93683235435697,14.356614104131772,0
2023-01-02 11:47:00,519.3399399142024,13.970586181679739,0
2023-01-02 11:48:00,573.1622265680421,14.54437667897601,0
2023-01-02 11:49:00,551.8114343340247,17.074687329992358,0
2023-01-02 11:50:00,481.7890675041405,15.2909505716998,0
2023-01-02 11:51:00,542.5370254850276,14.633064329353378,0
2023-01-02 11:52:00,495.7028018375988,14.656484388204953,0
2023-01-02 11:53:00,389.9734657103895,14.771472424956732,0
2023-01-02 11:54:00,495.0086021849235,14.24100359817963,0
2023-01-02 11:55:00,541.9486816128664,13.163864235974659,0
2023-01-02 11:56:00,506.22128200541556,15.778615240995915,0
2023-01-02 11:57:00,535.7934798625306,14.885129175542732,0
2023-01-02 11:58:00,482.131715759986,15.258198524269979,0
2023-01-02 11:59:00,539.4617982521174,14.639261386680678,0
2023-01-02 12:00:00,415.63379415617425,15.809193992061438,0
2023-01-02 12:01:00,553.8388056645294,14.850165693203017,0
2023-01-02 12:02:00,449.36156689041184,14.935590388465373,0
2023-01-02 12:03:00,411.8600830887973,15.819153139679859,0
2023-01-02 12:04:00,470.1019834394702,14.91384981494795,0
2023-01-02 12:05:00,342.98164507232156,16.2541804759976,0
2023-01-02 12:06:00,558.7391005055617,13.666791384747151,0
2023-01-02 12:07:00,504.432777337011,16.134136993081142,0
2023-01-02 12:08:00,553.7687684632947,13.988594613728893,0
2023-01-02 12:09:00,486.7436203596726,17.417921059650645,0
2023-01-02 12:10:00,490.21765821659443,14.856637679328278,0
2023-01-02 12:11:00,451.90635658757935,14.882718010906986,0
2023-01-02 12:12:00,483.7893728894498,13.278325719078447,0
2023-01-02 12:13:00,425.6599428973654,16.89872590733662,0
2023-01-02 12:14:00,474.4793095813497,15.906319155585082,0
2023-01-02 12:15:00,530.1709766512704,13.244020293670717,0
2023-01-02 12:16:00,414.8516768728471,15.856624782187248,0
2023-01-02 12:17:00,493.4861719360315,13.038490940312965,0
2023-01-02 12:18:00,555.8184842271911,14.13417604942916,0
2023-01-02 12:19:00,474.39272428993394,15.99863557385792,0
2023-01-02 12:20:00,533.4518606997678,12.917023116840427,0
2023-01-02 12:21:00,391.71805715699145,15.942029839850616,0
2023-01-02 12:22:00,526.416184999209,13.5655543913224,0
2023-01-02 12:23:00,488.7183344704591,15.704057421180778,0
2023-01-02 12:24:00,571.5900716780905,14.800945480755951,0
2023-01-02 12:25:00,468.38448064878224,15.557225707166168,0
2023-01-02 12:26:00,471.4337328617274,14.948847866043845,0
2023-01-02 12:27:00,446.3478692740422,14.37241648686799,0
2023-01-02 12:28:00,472.84639809380366,15.119149154268818,0
2023-01-02 12:29:00,464.2902163403847,14.309674713840094,0
2023-01-02 12:30:00,530.5207781898345,14.947004153945025,0
2023-01-02 12:31:00,533.8136141592881,16.70407137168206,0
2023-01-02 12:32:00,495.7988969689278,15.466062944238383,0
2023-01-02 12:33:00,484.19492175062805,14.73164517206497,0
2023-01-02 12:34:00,455.0333055152194,14.234561537436642,0
2023-01-02 12:35:00,467.8771871338134,14.867008753439265,0
2023-01-02 12:36:00,514.8671301837521,13.80421769528972,0
2023-01-02 12:37:00,499.7900936033112,15.317631563534922,0
2023-01-02 12:38:00,455.62830482829037,14.203965317861709,0
2023-01-02 12:39:00,515.1743837278489,15.585682019593184,0
2023-01-02 12:40:00,915.1726807449256,16.273916813970594,0
2023-01-02 12:41:00,408.37964643762626,15.255227703003618,0
2023-01-02 12:42:00,440.03717493698474,14.835725449115184,0
2023-01-02 12:43:00,395.31488880186134,14.948761180440304,0
2023-01-02 12:44:00,496.86824362047906,14.596257932082786,0
2023-01-02 12:45:00,459.9883484821125,14.74655880720823,0
2023-01-02 12:46:00,372.75849385486,14.670618908738081,0
2023-01-02 12:47:00,457.5144036022523,15.011369881773627,0
2023-01-02 12:48:00,422.8263604928128,13.99375031711634,0
2023-01-02 12:49:00,474.100733047542,15.470702390804346,0
2023-01-02 12:50:00,470.4896334337106,13.22071226268942,0
2023-01-02 12:51:00,609.4966340083714,15.660399634842696,0
2023-01-02 12:52:00,497.81729092877475,14.733683199883043,0
2023-01-02 12:53:00,436.0179984501074,15.720943563773508,0
2023-01-02 12:54:00,554.9175084288753,15.568052422772455,0
2023-01-02 12:55:00,347.5807775881578,13.404134376458808,0
2023-01-02 12:56:00,416.16079547570064,13.995953245733286,0
2023-01-02 12:57:00,424.73304118491114,14.36170977427785,0
2023-01-02 12:58:00,532.541956114304,14.355179833508931,0
2023-01-02 12:59:00,426.312316461531,13.913821502623643,0
2023-01-02 13:00:00,436.1306938738998,16.877347046621097,0
2023-01-02 13:01:00,378.8921082561401,14.25661382378055,0
2023-01-02 13:02:00,458.76900339296276,12.042443798658393,0
2023-01-02 13:03:00,401.1891725095346,15.209839132859504,0
2023-01-02 13:04:00,429.4696647421138,13.439160167346527,0
2023-01-02 13:05:00,443.1103572877967,15.041467123467081,0
2023-01-02 13:06:00,374.9584863061455,14.159813193739001,0
2023-01-02 13:07:00,497.73560986366476,12.888658393978469,0
2023-01-02 13:08:00,472.1026287469774,15.30062846992747,0
2023-01-02 13:09:00,419.80996484230343,13.30347851126705,0
2023-01-02 13:10:00,401.145709268675,14.349293964198718,0
2023-01-02 13:11:00,462.6631581655067,15.069538773775017,0
2023-01-02 13:12:00,419.15420419794293,13.448505697598621,0
2023-01-02 13:13:00,384.9969797424423,16.202338142540246,0
2023-01-02 13:14:00,370.00304243510266,13.295788179689554,0
2023-01-02 13:15:00,496.68203644444884,13.682407851623678,0
2023-01-02 13:16:00,372.178329850797,16.14089388726697,0
2023-01-02 13:17:00,457.8032570542594,12.012123648811002,0
2023-01-02 13:18:00,368.9135561802626,13.278699670755927,0
2023-01-02 13:19:00,422.11362970002375,13.619949068719812,0
2023-01-02 13:20:00,271.04491228620816,15.59864112049558,0
2023-01-02 13:21:00,333.0054180905333,13.33482821445178,0
2023-01-02 13:22:00,453.6444364032941,13.240828617135245,0
2023-01-02 13:23:00,476.6583990555543,13.037513755849531,0
2023-01-02 13:24:00,397.5340197666641,15.442183115687417,0
2023-01-02 13:25:00,420.46184970505726,14.350833447685515,0
2023-01-02 13:26:00,302.239902129454,14.195673569649221,0
2023-01-02 13:27:00,356.79551625064175,12.749301023432553,0
2023-01-02 13:28:00,441.82483667967284,15.041693050882856,0
2023-01-02 13:29:00,415.4131489989297,13.480908886255623,0
2023-01-02 13:30:00,371.3645677718108,12.500019359848386,0
2023-01-02 13:31:00,480.4868144905104,14.025778554271895,0
2023-01-02 13:32:00,389.50187582751096,13.166740076426645,0
2023-01-02 13:33:00,377.9136723941655,13.828468704523674,0
2023-01-02 13:34:00,486.66036824264165,13.67724823030253,0
2023-01-02 13:35:00,428.38840935545755,14.979335799945476,0
2023-01-02 13:36:00,486.77223440279704,13.1084454941114,0
2023-01-02 13:37:00,332.3540284690057,15.0913945709449,0
2023-01-02 13:38:00,515.9968304950428,14.705425814625627,0
2023-01-02 13:39:00,369.45774147900363,14.146861894509772,0
2023-01-02 13:40:00,390.72320173264626,15.129897606303057,0
2023-01-02 13:41:00,455.56634502315455,14.86098003485576,0
2023-01-02 13:42:00,454.68304381703877,12.660126169953372,0
2023-01-02 13:43:00,396.99608823410716,14.58157922786983,0
2023-01-02 13:44:00,438.4899285599345,14.852783044560354,0
2023-01-02 13:45:00,361.3649368308342,14.6173854898937,0
2023-01-02 13:46:00,425.5434662902538,14.769089621850153,0
2023-01-02 13:47:00,399.60174998825573,15.437529878864416,0
2023-01-02 13:48:00,400.39338640798906,14.32118123343193,0
2023-01-02 13:49:00,451.1741450325746,14.012670682436026,0
2023-01-02 13:50:00,445.4533966015194,15.305956937453237,0
2023-01-02 13:51:00,430.9583020787388,12.874057856955982,0
2023-01-02 13:52:00,381.9073154906331,13.237960406963667,0
2023-01-02 13:53:00,439.56596007564957,13.486073490886767,0
2023-01-02 13:54:00,391.14206131419644,14.65466165043343,0
2023-01-02 13:55:00,244.00312610106548,13.842417900253018,0
2023-01-02 13:56:00,393.95395049259514,15.870075751234475,0
2023-01-02 13:57:00,419.8449734426226,13.031234514349302,0
2023-01-02 13:58:00,371.8065752628042,13.504325349595366,0
2023-01-02 13:59:00,449.8268271607259,14.490338902585993,0
2023-01-02 14:00:00,402.2361604702575,15.19012529737162,0
2023-01-02 14:01:00,431.36615494583424,14.703341049191584,0
2023-01-02 14:02:00,354.922727950263,13.386178310072914,0
2023-01-02 14:03:00,488.9283428607962,13.930620102231666,0
2023-01-02 14:04:00,360.03887201934737,14.73360843808795,0
2023-01-02 14:05:00,318.990344370978,15.85698204429628,0
2023-01-02 14:06:00,365.64846400616466,13.417667384255578,0
2023-01-02 14:07:00,305.90002446935694,13.426251865804051,0
2023-01-02 14:08:00,378.966144455051,13.270227964003272,0
2023-01-02 14:09:00,464.15658943638294,12.91668200890918,0
2023-01-02 14:10:00,416.3096194576686,14.6441223823265,0
2023-01-02 14:11:00,451.4425452272351,14.426821540335757,0
2023-01-02 14:12:00,475.281896056002,12.62694380429627,0
2023-01-02 14:13:00,389.74977473886867,14.629886185023958,0
2023-01-02 14:14:00,375.9265026474212,12.627998615219536,0
2023-01-02 14:15:00,383.15749462315927,12.736403174137676,0
2023-01-02 14:16:00,378.52891249327763,15.348765375993151,0
2023-01-02 14:17:00,310.6560043114002,13.09719831697906,0
2023-01-02 14:18:00,381.547719966837,15.219769270491199,0
2023-01-02 14:19:00,372.0483904578381,12.852429471771577,0
2023-01-02 14:20:00,936.6399034915472,13.610307724375014,0
2023-01-02 14:21:00,434.4933498368718,13.891362038751565,0
2023-01-02 14:22:00,464.2192452489517,14.186111271901991,0
2023-01-02 14:23:00,293.1084316652689,13.875187100255056,0
2023-01-02 14:24:00,399.9954918950262,14.55754054824706,0
2023-01-02 14:25:00,475.2578025807395,13.674824962427659,0
2023-01-02 14:26:00,294.40594166381607,11.901761447747354,0
2023-01-02 14:27:00,417.6559339126685,12.479575922959857,0
2023-01-02 14:28:00,447.48467965273915,14.6063969621489,0
2023-01-02 14:29:00,365.60196299760656,13.82599166624704,0
2023-01-02 14:30:00,302.76442193236085,13.760313166445641,0
2023-01-02 14:31:00,452.7054063531619,14.552607180799987,0
2023-01-02 14:32:00,484.36593729706084,12.571375702401136,0
2023-01-02 14:33:00,438.52121921032284,11.891252095297439,0
2023-01-02 14:34:00,349.87036034096303,12.758820391818768,0
2023-01-02 14:35:00,341.0620808022421,15.291846358314375,0
2023-01-02 14:36:00,374.50585186054724,13.110188498555843,0
2023-01-02 14:37:00,347.8779869815857,13.577893284022315,0
2023-01-02 14:38:00,430.74126622842914,14.82180785668198,0
2023-01-02 14:39:00,410.7690964280836,13.263679802779368,0
2023-01-02 14:40:00,350.98717807667066,13.677270824322445,0
2023-01-02 14:41:00,366.94611416785574,12.444225814656292,0
2023-01-02 14:42:00,370.72482497890684,14.021220418318967,0
2023-01-02 14:43:00,382.0896204383121,14.130643146014812,0
2023-01-02 14:44:00,396.77307689562133,12.72261647587715,0
2023-01-02 14:45:00,317.4903492337263,14.611650362152306,0
2023-01-02 14:46:00,435.3343498156096,14.000028045799267,0
2023-01-02 14:47:00,382.28875642909946,13.643562332415526,0
2023-01-02 14:48:00,378.8479222610087,14.865110076859825,0
2023-01-02 14:49:00,438.6342203131508,12.577604520785393,0
2023-01-02 14:50:00,412.1719966327187,14.482904732238463,0
2023-01-02 14:51:00,277.3137557627295,13.578422310504012,0
2023-01-02 14:52:00,407.2029135017757,12.925561708159137,0
2023-01-02 14:53:00,428.0589259977322,13.286595467973404,0
2023-01-02 14:54:00,328.1558866460615,13.014053063408586,0
2023-01-02 14:55:00,363.7543334298235,12.393723497060138,0
2023-01-02 14:56:00,359.999142995247,12.812583899304224,0
2023-01-02 14:57:00,399.9933768482361,14.742201333582804,0
2023-01-02 14:58:00,272.8660113595588,14.944072940762753,0
2023-01-02 14:59:00,327.92805401589254,12.614977694857037,0
2023-01-02 15:00:00,371.14493993603384,12.831141722318696,0
2023-01-02 15:01:00,365.98061426774353,15.0336809061784,0
2023-01-02 15:02:00,363.6296833476497,12.064149646142127,0
2023-01-02 15:03:00,380.7383980323463,12.963552520059013,0
2023-01-02 15:04:00,349.11310323767145,14.622274958495593,0
2023-01-02 15:05:00,341.08357886831317,13.71078731689575,0
2023-01-02 15:06:00,392.3926929514629,13.816877406172877,0
2023-01-02 15:07:00,358.1725208572217,13.162877346495867,0
2023-01-02 15:08:00,383.30839948899586,12.906302123329322,0
2023-01-02 15:09:00,359.441985318332,13.296614179668168,0
2023-01-02 15:10:00,341.93894155132193,13.714865071884118,0
2023-01-02 15:11:00,437.6731862862695,13.625808696686663,0
2023-01-02 15:12:00,287.9495581936602,12.502022633786035,0
2023-01-02 15:13:00,286.53480968967375,14.660750706390921,0
2023-01-02 15:14:00,373.575380339923,14.086286611329795,0
2023-01-02 15:15:00,330.650847634835,12.863111574858229,0
2023-01-02 15:16:00,256.27138497454183,13.49240003762928,0
2023-01-02 15:17:00,357.5650987656839,14.293023695407754,0
2023-01-02 15:18:00,297.3690042599728,13.56469404039236,0
2023-01-02 15:19:00,285.56515827289695,13.490369641033627,0
2023-01-02 15:20:00,367.1017771330313,11.307985539031232,0
2023-01-02 15:21:00,428.73928111588987,14.968920348571778,0
2023-01-02 15:22:00,295.0699859077639,13.347560034857393,0
2023-01-02 15:23:00,352.3295876972797,12.040446410733725,0
2023-01-02 15:24:00,377.5269463068924,14.027814955773033,0
2023-01-02 15:25:00,390.3371257567703,12.747815015536466,0
2023-01-02 15:26:00,386.4437041815352,15.119160510261766,0
2023-01-02 15:27:00,285.8322477235025,11.731789878623331,0
2023-01-02 15:28:00,365.1343001787095,14.159312330375398,0
2023-01-02 15:29:00,276.6066043910694,15.423293371637882,0
2023-01-02 15:30:00,339.8909787823532,14.586426419614929,0
2023-01-02 15:31:00,349.8174792400079,13.946756234799933,0
2023-01-02 15:32:00,256.0342148783996,14.10752468689973,0
2023-01-02 15:33:00,399.9100775501136,13.20810482041005,0
2023-01-02 15:34:00,342.351752599,12.415642681507203,0
2023-01-02 15:35:00,316.6457749456935,13.111247380658531,0
2023-01-02 15:36:00,389.51128811193814,12.588551359075794,0
2023-01-02 15:37:00,313.35983889147724,12.430146892119959,0
2023-01-02 15:38:00,277.41469771369356,15.109490739491271,0
2023-01-02 15:39:00,325.8494789652505,13.40285244700903,0
2023-01-02 15:40:00,398.88534435131567,15.358767622331408,0
2023-01-02 15:41:00,301.9797153047703,13.871699960585966,0
2023-01-02 15:42:00,296.34204895081086,13.704610909953923,0
2023-01-02 15:43:00,298.1820194826956,14.4836733715866,0
2023-01-02 15:44:00,331.9519359632419,13.003837380146035,0
2023-01-02 15:45:00,405.31072490033256,13.349750728004421,0
2023-01-02 15:46:00,274.7131452873196,14.140884611515151,0
2023-01-02 15:47:00,354.50437564486,11.585740239867256,0
2023-01-02 15:48:00,284.95453298647124,13.319353920180783,0
2023-01-02 15:49:00,328.6626637849482,14.214521770781026,0
2023-01-02 15:50:00,420.24787520328414,13.71754807907273,0
2023-01-02 15:51:00,336.5047982103394,14.321101731213368,0
2023-01-02 15:52:00,307.1589605148898,13.514454252868536,0
2023-01-02 15:53:00,321.4756929735355,12.386604072532585,0
2023-01-02 15:54:00,258.2543354529527,13.952656065563783,0
2023-01-02 15:55:00,332.27761865518653,13.617969497020411,0
2023-01-02 15:56:00,354.5784927598709,13.945528764091828,0
2023-01-02 15:57:00,298.3580515807711,13.798478932328763,0
2023-01-02 15:58:00,323.97386299905264,11.76198392171859,0
2023-01-02 15:59:00,339.66175545928166,14.907659776575672,0
2023-01-02 16:00:00,896.4852779116901,13.078143202777408,0
2023-01-02 16:01:00,314.34030794199396,14.20529104642623,0
2023-01-02 16:02:00,359.6966639264102,13.033881513149558,0
2023-01-02 16:03:00,337.0932197294129,11.883406256203033,0
2023-01-02 16:04:00,314.47151823862856,13.980442824546115,0
2023-01-02 16:05:00,353.03949102358985,12.509435137631076,0
2023-01-02 16:06:00,304.15071108754375,12.688719716790855,0
2023-01-02 16:07:00,296.28560543004573,13.232640167565357,0
2023-01-02 16:08:00,326.12108807602635,14.698693204818882,0
2023-01-02 16:09:00,380.44177211892406,13.739113345028894,0
2023-01-02 16:10:00,353.35543217259755,12.785178307461932,0
2023-01-02 16:11:00,326.93415910267953,13.841150953369457,0
2023-01-02 16:12:00,362.89417361346256,13.402813337014795,0
2023-01-02 16:13:00,354.354324518901,13.243772191617044,0
2023-01-02 16:14:00,257.4787155636634,14.442984338452783,0
2023-01-02 16:15:00,360.3978670911473,11.90772068262229,0
2023-01-02 16:16:00,293.0686288180613,13.986699103290832,0
2023-01-02 16:17:00,307.6626090855699,11.728970523747892,0
2023-01-02 16:18:00,305.2728483653584,12.466728784489913,0
2023-01-02 16:19:00,322.1213688883045,12.787486072209978,0
2023-01-02 16:20:00,316.1389683832805,11.551718553915018,0
2023-01-02 16:21:00,424.69850602803353,12.356144165152998,0
2023-01-02 16:22:00,280.3585832153315,12.212278011929195,0
2023-01-02 16:23:00,331.7997357168962,12.338456597751893,0
2023-01-02 16:24:00,309.45848547914807,11.752402986728931,0
2023-01-02 16:25:00,240.21122759919496,13.713984907463455,0
2023-01-02 16:26:00,293.9352717853315,12.914616867839332,0
2023-01-02 16:27:00,376.1127481228869,12.149674055134419,0
2023-01-02 16:28:00,256.51888582027726,13.018560947086236,0
2023-01-02 16:29:00,293.51766842222924,12.637736858651742,0
2023-01-02 16:30:00,308.3637450903389,13.45884409661615,0
2023-01-02 16:31:00,383.0001982690384,14.266764587778797,0
2023-01-02 16:32:00,348.28639315295146,10.023425158036389,0
2023-01-02 16:33:00,279.2459993981505,14.44696738809532,0
2023-01-02 16:34:00,358.282728120397,11.756220903644026,0
2023-01-02 16:35:00,331.1816754090095,13.188415129292013,0
2023-01-02 16:36:00,305.89576062384367,13.240597509228278,0
2023-01-02 16:37:00,359.1811500576597,12.90098870671201,0
2023-01-02 16:38:00,325.4237960849174,12.01738168524906,0
2023-01-02 16:39:00,243.91863030091713,14.211963362542521,0
2023-01-02 16:40:00,240.80907674300818,12.211402990229027,0
2023-01-02 16:41:00,275.8218733439153,13.357592795763843,0
2023-01-02 16:42:00,378.8550171401399,12.777177401822915,0
2023-01-02 16:43:00,261.63479363098196,12.90141966579327,0
2023-01-02 16:44:00,294.15231890397865,12.752247469170667,0
2023-01-02 16:45:00,431.89039681144527,12.744072684377066,0
2023-01-02 16:46:00,313.77922278748144,13.328915329869996,0
2023-01-02 16:47:00,355.58407192888285,13.662344870152626,0
2023-01-02 16:48:00,322.07289759784493,12.928036144675504,0
2023-01-02 16:49:00,370.590140160792,13.929769038521247,0
2023-01-02 16:50:00,254.92959612077186,12.068469972724468,0
2023-01-02 16:51:00,326.59170035614386,11.143467377701798,0
2023-01-02 16:52:00,306.9923451421937,13.001845611548516,0
2023-01-02 16:53:00,349.19558581502923,13.796490444947658,0
2023-01-02 16:54:00,235.046764447906,12.250820317562804,0
2023-01-02 16:55:00,347.7453693962512,13.136501703685648,0
2023-01-02 16:56:00,283.87537138197774,14.012719058382563,0
2023-01-02 16:57:00,236.6493349340277,12.24725340284553,0
2023-01-02 16:58:00,402.950321579846,13.0940831972085,0
2023-01-02 16:59:00,287.50753696705675,13.37991690062642,0
2023-01-02 17:00:00,294.40022673550874,11.798721085673588,0
2023-01-02 17:01:00,322.8234589459046,13.516212492785517,0
2023-01-02 17:02:00,189.05386850093277,12.772283102098024,0
2023-01-02 17:03:00,346.5018145310738,12.27686391460045,0
2023-01-02 17:04:00,328.0848674619997,15.294455340187415,0
2023-01-02 17:05:00,333.050528993995,12.846335811686343,0
2023-01-02 17:06:00,302.2977509351189,13.423380860831077,0
2023-01-02 17:07:00,281.90066596686603,11.46957827917366,0
2023-01-02 17:08:00,213.7479396586497,13.646837778213374,0
2023-01-02 17:09:00,252.76259739477499,13.116053980588221,0
2023-01-02 17:10:00,290.7719487795436,13.27843890435864,0
2023-01-02 17:11:00,273.5598262149728,11.941791029569304,0
2023-01-02 17:12:00,263.57407990532926,11.119037658798234,0
2023-01-02 17:13:00,357.7944297578863,12.94804153668849,0
2023-01-02 17:14:00,255.77081250260312,12.553316927274665,0
2023-01-02 17:15:00,290.9563677014546,13.38581281019175,0
2023-01-02 17:16:00,313.8689107438831,12.619277784409451,0
2023-01-02 17:17:00,352.02526772631415,12.850965087181743,0
2023-01-02 17:18:00,270.01817733291506,13.648887988600817,0
2023-01-02 17:19:00,279.05228795150555,13.47906334013787,0
2023-01-02 17:20:00,329.89433984193806,12.582037253645254,0
2023-01-02 17:21:00,283.3150888734137,12.315215591816205,0
2023-01-02 17:22:00,298.6121114666638,12.07466005209694,0
2023-01-02 17:23:00,367.5744470814436,12.263618983217363,0
2023-01-02 17:24:00,337.97925080598,12.820969066942839,0
2023-01-02 17:25:00,235.6775433910643,14.199893715765771,0
2023-01-02 17:26:00,261.8681996907019,12.17794331044395,0
2023-01-02 17:27:00,315.209598058462,12.75709760805829,0
2023-01-02 17:28:00,269.31669563512907,12.439061157131318,0
2023-01-02 17:29:00,343.25405735614237,13.438649160922484,0
2023-01-02 17:30:00,305.1823247138609,10.080043825823125,0
2023-01-02 17:31:00,214.42983271875602,12.835020557944736,0
2023-01-02 17:32:00,338.6589016354924,14.499046598564707,0
2023-01-02 17:33:00,226.79937287183418,11.666405042987089,0
2023-01-02 17:34:00,327.77675429184984,14.112339010015395,0
2023-01-02 17:35:00,322.86031868782567,11.895674882260801,0
2023-01-02 17:36:00,326.62712085590687,13.133039723616577,0
2023-01-02 17:37:00,426.81046580700666,13.066333478921328,0
2023-01-02 17:38:00,277.1232456348719,13.47466555976919,0
2023-01-02 17:39:00,352.2816680018012,12.85372013279303,0
2023-01-02 17:40:00,834.8864955317014,11.000875118939932,0
2023-01-02 17:41:00,399.06454140868294,13.233785478621215,0
2023-01-02 17:42:00,376.41561890675564,13.99394575755559,0
2023-01-02 17:43:00,327.18255012700394,11.468206638784288,0
2023-01-02 17:44:00,264.19642390172714,9.656116765193044,0
2023-01-02 17:45:00,286.9543308275583,12.791336223169099,0
2023-01-02 17:46:00,356.4390859812621,13.750862256870851,0
2023-01-02 17:47:00,364.59450007357907,12.770938476006393,0
2023-01-02 17:48:00,233.38935474671177,12.244534676512115,0
2023-01-02 17:49:00,228.12675642239157,12.895946931246403,0
2023-01-02 17:50:00,324.6688599920519,12.586966766999971,0
2023-01-02 17:51:00,345.07158045904373,12.874541424569921,0
2023-01-02 17:52:00,378.7437520798701,12.838930108470844,0
2023-01-02 17:53:00,293.70265540797845,12.632697742299897,0
2023-01-02 17:54:00,352.0360104733119,11.72737867846103,0
2023-01-02 17:55:00,213.61942547438392,12.419218476160802,0
2023-01-02 17:56:00,305.04160855700405,13.601027081536685,0
2023-01-02 17:57:00,306.8050288747064,11.796276794211982,0
2023-01-02 17:58:00,338.353667293793,12.851734942675009,0
2023-01-02 17:59:00,284.13465322610193,10.923214252286378,0
2023-01-02 18:00:00,282.4902864045408,11.066948410818451,0
2023-01-02 18:01:00,293.2787467389256,11.560269257035054,0
2023-01-02 18:02:00,325.89586265438174,13.82713954462451,0
2023-01-02 18:03:00,263.10887219007583,11.412196436579952,0
2023-01-02 18:04:00,270.0249763237184,12.054174715824866,0
2023-01-02 18:05:00,268.08844462593265,13.381073217515555,0
2023-01-02 18:06:00,240.35775822694566,13.618563605246601,0
2023-01-02 18:07:00,280.5895214265729,12.975686264797535,0
2023-01-02 18:08:00,292.0065613332935,12.954191150478238,0
2023-01-02 18:09:00,336.7188532192605,11.458162748843668,0
2023-01-02 18:10:00,222.0276708307705,12.55384651886906,0
2023-01-02 18:11:00,320.53169788434445,12.266839983083068,0
2023-01-02 18:12:00,272.1502180965742,13.758987135686663,0
2023-01-02 18:13:00,276.34785087224276,11.316591095914063,0
2023-01-02 18:14:00,370.7723250742905,9.651159584652424,0
2023-01-02 18:15:00,373.4557286391123,11.463197468461638,0
2023-01-02 18:16:00,225.90879912652457,13.546692116160758,0
2023-01-02 18:17:00,312.17354717941686,12.852859226298467,0
2023-01-02 18:18:00,330.0995078652908,13.150274292402532,0
2023-01-02 18:19:00,391.2535413250732,12.62476477303652,0
2023-01-02 18:20:00,270.4643923897161,9.970713808863321,0
2023-01-02 18:21:00,301.6760504217334,12.39185858563009,0
2023-01-02 18:22:00,274.59232724864296,10.959078394740473,0
2023-01-02 18:23:00,267.9752484391185,10.90329560351734,0
2023-01-02 18:24:00,242.50344991283578,11.904164374540686,0
2023-01-02 18:25:00,298.88949688184573,13.41528681160743,0
2023-01-02 18:26:00,299.72399579705336,13.151149478923035,0
2023-01-02 18:27:00,331.9474262600974,12.26657973712197,0
2023-01-02 18:28:00,376.07706488774795,11.573126602097826,0
2023-01-02 18:29:00,296.7814156558713,13.654743558960297,0
2023-01-02 18:30:00,212.75310278570487,13.609405068988798,0
2023-01-02 18:31:00,270.47651872277163,12.57878055169911,0
2023-01-02 18:32:00,363.3151487702083,10.682808252685904,0
2023-01-02 18:33:00,322.92248002404693,12.603402554746218,0
2023-01-02 18:34:00,318.19019720595446,11.60419128610878,0
2023-01-02 18:35:00,253.77190120413616,13.267064531613618,0
2023-01-02 18:36:00,266.95742686730097,13.883467370008704,0
2023-01-02 18:37:00,431.96570147756864,12.194924318073847,0
2023-01-02 18:38:00,239.5485460123477,11.92076467914251,0
2023-01-02 18:39:00,258.2634484548039,12.804059217284795,0
2023-01-02 18:40:00,285.7687990931259,13.223535710890888,0
2023-01-02 18:41:00,281.8423556138569,10.926319152050253,0
2023-01-02 18:42:00,258.53798086032685,8.901109218255813,0
2023-01-02 18:43:00,293.3918821476383,11.358643276004512,0
2023-01-02 18:44:00,298.08155248489163,11.19371865126923,0
2023-01-02 18:45:00,308.58273804497753,11.224573847821075,0
2023-01-02 18:46:00,297.1390503530424,12.56527974013076,0
2023-01-02 18:47:00,345.05750521520554,9.977355206505973,0
2023-01-02 18:48:00,295.87063485773183,13.261258755735941,0
2023-01-02 18:49:00,359.3354597821823,13.855961980936566,0
2023-01-02 18:50:00,307.94514916093794,13.338235381683678,0
2023-01-02 18:51:00,402.09816128274724,11.373967246100156,0
2023-01-02 18:52:00,307.8848823899757,11.889130066385356,0
2023-01-02 18:53:00,382.94167094369436,12.694928740991262,0
2023-01-02 18:54:00,288.5937246348001,12.867211949904746,0
2023-01-02 18:55:00,295.9405977682269,10.655497712448405,0
2023-01-02 18:56:00,300.48602263694323,11.263010152281346,0
2023-01-02 18:57:00,363.35111048401666,12.609124841233564,0
2023-01-02 18:58:00,216.1590252998667,12.579901249982742,0
2023-01-02 18:59:00,232.8871315542794,12.406291676315272,0
2023-01-02 19:00:00,302.6722143521968,11.831252755435347,0
2023-01-02 19:01:00,349.7701180428331,11.956050205577451,0
2023-01-02 19:02:00,352.3075957764689,12.821652171334414,0
2023-01-02 19:03:00,349.0477331985325,12.030402463209624,0
2023-01-02 19:04:00,303.56400135788346,11.271909515537237,0
2023-01-02 19:05:00,323.04837391711146,11.710752253670949,0
2023-01-02 19:06:00,342.6293141333112,12.566145339029843,0
2023-01-02 19:07:00,282.74104885100513,11.766513797386356,0
2023-01-02 19:08:00,366.61082575011085,13.777775954007668,0
2023-01-02 19:09:00,312.81564904264377,12.48701463614326,0
2023-01-02 19:10:00,281.26029194665847,11.350586963374505,0
2023-01-02 19:11:00,281.8052116146137,13.337273661478166,0
2023-01-02 19:12:00,273.31284977054935,11.81516251198093,0
2023-01-02 19:13:00,351.1884483654797,10.860096267911766,0
2023-01-02 19:14:00,296.4737387362736,11.567857623401398,0
2023-01-02 19:15:00,350.9389107880211,10.29628018743975,0
2023-01-02 19:16:00,351.09254175459307,12.044468883478158,0
2023-01-02 19:17:00,325.62660003877943,11.990300492033064,0
2023-01-02 19:18:00,291.39716290338913,11.339878789974403,0
2023-01-02 19:19:00,273.8367185704605,12.457234297792796,0
2023-01-02 19:20:00,783.822488085629,12.883731893539721,0
2023-01-02 19:21:00,346.6383183487572,12.440566697258218,0
2023-01-02 19:22:00,216.24723668569203,12.449091087081214,0
2023-01-02 19:23:00,305.00373061869425,12.775412150325995,0
2023-01-02 19:24:00,272.7095489819927,12.033947168471085,0
2023-01-02 19:25:00,271.89367571463316,11.044378005111474,0
2023-01-02 19:26:00,364.93495213240664,13.305411725505675,0
2023-01-02 19:27:00,277.6973916069165,12.625822580101865,0
2023-01-02 19:28:00,361.89852223504363,11.046640474217586,0
2023-01-02 19:29:00,274.1293884965879,11.014884398081518,0
2023-01-02 19:30:00,383.3939845100419,11.177749910153683,0
2023-01-02 19:31:00,337.36314788878514,12.91315728336238,0
2023-01-02 19:32:00,360.98016901183547,13.484632709803957,0
2023-01-02 19:33:00,344.7924872934961,11.772121322766536,0
2023-01-02 19:34:00,305.30847190393354,12.409814218092414,0
2023-01-02 19:35:00,233.11675051803996,12.0529320163976,0
2023-01-02 19:36:00,352.5475916058416,11.926448638115776,0
2023-01-02 19:37:00,390.4288530075633,11.39601871074083,0
2023-01-02 19:38:00,305.39745766711644,11.45618581028308,0
2023-01-02 19:39:00,399.1296358212006,11.778728516094567,0
2023-01-02 19:40:00,391.86315171063217,12.214165541625736,0
2023-01-02 19:41:00,293.4625233017427,13.28121095902796,0
2023-01-02 19:42:00,262.3978753103888,11.283688982204247,0
2023-01-02 19:43:00,313.36560125408454,10.922247342556485,0
2023-01-02 19:44:00,347.1662875463845,12.716614540766475,0
2023-01-02 19:45:00,342.6359753093108,10.989527646465705,0
2023-01-02 19:46:00,303.84709415900323,10.7610607726277,0
2023-01-02 19:47:00,377.28122490554824,12.293347393179905,0
2023-01-02 19:48:00,364.69457110235186,13.180430858125101,0
2023-01-02 19:49:00,389.23781424829326,12.197372962631425,0
2023-01-02 19:50:00,350.58836259642624,12.884432558630353,0
2023-01-02 19:51:00,279.22622982463065,10.460454693635374,0
2023-01-02 19:52:00,264.1072818496086,11.238807296805415,0
2023-01-02 19:53:00,449.2003322505397,11.572758673698075,0
2023-01-02 19:54:00,330.8124327453888,12.444474273570126,0
2023-01-02 19:55:00,386.31198215434966,12.443254432899314,0
2023-01-02 19:56:00,279.1327214187008,11.392544627675122,0
2023-01-02 19:57:00,275.7875319614505,10.896731424241194,0
2023-01-02 19:58:00,285.9943514359459,11.094451169189146,0
2023-01-02 19:59:00,377.0711256660442,11.945999659655072,0
2023-01-02 20:00:00,370.96547815381774,11.004453143124671,0
2023-01-02 20:01:00,332.72215255005307,10.21302112974959,0
2023-01-02 20:02:00,325.6762534373035,13.403230065583086,0
2023-01-02 20:03:00,326.04772173006927,11.872966265720471,0
2023-01-02 20:04:00,286.7184271485982,10.504617696887681,0
2023-01-02 20:05:00,285.5584068183744,9.195112681423819,0
2023-01-02 20:06:00,326.75736161042767,12.373335867543878,0
2023-01-02 20:07:00,308.2153130831663,11.026377202457542,0
2023-01-02 20:08:00,313.6209870877826,12.39034752496633,0
2023-01-02 20:09:00,279.4959970144066,10.88524867747809,0
2023-01-02 20:10:00,295.04981098612495,11.654158656688782,0
2023-01-02 20:11:00,267.2213821232958,10.78472544673728,0
2023-01-02 20:12:00,351.4903730726847,12.431557959434487,0
2023-01-02 20:13:00,349.9586187971261,10.597159180461958,0
2023-01-02 20:14:00,356.5070104890827,12.306382893392671,0
2023-01-02 20:15:00,277.9931784907993,11.836905753579293,0
2023-01-02 20:16:00,445.6911655962341,12.170195346083963,0
2023-01-02 20:17:00,347.75121363548294,14.115386543530434,0
2023-01-02 20:18:00,341.0812615056028,12.422638370836918,0
2023-01-02 20:19:00,382.93240451808794,11.014528594755525,0
2023-01-02 20:20:00,337.66948265640656,12.850009133817984,0
2023-01-02 20:21:00,360.94786833184986,11.742787350762361,0
2023-01-02 20:22:00,253.15416967505843,10.335177424707714,0
2023-01-02 20:23:00,340.98121885354453,11.721018747190511,0
2023-01-02 20:24:00,325.4935432771113,11.281507225119414,0
2023-01-02 20:25:00,386.9905792876358,12.065635634041762,0
2023-01-02 20:26:00,296.29978127176366,10.590987679148023,0
2023-01-02 20:27:00,347.3695560239086,13.127560847240398,0
2023-01-02 20:28:00,371.63742417092726,11.871673306278417,0
2023-01-02 20:29:00,316.95022256295414,12.796713740472141,0
2023-01-02 20:30:00,288.59116263136923,11.891489451909965,0
2023-01-02 20:31:00,347.45534716350284,11.45291735962562,0
2023-01-02 20:32:00,316.51918437442384,12.099463601719787,0
2023-01-02 20:33:00,271.6546595772638,11.701146472367446,0
2023-01-02 20:34:00,338.12095183443057,12.07252951906201,0
2023-01-02 20:35:00,350.5342891961776,11.011862570840874,0
2023-01-02 20:36:00,312.20619639102426,10.834788713786805,0
2023-01-02 20:37:00,340.0241646368111,12.819475673956944,0
2023-01-02 20:38:00,400.6406115809112,11.539394055548104,0
2023-01-02 20:39:00,373.3530893426277,11.431426460388572,0
2023-01-02 20:40:00,432.53057100123283,12.610892957470844,0
2023-01-02 20:41:00,319.95186545587467,10.863564475229275,0
2023-01-02 20:42:00,388.59354234694075,13.141423148893656,0
2023-01-02 20:43:00,418.8937742492623,11.431636879299756,0
2023-01-02 20:44:00,335.42995320126465,11.540815765957205,0
2023-01-02 20:45:00,317.81160718222475,10.659645619252847,0
2023-01-02 20:46:00,257.83508665685963,11.934505438462525,0
2023-01-02 20:47:00,251.9087426692076,9.57302436119961,0
2023-01-02 20:48:00,333.41682570175914,9.823444776710573,0
2023-01-02 20:49:00,383.3557460049561,11.32050039772242,0
2023-01-02 20:50:00,325.5570047290656,11.901373515663643,0
2023-01-02 20:51:00,279.9677369839034,10.71363069280298,0
2023-01-02 20:52:00,348.59780809133355,11.048312624212924,0
2023-01-02 20:53:00,358.4424935336578,10.966638551487609,0
2023-01-02 20:54:00,317.5001232148249,10.817007674236237,0
2023-01-02 20:55:00,369.9685979207583,12.065424090742535,0
2023-01-02 20:56:00,337.24813692809136,12.773501344326029,0
2023-01-02 20:57:00,286.9533142041021,13.124543501079282,0
2023-01-02 20:58:00,405.7585781388662,8.659016856385525,0
2023-01-02 20:59:00,371.7071930169633,12.370487400151315,0
2023-01-02 21:00:00,954.5924504946138,11.385634744023973,0
2023-01-02 21:01:00,391.2990092424991,11.227325586811704,0
2023-01-02 21:02:00,407.2597415656736,13.238395499725002,0
2023-01-02 21:03:00,372.2866139946442,11.202999018853838,0
2023-01-02 21:04:00,381.5227324111606,9.595279353219688,0
2023-01-02 21:05:00,235.61089304806586,12.956388283149057,0
2023-01-02 21:06:00,361.12196227588106,10.333582926043444,0
2023-01-02 21:07:00,382.13566789854553,11.867238156033514,0
2023-01-02 21:08:00,351.0574019165387,9.30853721075018,0
2023-01-02 21:09:00,394.51371731771405,12.017564253958058,0
2023-01-02 21:10:00,267.43675387455664,11.273611945333878,0
2023-01-02 21:11:00,373.074815873104,11.916884234476221,0
2023-01-02 21:12:00,437.2517080394835,9.68018600057667,0
2023-01-02 21:13:00,375.82623280648977,10.855894330506963,0
2023-01-02 21:14:00,400.6142475653438,10.991526951839704,0
2023-01-02 21:15:00,355.3734217268579,10.915725115542001,0
2023-01-02 21:16:00,312.2270445272708,11.580446996487051,0
2023-01-02 21:17:00,349.8047384779813,12.840405432676468,0
2023-01-02 21:18:00,366.60859228257846,11.798448893811726,0
2023-01-02 21:19:00,358.30125443031477,11.646795285207496,0
2023-01-02 21:20:00,396.52912968082916,13.401648416164072,0
2023-01-02 21:21:00,286.5107170265645,11.064534255978149,0
2023-01-02 21:22:00,370.5330391684478,11.182437857143881,0
2023-01-02 21:23:00,475.35290772966965,13.52950707950071,0
2023-01-02 21:24:00,326.56322847569464,10.423265759569937,0
2023-01-02 21:25:00,430.26968049771165,10.329636772640107,0
2023-01-02 21:26:00,344.006243715939,13.605281470062003,0
2023-01-02 21:27:00,429.7236954198223,10.038173863752426,0
2023-01-02 21:28:00,312.258621536672,10.915976061277597,0
2023-01-02 21:29:00,427.9219791875158,11.7153628606905,0
2023-01-02 21:30:00,335.22613570757994,12.330953898918962,0
2023-01-02 21:31:00,415.5709014244932,12.972363186004229,0
2023-01-02 21:32:00,296.77941960140737,9.768055906876326,0
2023-01-02 21:33:00,380.7599910765772,11.55967788199857,0
2023-01-02 21:34:00,407.0634267720126,10.380326310563342,0
2023-01-02 21:35:00,414.825863667129,11.84067535283775,0
2023-01-02 21:36:00,390.27013428032234,10.331152182122912,0
2023-01-02 21:37:00,399.5578603493458,10.475732110341438,0
2023-01-02 21:38:00,441.67432743199447,10.960662934758338,0
2023-01-02 21:39:00,359.7848511292461,10.52587748127241,0
2023-01-02 21:40:00,445.78412174173457,11.04067478731597,0
2023-01-02 21:41:00,336.7553453870037,11.903754616710529,0
2023-01-02 21:42:00,215.15365255544398,10.753970757153574,0
2023-01-02 21:43:00,383.69053396747915,11.10106657465898,0
2023-01-02 21:44:00,347.95682163248586,13.105141201154638,0
2023-01-02 21:45:00,316.19665823746925,10.2445187545534,0
2023-01-02 21:46:00,419.3061000882916,11.118137893390426,0
2023-01-02 21:47:00,349.6193272274119,13.447859097189609,0
2023-01-02 21:48:00,499.7134698408254,12.375093012976079,0
2023-01-02 21:49:00,345.7118974633679,10.025060392705928,0
2023-01-02 21:50:00,335.30721379757387,10.773839302023777,0
2023-01-02 21:51:00,415.0817120679663,11.146387218400472,0
2023-01-02 21:52:00,342.2385959730554,11.980676773163742,0
2023-01-02 21:53:00,403.79031988961344,10.243674301756597,0
2023-01-02 21:54:00,377.1158086659617,10.066624313421705,0
2023-01-02 21:55:00,406.85002490025755,12.195392979951677,0
2023-01-02 21:56:00,430.70884340433093,11.21779153227194,0
2023-01-02 21:57:00,386.0262259464454,9.26404207621973,0
2023-01-02 21:58:00,421.9292136685831,10.195468744094073,0
2023-01-02 21:59:00,370.51999823433727,10.37468844718056,0
2023-01-02 22:00:00,384.46467555220283,12.142087783219162,0
2023-01-02 22:01:00,392.6736263534505,11.13685518720259,0
2023-01-02 22:02:00,524.7242726840282,11.28687188083147,0
2023-01-02 22:03:00,381.29707735426956,11.223633455032662,0
2023-01-02 22:04:00,422.1064011991725,9.584642829964924,0
2023-01-02 22:05:00,440.1399823921297,12.629532135114474,0
2023-01-02 22:06:00,436.2503564837417,11.897908944279003,0
2023-01-02 22:07:00,376.3571174598934,9.629230923496177,0
2023-01-02 22:08:00,440.86622980908214,11.36022459278017,0
2023-01-02 22:09:00,386.5976382349916,11.295595364929506,0
2023-01-02 22:10:00,485.6767285854986,12.620801379841023,0
2023-01-02 22:11:00,391.8584932186059,8.970428993665356,0
2023-01-02 22:12:00,393.76816043764455,12.688000270191017,0
2023-01-02 22:13:00,434.4802201701325,10.87617175075588,0
2023-01-02 22:14:00,419.5963447593313,11.749591908351501,0
2023-01-02 22:15:00,399.69434011563783,12.058036042677855,0
2023-01-02 22:16:00,430.2895441481305,10.18380241633734,0
2023-01-02 22:17:00,344.2326706132081,11.166338937799617,0
2023-01-02 22:18:00,425.99504327716886,11.346156457339157,0
2023-01-02 22:19:00,423.3152187060783,10.323644455628065,0
2023-01-02 22:20:00,383.4383769492561,11.136523093013558,0
2023-01-02 22:21:00,431.497673178223,12.461815169026037,0
2023-01-02 22:22:00,429.1299363121958,12.45243507134903,0
2023-01-02 22:23:00,494.9308063565135,10.152038519305933,0
2023-01-02 22:24:00,319.47998055901616,11.533286274674737,0
2023-01-02 22:25:00,453.0329401806367,9.056035484381425,0
2023-01-02 22:26:00,405.82452932466015,11.947305907344255,0
2023-01-02 22:27:00,457.33139245642985,10.995057956816815,0
2023-01-02 22:28:00,456.78023171163863,10.426698418783044,0
2023-01-02 22:29:00,391.25644465080586,10.985924437099534,0
2023-01-02 22:30:00,350.6780104657669,9.949479226996111,0
2023-01-02 22:31:00,351.751603270003,10.825833846753092,0
2023-01-02 22:32:00,437.9777982118182,9.430239940702792,0
2023-01-02 22:33:00,506.27804278175677,11.793897075065612,0
2023-01-02 22:34:00,430.84304814364606,10.391087422773863,0
2023-01-02 22:35:00,599.5265438900276,11.436293265190445,0
2023-01-02 22:36:00,418.1073761850815,11.07142487148612,0
2023-01-02 22:37:00,441.5314450988934,11.739974924957869,0
2023-01-02 22:38:00,414.9548381201503,9.941406313114925,0
2023-01-02 22:39:00,513.7696651411226,11.67242721334976,0
2023-01-02 22:40:00,987.5807212417756,11.29795317363554,0
2023-01-02 22:41:00,423.5173323491869,11.15819285180986,0
2023-01-02 22:42:00,502.05646040648236,11.93501914693257,0
2023-01-02 22:43:00,365.3075373651508,11.947160187472702,0
2023-01-02 22:44:00,322.92407621156264,11.676177088243628,0
2023-01-02 22:45:00,446.2305757192544,9.641611686797384,0
2023-01-02 22:46:00,420.37222092725904,10.954321676491228,0
2023-01-02 22:47:00,427.3937178519279,10.220250579078039,0
2023-01-02 22:48:00,427.08647124605767,10.314234026845444,0
2023-01-02 22:49:00,358.1457005672598,11.264163130684558,0
2023-01-02 22:50:00,432.3449401128597,9.802928972716536,0
2023-01-02 22:51:00,476.9706628197923,12.091672899824689,0
2023-01-02 22:52:00,483.4645668023399,9.326091009002823,0
2023-01-02 22:53:00,433.1135550477049,10.22129590585963,0
2023-01-02 22:54:00,532.853332551033,10.056371984719734,0
2023-01-02 22:55:00,538.3001443344216,11.57011936071869,0
2023-01-02 22:56:00,428.35486328048574,11.53379897911648,0
2023-01-02 22:57:00,501.8183991552869,10.688761703124108,0
2023-01-02 22:58:00,463.74993748065316,10.64487803658584,0
2023-01-02 22:59:00,533.7186675717121,12.720838813617096,0
2023-01-02 23:00:00,458.03256491810276,11.615754677709445,0
2023-01-02 23:01:00,461.14796866404015,11.38325161775899,0
2023-01-02 23:02:00,511.93564372137826,11.333442134991135,0
2023-01-02 23:03:00,491.8576472805435,9.906503009751987,0
2023-01-02 23:04:00,486.55204670460733,11.168240080016341,0
2023-01-02 23:05:00,401.97247753824377,9.34965844374256,0
2023-01-02 23:06:00,416.60095222994823,12.772550281716821,0
2023-01-02 23:07:00,467.7244155551272,10.077669030165628,0
2023-01-02 23:08:00,460.87612345895434,8.781531540545465,0
2023-01-02 23:09:00,403.772756896282,12.178802607046237,0
2023-01-02 23:10:00,588.2244936999938,10.812951900906107,0
2023-01-02 23:11:00,444.79217660733366,10.660023886388926,0
2023-01-02 23:12:00,517.1957928715672,10.487864707467505,0
2023-01-02 23:13:00,511.0681415764462,12.723988113726982,0
2023-01-02 23:14:00,486.94898650083354,10.54573848309315,0
2023-01-02 23:15:00,458.5580738286897,9.869205486930275,0
2023-01-02 23:16:00,514.0010635597954,10.278343653615039,0
2023-01-02 23:17:00,319.78298241546486,10.441824878895243,0
2023-01-02 23:18:00,398.81657417063735,10.985600021722693,0
2023-01-02 23:19:00,584.8541235655817,12.860994333723006,0
2023-01-02 23:20:00,532.08966579294,11.34474225356481,0
2023-01-02 23:21:00,432.78053386130625,11.166375949307657,0
2023-01-02 23:22:00,547.2564455989204,11.230760564384639,0
2023-01-02 23:23:00,511.04868068676,10.082092428461687,0
2023-01-02 23:24:00,449.483350072701,11.72704750943276,0
2023-01-02 23:25:00,500.26398682191774,10.51247151880549,0
2023-01-02 23:26:00,486.6180778495042,13.782566836415153,0
2023-01-02 23:27:00,438.35557818401867,9.758263948433477,0
2023-01-02 23:28:00,467.93082249444217,12.32263517376748,0
2023-01-02 23:29:00,446.17770776350653,10.869552770685054,0
2023-01-02 23:30:00,409.3417631083714,10.861128660565049,0
2023-01-02 23:31:00,540.8977237441152,10.652070065981327,0
2023-01-02 23:32:00,500.90160749379027,10.957188318828281,0
2023-01-02 23:33:00,479.1154714556954,11.504971372917689,0
2023-01-02 23:34:00,426.3020172665781,10.870083116726583,0
2023-01-02 23:35:00,462.21173666829714,11.60922920045703,0
2023-01-02 23:36:00,367.9107763493166,9.77285137635647,0
2023-01-02 23:37:00,449.16399103892127,11.466234758971277,0
2023-01-02 23:38:00,544.1004002530088,10.496918621001678,0
2023-01-02 23:39:00,481.53195102766796,10.492842014243294,0
2023-01-02 23:40:00,462.8378113527416,10.50639703092829,0
2023-01-02 23:41:00,455.49320295863936,9.31399770146907,0
2023-01-02 23:42:00,475.7742037679034,11.267611747960391,0
2023-01-02 23:43:00,444.0884694448486,9.127597210224785,0
2023-01-02 23:44:00,506.60954387082234,9.360061094873462,0
2023-01-02 23:45:00,440.2487836346997,10.442569990834079,0
2023-01-02 23:46:00,501.4084121446229,9.591478726646596,0
2023-01-02 23:47:00,471.99744925717397,10.417035728628203,0
2023-01-02 23:48:00,525.8514925441781,11.426337020137883,0
2023-01-02 23:49:00,439.02280433646644,12.255390786640243,0
2023-01-02 23:50:00,439.4873655571402,11.726906666816799,0
2023-01-02 23:51:00,546.8216789138249,9.87256945335763,0
2023-01-02 23:52:00,465.78671098102757,12.596919444973665,0
2023-01-02 23:53:00,471.2812975422199,9.1804173091078,0
2023-01-02 23:54:00,542.2789191240691,13.244135412671778,0
2023-01-02 23:55:00,534.0957471985997,11.317289284288913,0
2023-01-02 23:56:00,536.0667453006595,9.875477172241927,0
2023-01-02 23:57:00,523.967397676833,11.079750171147584,0
2023-01-02 23:58:00,458.34443777468533,11.101048962257611,0
2023-01-02 23:59:00,430.868007074209,10.732389744722685,0
2023-01-03 00:00:00,489.9525467821762,11.150644682296173,0
2023-01-03 00:01:00,523.9836976022224,10.21083772297017,0
2023-01-03 00:02:00,468.4264146355073,12.182785779073821,0
2023-01-03 00:03:00,519.4978521779441,12.136988216344314,0
2023-01-03 00:04:00,497.2952939527966,10.767879545381291,0
2023-01-03 00:05:00,488.0677778830112,12.100338003495064,0
2023-01-03 00:06:00,570.5431550707905,11.613756920906164,0
2023-01-03 00:07:00,512.3548984612992,10.8652402551675,0
2023-01-03 00:08:00,446.35646994597244,11.132244922286532,0
2023-01-03 00:09:00,603.7834033539257,11.334485695802288,0
2023-01-03 00:10:00,552.2217187928701,10.783188921083958,0
2023-01-03 00:11:00,526.3457704381645,9.741139029037042,0
2023-01-03 00:12:00,515.0391030713527,9.184821504723779,0
2023-01-03 00:13:00,485.7439115488601,11.442314244162135,0
2023-01-03 00:14:00,450.25888320155514,11.477210366362044,0
2023-01-03 00:15:00,527.9721642594948,11.319109164815067,0
2023-01-03 00:16:00,473.46914011582237,10.53823799245246,0
2023-01-03 00:17:00,485.7667078514657,9.720734158553057,0
2023-01-03 00:18:00,493.0623652615448,10.246698088087989,0
2023-01-03 00:19:00,527.8382783908917,11.348237671479632,0
2023-01-03 00:20:00,1055.4045525626639,11.496926076118038,0
2023-01-03 00:21:00,592.2159127072205,9.765183771291783,0
2023-01-03 00:22:00,574.7259191510415,10.99062216120222,0
2023-01-03 00:23:00,419.7335392893189,9.937101144593456,0
2023-01-03 00:24:00,465.18897204901333,9.741256280453403,0
2023-01-03 00:25:00,481.88862293784825,10.38223843070559,0
2023-01-03 00:26:00,497.1068002902379,11.049009484484788,0
2023-01-03 00:27:00,489.2721874402177,10.133869755217486,0
2023-01-03 00:28:00,555.631380860665,11.434467052633757,0
2023-01-03 00:29:00,469.7039882756892,11.40963746034926,0
2023-01-03 00:30:00,579.447084695418,9.917958477091096,0
2023-01-03 00:31:00,548.4319668279992,10.634026496324784,0
2023-01-03 00:32:00,607.2599051502776,11.717377874611778,0
2023-01-03 00:33:00,592.6424159163272,9.975175102434001,0
2023-01-03 00:34:00,574.5703519789045,10.307531972194663,0
2023-01-03 00:35:00,391.47801478198426,10.667353643141615,0
2023-01-03 00:36:00,467.1720155931281,11.183522517985075,0
2023-01-03 00:37:00,507.2668252880265,9.817299876887903,0
2023-01-03 00:38:00,457.73645734095084,9.487118562654846,0
2023-01-03 00:39:00,501.31766114874813,9.78852561885225,0
2023-01-03 00:40:00,526.245502114793,10.226858052915201,0
2023-01-03 00:41:00,555.8653938868342,9.636583400659651,0
2023-01-03 00:42:00,597.9625041974494,10.16514311385996,0
2023-01-03 00:43:00,590.6495560958771,10.897378210286094,0
2023-01-03 00:44:00,435.0143738525384,11.306585323135524,0
2023-01-03 00:45:00,613.4872608974968,11.531979998047555,0
2023-01-03 00:46:00,553.5201656658896,10.926288223605948,0
2023-01-03 00:47:00,473.83548149201613,11.522041695595156,0
2023-01-03 00:48:00,600.8610750699015,10.803905741750158,0
2023-01-03 00:49:00,578.6766495454536,12.184508453579292,0
2023-01-03 00:50:00,540.6584826571665,11.31363307023782,0
2023-01-03 00:51:00,537.9806350767068,9.49286773748307,0
2023-01-03 00:52:00,510.5585481534052,11.618923076249285,0
2023-01-03 00:53:00,522.554928609909,9.542304985967828,0
2023-01-03 00:54:00,535.4404583449284,10.55185434177833,0
2023-01-03 00:55:00,521.1192580881062,8.971413051101337,0
2023-01-03 00:56:00,573.9510595607838,10.723950630249961,0
2023-01-03 00:57:00,560.6788577411554,10.638653305639707,0
2023-01-03 00:58:00,555.4571646821039,11.131820669762915,0
2023-01-03 00:59:00,539.5860713413966,8.616572995041194,0
2023-01-03 01:00:00,534.8569108329211,9.305012200966344,0
2023-01-03 01:01:00,488.4768102780271,14.156479704909382,0
2023-01-03 01:02:00,536.9922246422758,10.935743287516843,0
2023-01-03 01:03:00,521.8969037197488,11.041676257542774,0
2023-01-03 01:04:00,479.99409301064185,11.127395497112783,0
2023-01-03 01:05:00,554.4493804802725,10.050665124981412,0
2023-01-03 01:06:00,517.8586150826194,10.874179515499703,0
2023-01-03 01:07:00,579.4092580969784,8.0850310533295,0
2023-01-03 01:08:00,556.6052307509837,10.409821376563505,0
2023-01-03 01:09:00,579.0626987367716,11.393198601139824,0
2023-01-03 01:10:00,493.73917024235527,10.556188529399643,0
2023-01-03 01:11:00,525.4118550672204,11.364458999374401,0
2023-01-03 01:12:00,616.2357845749607,9.354091456820772,0
2023-01-03 01:13:00,473.3036031701557,11.523754715224927,0
2023-01-03 01:14:00,614.6184560740616,11.69258176660124,0
2023-01-03 01:15:00,476.2170739295892,10.612695351180854,0
2023-01-03 01:16:00,552.5422856427157,11.73767944983385,0
2023-01-03 01:17:00,676.42757435597,10.004034476794128,0
2023-01-03 01:18:00,550.8268008639221,9.88668733608245,0
2023-01-03 01:19:00,567.5450077196653,9.898868994648792,0
2023-01-03 01:20:00,580.9194014566076,8.408415510197903,0
2023-01-03 01:21:00,513.5449678037776,10.467614242710793,0
2023-01-03 01:22:00,557.5457783307114,10.504003771634888,0
2023-01-03 01:23:00,581.8762580184047,9.64291386942063,0
2023-01-03 01:24:00,651.3625549871252,10.90165359130044,0
2023-01-03 01:25:00,613.0205067585482,11.291172929946386,0
2023-01-03 01:26:00,546.339341963353,11.171970262142688,0
2023-01-03 01:27:00,583.5623620734615,11.8758117892111,0
2023-01-03 01:28:00,557.0451510828677,11.294341972616389,0
2023-01-03 01:29:00,628.7465878481933,10.605742782456314,0
2023-01-03 01:30:00,602.7987900932399,10.429775197560616,0
2023-01-03 01:31:00,628.4288762153124,10.269914628279164,0
2023-01-03 01:32:00,595.6070834322338,10.187093677456629,0
2023-01-03 01:33:00,630.0196577031664,7.557917456566644,0
2023-01-03 01:34:00,542.2579478629577,10.47465152187102,0
2023-01-03 01:35:00,563.1638687054991,10.117641835205548,0
2023-01-03 01:36:00,634.5240013805097,11.384460272769081,0
2023-01-03 01:37:00,545.3552958839937,10.372038210240088,0
2023-01-03 01:38:00,595.1957314196706,9.701802730826339,0
2023-01-03 01:39:00,646.9901727006435,10.712947221439663,0
2023-01-03 01:40:00,668.1385416876757,8.381027644970235,0
2023-01-03 01:41:00,599.7648668854965,11.5385770223636,0
2023-01-03 01:42:00,592.4693980645321,10.287226201548007,0
2023-01-03 01:43:00,620.9387424993332,10.222656793217764,0
2023-01-03 01:44:00,554.7359140481929,7.7128276746159115,0
2023-01-03 01:45:00,519.1593609422039,10.62150471275312,0
2023-01-03 01:46:00,647.3079743961615,11.479477437092855,0
2023-01-03 01:47:00,582.6102573963504,9.75947506325166,0
2023-01-03 01:48:00,642.6037508554718,12.930878506413915,0
2023-01-03 01:49:00,523.2088639929924,11.653834006228102,0
2023-01-03 01:50:00,615.6139104695134,10.081044485075823,0
2023-01-03 01:51:00,515.580762272385,10.084777498196704,0
2023-01-03 01:52:00,601.5642906921763,11.422784620933655,0
2023-01-03 01:53:00,541.2237827970359,11.291010968701887,0
2023-01-03 01:54:00,658.6559951001009,10.33390520233163,0
2023-01-03 01:55:00,600.9950186665383,9.956023234862188,0
2023-01-03 01:56:00,643.4455709801182,10.331940437681034,0
2023-01-03 01:57:00,546.4945302589613,10.460365637350398,0
2023-01-03 01:58:00,566.566650643967,10.029107105358786,0
2023-01-03 01:59:00,619.6989774912486,8.519664521366666,0
2023-01-03 02:00:00,1091.3696293254761,9.496667105777531,0
2023-01-03 02:01:00,520.5070825067946,9.802964693340357,0
2023-01-03 02:02:00,616.4655405086252,10.939080145942523,0
2023-01-03 02:03:00,535.3330764621778,10.179562416389516,0
2023-01-03 02:04:00,523.6659987766119,12.666296061611835,0
2023-01-03 02:05:00,475.24182521120747,10.805713122132236,0
2023-01-03 02:06:00,579.7252063433384,9.466945509928975,0
2023-01-03 02:07:00,578.3457990658039,9.041581576771005,0
2023-01-03 02:08:00,638.3626336609107,9.893351792814265,0
2023-01-03 02:09:00,502.5556494126235,11.427242012922417,0
2023-01-03 02:10:00,529.6521258265198,11.201098939524186,0
2023-01-03 02:11:00,591.7659306218858,11.214567875268012,0
2023-01-03 02:12:00,558.317198851816,9.235376725823544,0
2023-01-03 02:13:00,634.4951000905592,10.253496148631108,0
2023-01-03 02:14:00,703.0721609043073,7.803101561145617,0
2023-01-03 02:15:00,460.14407623960733,12.730610673301321,0
2023-01-03 02:16:00,638.1630383583455,9.289745470923002,0
2023-01-03 02:17:00,545.3407071596159,11.380167635235736,0
2023-01-03 02:18:00,672.6934787389439,11.05626961641479,0
2023-01-03 02:19:00,517.3524835330873,9.707172002686542,0
2023-01-03 02:20:00,644.0457419530404,9.159747808667074,0
2023-01-03 02:21:00,621.9700353082869,8.603630712310775,0
2023-01-03 02:22:00,568.6247256365497,10.331088115999552,0
2023-01-03 02:23:00,641.5359898019018,11.310366041082919,0
2023-01-03 02:24:00,658.128189164298,10.958624784584243,0
2023-01-03 02:25:00,591.4393152253975,10.843629667264992,0
2023-01-03 02:26:00,620.1308026125745,12.311931631269463,0
2023-01-03 02:27:00,627.1244390164366,9.418634756599152,0
2023-01-03 02:28:00,637.7531357215352,10.395620437724286,0
2023-01-03 02:29:00,572.8506252537361,9.006649191257955,0
2023-01-03 02:30:00,639.8193188317407,10.506934235282118,0
2023-01-03 02:31:00,647.7375963380767,8.931621779414385,0
2023-01-03 02:32:00,594.6850133733336,10.471938147354564,0
2023-01-03 02:33:00,599.0313581785058,9.965377253080314,0
2023-01-03 02:34:00,603.2993879764914,11.64607322170631,0
2023-01-03 02:35:00,676.1530265794636,8.677024752159975,0
2023-01-03 02:36:00,697.8189485486963,10.825680442010587,0
2023-01-03 02:37:00,612.7982533356949,11.577974360758915,0
2023-01-03 02:38:00,652.1515862874589,9.219146983417156,0
2023-01-03 02:39:00,600.6884264218623,10.869378090170107,0
2023-01-03 02:40:00,642.209154382664,11.191754937526882,0
2023-01-03 02:41:00,606.1278372552099,9.72338121105202,0
2023-01-03 02:42:00,603.0245922457968,11.097721858583785,0
2023-01-03 02:43:00,633.0455624128517,9.834760317919244,0
2023-01-03 02:44:00,629.3085492512668,11.56704279034669,0
2023-01-03 02:45:00,656.2737575776832,10.561420739252346,0
2023-01-03 02:46:00,510.21251268052754,11.48124405282831,0
2023-01-03 02:47:00,645.9117730095122,9.789823142528869,0
2023-01-03 02:48:00,585.2239046823765,10.46899111572037,0
2023-01-03 02:49:00,662.102718801442,11.409902453113306,0
2023-01-03 02:50:00,592.4713742478071,9.68889594877633,0
2023-01-03 02:51:00,801.9400525920196,11.31787683022434,0
2023-01-03 02:52:00,567.3914340238669,10.467951339721091,0
2023-01-03 02:53:00,627.8359862041003,10.52126366231653,0
2023-01-03 02:54:00,624.3884390777796,11.699612771929946,0
2023-01-03 02:55:00,641.857226596885,9.043970210076553,0
2023-01-03 02:56:00,711.0436968887402,11.72149069018587,0
2023-01-03 02:57:00,625.5357699030056,10.25018477692536,0
2023-01-03 02:58:00,696.3204007693296,10.243107517231026,0
2023-01-03 02:59:00,638.4411616990783,11.374058464358159,0
2023-01-03 03:00:00,639.0527846259505,9.960236456450795,0
2023-01-03 03:01:00,571.5908747673429,10.813254860065124,0
2023-01-03 03:02:00,700.2588260278928,10.52313364295531,0
2023-01-03 03:03:00,599.9175595482166,11.685011743900693,0
2023-01-03 03:04:00,561.5116405007147,9.776796988025984,0
2023-01-03 03:05:00,660.8138696063259,12.366187832522034,0
2023-01-03 03:06:00,616.3159885082173,9.585220234763101,0
2023-01-03 03:07:00,582.5044446104845,9.817251481160492,0
2023-01-03 03:08:00,565.7187067279854,9.616250111400719,0
2023-01-03 03:09:00,631.5054590889204,8.831966447823124,0
2023-01-03 03:10:00,747.1033599447865,9.63981915195268,0
2023-01-03 03:11:00,698.6873214169493,9.824195334848554,0
2023-01-03 03:12:00,696.1092207500529,10.634999370182394,0
2023-01-03 03:13:00,687.4870789455792,9.838053537915616,0
2023-01-03 03:14:00,698.0977590482798,8.953477653118805,0
2023-01-03 03:15:00,620.914850020446,10.431845490759208,0
2023-01-03 03:16:00,545.8536065668303,8.423831772058918,0
2023-01-03 03:17:00,703.4472424721536,10.217896706668096,0
2023-01-03 03:18:00,614.9938368705562,9.389317881554772,0
2023-01-03 03:19:00,698.7105345102062,10.110236221322644,0
2023-01-03 03:20:00,737.0816965396876,12.559889341816511,0
2023-01-03 03:21:00,630.058300686505,11.495725562428394,0
2023-01-03 03:22:00,597.0117655106146,10.01734990433394,0
2023-01-03 03:23:00,669.8478211839259,9.37104529575479,0
2023-01-03 03:24:00,662.9016349324612,10.064795886137562,0
2023-01-03 03:25:00,603.8812110564221,8.554282454272906,0
2023-01-03 03:26:00,597.3366682541807,8.620325176068622,0
2023-01-03 03:27:00,678.2792627260922,9.521397046447417,0
2023-01-03 03:28:00,756.4293305150887,9.120027385369955,0
2023-01-03 03:29:00,604.2375314500204,9.084170449142487,0
2023-01-03 03:30:00,694.1361202975975,10.431169924365541,0
2023-01-03 03:31:00,648.0084739751901,10.49586341329188,0
2023-01-03 03:32:00,726.0576159006937,10.935036842367609,0
2023-01-03 03:33:00,613.3410455017398,9.59236520251075,0
2023-01-03 03:34:00,630.7521542354837,10.1884127843997,0
2023-01-03 03:35:00,637.4711049531252,10.01615289832657,0
2023-01-03 03:36:00,663.6364225269443,10.197200537921358,0
2023-01-03 03:37:00,687.5653524735075,10.98328269793444,0
2023-01-03 03:38:00,537.4009400940622,10.002505069369251,0
2023-01-03 03:39:00,749.1693642236522,9.351264259053712,0
2023-01-03 03:40:00,1051.4282957041705,11.035152385562714,0
2023-01-03 03:41:00,668.9501654439201,10.121449475124372,0
2023-01-03 03:42:00,598.3242470512564,11.494344388902556,0
2023-01-03 03:43:00,624.7383726146522,10.563208134696142,0
2023-01-03 03:44:00,668.3808978913919,10.528685213997845,0
2023-01-03 03:45:00,655.9747422577655,8.54172075395846,0
2023-01-03 03:46:00,682.2060803759528,10.022772387138982,0
2023-01-03 03:47:00,564.2194231543464,9.064751675445018,0
2023-01-03 03:48:00,658.9963478494609,10.502389841546117,0
2023-01-03 03:49:00,751.0931591613598,10.699973079542145,0
2023-01-03 03:50:00,684.2549590500684,9.513804017156668,0
2023-01-03 03:51:00,628.1105681681124,10.737271171779462,0
2023-01-03 03:52:00,661.608188043047,10.521597551511977,0
2023-01-03 03:53:00,697.2379205495471,10.558633138117804,0
2023-01-03 03:54:00,732.8267639024123,7.3842689072944125,0
2023-01-03 03:55:00,730.241834420605,10.476382275499763,0
2023-01-03 03:56:00,615.0290292867139,11.86547280603102,0
2023-01-03 03:57:00,686.6978601363488,10.103945627869184,0
2023-01-03 03:58:00,670.7137696072843,10.817723911343796,0
2023-01-03 03:59:00,628.4613162366285,9.872664988524376,0
2023-01-03 04:00:00,732.7420515091142,9.43315430551761,0
2023-01-03 04:01:00,673.8305380832717,8.946796321675635,0
2023-01-03 04:02:00,723.6250053407417,9.703081785030552,0
2023-01-03 04:03:00,673.1939148340949,11.123889586063077,0
2023-01-03 04:04:00,685.7267306052771,11.269519124709392,0
2023-01-03 04:05:00,765.4242517349645,10.987604767313634,0
2023-01-03 04:06:00,650.438715008747,9.889695672157353,0
2023-01-03 04:07:00,646.8103149766043,10.695886060391892,0
2023-01-03 04:08:00,665.7437535910002,10.406860086066962,0
2023-01-03 04:09:00,658.769475570106,10.08093700729656,0
2023-01-03 04:10:00,711.3368690584007,9.782310693570537,0
2023-01-03 04:11:00,661.023271847916,10.248216096204615,0
2023-01-03 04:12:00,702.6952009963234,9.689193310739773,0
2023-01-03 04:13:00,727.6485482043322,9.434716980356106,0
2023-01-03 04:14:00,579.445059762352,9.694999815743389,0
2023-01-03 04:15:00,640.5806338514301,12.347186736498383,0
2023-01-03 04:16:00,733.8209256404721,11.888694929338715,0
2023-01-03 04:17:00,733.7555038833557,9.02220147993102,0
2023-01-03 04:18:00,618.5724585926137,8.98634476323939,0
2023-01-03 04:19:00,659.4292969622054,10.245752005533184,0
2023-01-03 04:20:00,708.1418937228531,10.364454617224654,0
2023-01-03 04:21:00,627.8384905980568,11.496947766420156,0
2023-01-03 04:22:00,643.5395902263476,10.465142703442107,0
2023-01-03 04:23:00,703.4135322723448,10.361599809892402,0
2023-01-03 04:24:00,658.6375341472492,10.296216072316472,0
2023-01-03 04:25:00,603.0493551879216,10.241524615807037,0
2023-01-03 04:26:00,707.7133128287053,9.864777997640333,0
2023-01-03 04:27:00,723.8511460982802,11.03006910082376,0
2023-01-03 04:28:00,772.4870081810127,11.215984856461585,0
2023-01-03 04:29:00,713.937249048425,11.94136857688229,0
2023-01-03 04:30:00,637.7767175720444,8.653940802189366,0
2023-01-03 04:31:00,665.4177489700631,11.453636352721933,0
2023-01-03 04:32:00,723.0746060996287,11.784765059790391,0
2023-01-03 04:33:00,567.4285872007001,10.625584515780147,0
2023-01-03 04:34:00,617.717301118105,9.194910702243092,0
2023-01-03 04:35:00,640.6466304583206,10.565997229013664,0
2023-01-03 04:36:00,672.086674897035,9.296109109531294,0
2023-01-03 04:37:00,728.6233227228897,10.07980930618391,0
2023-01-03 04:38:00,701.9178460995581,9.993428847139498,0
2023-01-03 04:39:00,687.1957527161726,10.522658258770313,0
2023-01-03 04:40:00,736.5095540538883,11.785909885178201,0
2023-01-03 04:41:00,641.4271825589955,9.303548850614982,0
2023-01-03 04:42:00,728.1546138350486,10.39800270428587,0
2023-01-03 04:43:00,558.5972827348548,10.99879810193832,0
2023-01-03 04:44:00,660.2992358684579,11.063018323277909,0
2023-01-03 04:45:00,662.9779229248633,10.938126067172302,0
2023-01-03 04:46:00,641.4267784943522,11.045179860179815,0
2023-01-03 04:47:00,567.8120921084189,8.487963565488315,0
2023-01-03 04:48:00,514.4538458373129,9.808102932875354,0
2023-01-03 04:49:00,685.0240827695249,10.609448916824862,0
2023-01-03 04:50:00,733.8015363576196,10.801973621456025,0
2023-01-03 04:51:00,722.2863994831538,10.105705252009917,0
2023-01-03 04:52:00,646.3577633010192,10.786276127825877,0
2023-01-03 04:53:00,744.1716428084083,10.459108466090038,0
2023-01-03 04:54:00,692.335837659079,8.947796193615233,0
2023-01-03 04:55:00,752.0984869538047,9.586525848117615,0
2023-01-03 04:56:00,624.643458072539,9.41375079467907,0
2023-01-03 04:57:00,774.3519746049776,9.868324897601847,0
2023-01-03 04:58:00,679.9069343898161,9.50298991713434,0
2023-01-03 04:59:00,692.11973153596,10.478105271350293,0
2023-01-03 05:00:00,680.1230178688913,8.39802991092983,0
2023-01-03 05:01:00,631.2001775431061,10.559142809599079,0
2023-01-03 05:02:00,727.2620737845041,7.180397079185118,0
2023-01-03 05:03:00,747.3183080399342,9.922571844462736,0
2023-01-03 05:04:00,702.8302849999375,9.534688628506892,0
2023-01-03 05:05:00,707.9372618672033,5.798473906186922,0
2023-01-03 05:06:00,667.8958148954878,10.042056455441822,0
2023-01-03 05:07:00,707.0523345599937,10.82163913550135,0
2023-01-03 05:08:00,747.4794656196589,10.608870510253864,0
2023-01-03 05:09:00,682.3490807739337,9.82839807791528,0
2023-01-03 05:10:00,654.5844210304335,10.703416043253117,0
2023-01-03 05:11:00,746.8736542589925,10.045516115961712,0
2023-01-03 05:12:00,731.9073716775852,12.104630892703813,0
2023-01-03 05:13:00,689.1678913587099,9.383564153144071,0
2023-01-03 05:14:00,703.4647653390548,9.627421343609278,0
2023-01-03 05:15:00,676.6148860386793,11.394212732881739,0
2023-01-03 05:16:00,594.5502083463946,9.042579030337775,0
2023-01-03 05:17:00,679.97010824812,8.724366828116239,0
2023-01-03 05:18:00,792.5078314544617,10.996855448048171,0
2023-01-03 05:19:00,646.7124771468007,8.052964339054839,0
2023-01-03 05:20:00,1178.385428209659,9.682914402312113,0
2023-01-03 05:21:00,636.1112657152237,10.049234740051533,0
2023-01-03 05:22:00,704.2497736850767,10.77856938924964,0
2023-01-03 05:23:00,759.8280939248775,8.562572238529025,0
2023-01-03 05:24:00,654.8246040315177,8.86421124202871,0
2023-01-03 05:25:00,660.4899895911833,10.556459188112079,0
2023-01-03 05:26:00,645.7487650358385,9.282967774945408,0
2023-01-03 05:27:00,729.5451702047874,10.549294626251893,0
2023-01-03 05:28:00,664.4770944839624,10.428419101420785,0
2023-01-03 05:29:00,667.0862690714898,9.842176956652107,0
2023-01-03 05:30:00,741.5238711924746,10.074653050057355,0
2023-01-03 05:31:00,736.7011875095651,9.827070012094211,0
2023-01-03 05:32:00,764.6915873489814,8.801030506932891,0
2023-01-03 05:33:00,741.681934878663,10.055549521527421,0
2023-01-03 05:34:00,703.9263211055729,12.164858824083536,0
2023-01-03 05:35:00,710.9160569713587,9.438216698031722,0
2023-01-03 05:36:00,711.988236162868,9.271152724847054,0
2023-01-03 05:37:00,612.0804267688649,10.07127844013542,0
2023-01-03 05:38:00,785.2987363092926,9.987022333300445,0
2023-01-03 05:39:00,594.2914277540397,11.119379213925106,0
2023-01-03 05:40:00,681.9566073568509,9.169519871194131,0
2023-01-03 05:41:00,689.4109936705189,9.23987469923018,0
2023-01-03 05:42:00,777.4545176725582,10.152849249948234,0
2023-01-03 05:43:00,714.0754452653883,10.453070813202237,0
2023-01-03 05:44:00,727.0337110000701,8.649063228591688,0
2023-01-03 05:45:00,655.2653251155984,11.179462207804843,0
2023-01-03 05:46:00,562.7002725856048,9.838097438820585,0
2023-01-03 05:47:00,690.9792978372162,9.960927683169471,0
2023-01-03 05:48:00,800.7057277863953,9.55510137678646,0
2023-01-03 05:49:00,707.9839180713868,9.937728601013644,0
2023-01-03 05:50:00,752.319746103257,9.168379976394645,0
2023-01-03 05:51:00,653.543929024002,11.00338848059066,0
2023-01-03 05:52:00,694.7123359126507,10.78754695923582,0
2023-01-03 05:53:00,672.1314216153211,9.93225115265114,0
2023-01-03 05:54:00,813.5674587255214,11.97009210679536,0
2023-01-03 05:55:00,692.0734919060818,10.69083959063923,0
2023-01-03 05:56:00,722.4462819050443,9.604678578327391,0
2023-01-03 05:57:00,631.8472525462738,10.597027337283716,0
2023-01-03 05:58:00,655.7515556860571,9.161148328277891,0
2023-01-03 05:59:00,684.7952399420125,9.361638859181992,0
2023-01-03 06:00:00,780.9610170235363,10.483925051021536,0
2023-01-03 06:01:00,796.2743812543242,9.598783211178512,0
2023-01-03 06:02:00,646.6641767528278,9.95947384161627,0
2023-01-03 06:03:00,673.6399161305958,10.058373197101945,0
2023-01-03 06:04:00,657.7811802034144,10.148388566204128,0
2023-01-03 06:05:00,703.0864388713061,8.193817153034288,0
2023-01-03 06:06:00,672.8349458785949,11.20777907979742,0
2023-01-03 06:07:00,698.3622762699252,8.59697785528206,0
2023-01-03 06:08:00,772.0398507792514,10.08009451773491,0
2023-01-03 06:09:00,713.9866088148021,10.195330732858677,0
2023-01-03 06:10:00,662.7854920479432,9.8647842807951,0
2023-01-03 06:11:00,680.2599019621548,10.303810952809599,0
2023-01-03 06:12:00,718.9714802412766,10.102004639136831,0
2023-01-03 06:13:00,670.3044703766695,9.113859269361953,0
2023-01-03 06:14:00,676.6082483527204,11.307387943505306,0
2023-01-03 06:15:00,666.4940266062434,9.728537606222705,0
2023-01-03 06:16:00,776.4013889511338,9.915276054952047,0
2023-01-03 06:17:00,583.0436728345705,10.97230293841916,0
2023-01-03 06:18:00,774.5631718436368,9.228259356716634,0
2023-01-03 06:19:00,654.1684655316479,9.80356175848286,0
2023-01-03 06:20:00,631.6916964584624,9.670465214009582,0
2023-01-03 06:21:00,744.6484937467159,11.119768405292973,0
2023-01-03 06:22:00,700.9517544074185,8.083552811754778,0
2023-01-03 06:23:00,673.7308151175474,8.895121341003644,0
2023-01-03 06:24:00,810.3384099949631,8.794183414402962,0
2023-01-03 06:25:00,580.4304033070996,10.41857606060197,0
2023-01-03 06:26:00,705.6698491677071,11.618771017199462,0
2023-01-03 06:27:00,729.2918756528355,11.21920648545358,0
2023-01-03 06:28:00,706.2065576512354,10.153747212453407,0
2023-01-03 06:29:00,628.3722099899402,9.504328020199633,0
2023-01-03 06:30:00,698.7200255501474,10.9497827074251,0
2023-01-03 06:31:00,720.4361475430452,9.344260334933274,0
2023-01-03 06:32:00,669.9583749851902,11.498837043015227,0
2023-01-03 06:33:00,640.5659154676738,9.605249096076658,0
2023-01-03 06:34:00,654.943810784313,8.732031321819107,0
2023-01-03 06:35:00,679.3183623088294,10.455282487345556,0
2023-01-03 06:36:00,683.998102824031,11.589537995439018,0
2023-01-03 06:37:00,617.4588454095456,8.192153104588533,0
2023-01-03 06:38:00,700.004860090094,10.160770193861417,0
2023-01-03 06:39:00,719.7472594845523,10.067332827753575,0
2023-01-03 06:40:00,644.1731339768645,10.29602744473931,0
2023-01-03 06:41:00,738.8226115357713,11.826066847121723,0
2023-01-03 06:42:00,669.642594100962,7.059502819766966,0
2023-01-03 06:43:00,699.1043897061783,10.551624493064896,0
2023-01-03 06:44:00,688.0651120943074,8.791574740461968,0
2023-01-03 06:45:00,700.6225955245707,9.823226167643298,0
2023-01-03 06:46:00,679.4243772834449,10.149739616867139,0
2023-01-03 06:47:00,625.911083267716,8.692160573796793,0
2023-01-03 06:48:00,799.9326083548107,8.941630810136527,0
2023-01-03 06:49:00,720.0670138546382,10.319636409480651,0
2023-01-03 06:50:00,646.8380827223045,9.728438714623636,0
2023-01-03 06:51:00,690.5605775269293,10.079463200577472,0
2023-01-03 06:52:00,730.1826558762768,13.425400800119895,0
2023-01-03 06:53:00,690.7120672177114,10.503457959785884,0
2023-01-03 06:54:00,655.1964147611943,10.740784815676445,0
2023-01-03 06:55:00,772.7037825270942,10.702568456834502,0
2023-01-03 06:56:00,745.4715791770869,9.918784185265753,0
2023-01-03 06:57:00,794.0353724135688,9.96954348509086,0
2023-01-03 06:58:00,722.5722901946764,8.706662431623835,0
2023-01-03 06:59:00,764.6390510539873,8.949336644656999,0
2023-01-03 07:00:00,1160.1382039574705,9.725393105869069,0
2023-01-03 07:01:00,690.6927452288154,10.862205841823918,0
2023-01-03 07:02:00,798.5715420181031,9.412664756126013,0
2023-01-03 07:03:00,707.4813178022929,10.596437028491746,0
2023-01-03 07:04:00,605.8873413196959,8.479155491871255,0
2023-01-03 07:05:00,672.7770865096463,10.885476732365966,0
2023-01-03 07:06:00,663.4019851243211,9.274526063503151,0
2023-01-03 07:07:00,670.0984228312493,11.351615257935595,0
2023-01-03 07:08:00,710.9761746870964,9.409456526492677,0
2023-01-03 07:09:00,696.2788862144519,8.780020212894271,0
2023-01-03 07:10:00,736.0313630487062,10.92910670618303,0
2023-01-03 07:11:00,698.9599355018622,10.614903625596146,0
2023-01-03 07:12:00,706.3772154512974,10.256611173883606,0
2023-01-03 07:13:00,665.5098644285196,9.308964500746784,0
2023-01-03 07:14:00,681.8372963822774,9.036727490676567,0
2023-01-03 07:15:00,745.6582541067846,8.537302092553663,0
2023-01-03 07:16:00,646.657841139886,9.544841546001154,0
2023-01-03 07:17:00,704.6389248030944,10.953467239489486,0
2023-01-03 07:18:00,683.7293465440479,9.10624824201116,0
2023-01-03 07:19:00,697.9044979975322,10.201724660523606,0
2023-01-03 07:20:00,667.5104345977566,7.939623512342598,0
2023-01-03 07:21:00,594.4449035745016,9.01836075762893,0
2023-01-03 07:22:00,671.066490626539,10.649391602535687,0
2023-01-03 07:23:00,671.3938865546094,7.72565272160495,0
2023-01-03 07:24:00,568.6100252389182,9.158848836565525,0
2023-01-03 07:25:00,683.1062460476211,9.625397649042396,0
2023-01-03 07:26:00,736.3000107017644,9.744966549051828,0
2023-01-03 07:27:00,709.9109802807168,11.381956933696383,0
2023-01-03 07:28:00,786.2384051957374,8.334117904056557,0
2023-01-03 07:29:00,707.4155180174768,10.214454510006224,0
2023-01-03 07:30:00,793.7192411456543,9.564961585445054,0
2023-01-03 07:31:00,783.474190486746,9.823660895620984,0
2023-01-03 07:32:00,696.1571291988771,9.016283831749902,0
2023-01-03 07:33:00,653.9595698922001,12.969176771921864,0
2023-01-03 07:34:00,706.9037604952251,10.941521368510278,0
2023-01-03 07:35:00,699.4525035264148,10.221357474928471,0
2023-01-03 07:36:00,764.5698889190045,11.357463756768308,0
2023-01-03 07:37:00,691.528589491512,12.175358074865516,0
2023-01-03 07:38:00,616.2796401430593,9.970284781443471,0
2023-01-03 07:39:00,663.4736105230857,10.116190836737617,0
2023-01-03 07:40:00,747.9998210675526,11.808119867483086,0
2023-01-03 07:41:00,709.2527583418816,8.671541836267593,0
2023-01-03 07:42:00,646.2189685583544,12.075633301117687,0
2023-01-03 07:43:00,624.0127292152853,10.061142748899378,0
2023-01-03 07:44:00,767.9523435335518,10.157851692403678,0
2023-01-03 07:45:00,659.0479346423379,9.429638323144005,0
2023-01-03 07:46:00,575.9196884204342,9.824169144059352,0
2023-01-03 07:47:00,615.4651560894024,9.924429943064373,0
2023-01-03 07:48:00,670.5599559766786,10.442392494365196,0
2023-01-03 07:49:00,640.7935775221232,11.368288977974412,0
2023-01-03 07:50:00,639.1388079179926,9.530228216049233,0
2023-01-03 07:51:00,656.6534425363949,9.285187864002767,0
2023-01-03 07:52:00,647.3426457191025,10.257494603816953,0
2023-01-03 07:53:00,665.4124091436678,9.596647557665733,0
2023-01-03 07:54:00,699.0606016091125,10.239930483732252,0
2023-01-03 07:55:00,648.9227411992947,10.316230907210867,0
2023-01-03 07:56:00,716.1311516736453,9.785261929379121,0
2023-01-03 07:57:00,693.3958962688647,11.004546090660494,0
2023-01-03 07:58:00,669.413857350858,8.938062891416907,0
2023-01-03 07:59:00,565.4814928325588,10.668057237141257,0
2023-01-03 08:00:00,774.8335215632568,8.558700394758262,0
2023-01-03 08:01:00,613.5077498084349,10.749367283680671,0
2023-01-03 08:02:00,702.1670911653896,9.540758608155652,0
2023-01-03 08:03:00,680.5742176074951,10.259782320115754,0
2023-01-03 08:04:00,745.3138668596698,9.165870427009077,0
2023-01-03 08:05:00,622.7454799098044,11.142986585106462,0
2023-01-03 08:06:00,649.678382583717,9.962400108082592,0
2023-01-03 08:07:00,618.6025436100366,10.365177319964063,0
2023-01-03 08:08:00,574.0581235559969,11.06035238489684,0
2023-01-03 08:09:00,551.1842610630679,9.577901262558726,0
2023-01-03 08:10:00,668.6113154517612,8.6247634674175,0
2023-01-03 08:11:00,682.7845465273201,9.45481280018842,0
2023-01-03 08:12:00,701.9151815435916,10.462852872238656,0
2023-01-03 08:13:00,717.9242613048814,9.749813222498679,0
2023-01-03 08:14:00,688.9452496291502,11.232098718881499,0
2023-01-03 08:15:00,611.5891817442707,10.38413329798445,0
2023-01-03 08:16:00,628.5193853670648,8.263679026710264,0
2023-01-03 08:17:00,665.017168362749,11.080715394649582,0
2023-01-03 08:18:00,717.7338365927562,9.206375126619644,0
2023-01-03 08:19:00,621.6231314589669,11.182443672479119,0
2023-01-03 08:20:00,606.3765177836398,9.965024449916715,0
2023-01-03 08:21:00,761.0081571874825,11.51857755944864,0
2023-01-03 08:22:00,552.1188821170842,9.566324446252146,0
2023-01-03 08:23:00,698.7237502516253,10.492866526711797,0
2023-01-03 08:24:00,677.8015416914708,11.514252816210329,0
2023-01-03 08:25:00,694.0615885176551,10.840927738619872,0
2023-01-03 08:26:00,628.0175147613836,8.550424119595098,0
2023-01-03 08:27:00,677.0384501565766,9.438590792320742,0
2023-01-03 08:28:00,692.3878179396513,8.656407319957724,0
2023-01-03 08:29:00,673.0471204845161,9.459835364184533,0
2023-01-03 08:30:00,675.8124986024427,9.978662687799638,0
2023-01-03 08:31:00,641.7839705053635,11.619039706659395,0
2023-01-03 08:32:00,675.3831830414101,11.30268377124034,0
2023-01-03 08:33:00,712.4576746907718,10.08648775087308,0
2023-01-03 08:34:00,640.7930449748607,9.437096249884396,0
2023-01-03 08:35:00,680.9793080792361,11.481981063095303,0
2023-01-03 08:36:00,727.5370065073562,10.922786508185068,0
2023-01-03 08:37:00,666.5655782407538,7.181713438965143,0
2023-01-03 08:38:00,717.3378406154084,10.484620751294521,0
2023-01-03 08:39:00,713.7304791155392,10.68704920424477,0
2023-01-03 08:40:00,1132.1376124860371,9.246558971984268,0
2023-01-03 08:41:00,647.7407501326303,11.907371108935333,0
2023-01-03 08:42:00,690.722251879786,10.407004580568714,0
2023-01-03 08:43:00,686.870169846629,10.368032016414253,0
2023-01-03 08:44:00,637.6086897772983,10.237021879702919,0
2023-01-03 08:45:00,750.9371226786031,10.697663226228089,0
2023-01-03 08:46:00,649.1742158364347,10.63288907589557,0
2023-01-03 08:47:00,672.0148552068857,10.310612033996776,0
2023-01-03 08:48:00,681.4854600523453,10.19475733580016,0
2023-01-03 08:49:00,590.8822087894076,10.092555254326777,0
2023-01-03 08:50:00,606.8308689911324,9.156029982126705,0
2023-01-03 08:51:00,693.5831274789925,11.777818572104668,0
2023-01-03 08:52:00,569.9521288196643,10.847855680498984,0
2023-01-03 08:53:00,773.5340434889931,10.345141344157938,0
2023-01-03 08:54:00,655.6785260876334,10.197627574882485,0
2023-01-03 08:55:00,706.2791012783616,8.560577032915246,0
2023-01-03 08:56:00,620.8212658720478,9.399728185569748,0
2023-01-03 08:57:00,608.887819668797,9.79131048925427,0
2023-01-03 08:58:00,632.3419396512618,9.148405124520648,0
2023-01-03 08:59:00,613.5077714550337,9.048532933099226,0
2023-01-03 09:00:00,625.1438906154175,10.162771963288726,0
2023-01-03 09:01:00,648.9604266869271,9.424664791832074,0
2023-01-03 09:02:00,739.1268387571617,11.130646564744044,0
2023-01-03 09:03:00,653.2140195226924,9.849350752156582,0
2023-01-03 09:04:00,610.8026035199582,10.027499900510325,0
2023-01-03 09:05:00,680.8396006489454,10.847377604597257,0
2023-01-03 09:06:00,706.8092365144993,9.909221546798502,0
2023-01-03 09:07:00,584.4359268026948,10.294381351551857,0
2023-01-03 09:08:00,579.0804535925413,8.976971891061337,0
2023-01-03 09:09:00,615.9402028563392,10.655632034874502,0
2023-01-03 09:10:00,681.850016356556,10.369712534790747,0
2023-01-03 09:11:00,595.3648686824002,8.697679904680223,0
2023-01-03 09:12:00,622.7927442673041,10.46651154831729,0
2023-01-03 09:13:00,726.1008474362593,9.177006764922341,0
2023-01-03 09:14:00,646.5250831324302,10.12512078816644,0
2023-01-03 09:15:00,600.9742782704304,8.595123487691295,0
2023-01-03 09:16:00,621.3574989329068,10.70300815776976,0
2023-01-03 09:17:00,567.1633767483949,10.580613795800735,0
2023-01-03 09:18:00,521.122830172961,10.7772359694197,0
2023-01-03 09:19:00,617.9728626581821,10.04142306205875,0
2023-01-03 09:20:00,591.7640041504969,9.053823038697642,0
2023-01-03 09:21:00,591.512972466107,10.974311254063858,0
2023-01-03 09:22:00,586.6444093873079,7.95620506767063,0
2023-01-03 09:23:00,661.4681023736579,9.962180591906629,0
2023-01-03 09:24:00,734.5008849694129,9.680560532449098,0
2023-01-03 09:25:00,685.8148797208729,10.502469306953637,0
2023-01-03 09:26:00,659.0608739958858,9.806914654708711,0
2023-01-03 09:27:00,710.9466598462589,10.323568191033143,0
2023-01-03 09:28:00,679.0648215882409,9.929943935681429,0
2023-01-03 09:29:00,619.9568917584367,11.32769586814141,0
2023-01-03 09:30:00,614.4480833813809,12.5276874425255,0
2023-01-03 09:31:00,638.9792233019659,10.931577318274778,0
2023-01-03 09:32:00,633.7351902902399,9.711909939189296,0
2023-01-03 09:33:00,648.7086353373327,11.507011856593037,0
2023-01-03 09:34:00,623.9420886269554,11.003393223898165,0
2023-01-03 09:35:00,529.1446900271757,9.563456170255241,0
2023-01-03 09:36:00,588.0295641792383,10.161829516417818,0
2023-01-03 09:37:00,572.5937480167507,9.852696645928013,0
2023-01-03 09:38:00,571.7952091502747,9.580653408417863,0
2023-01-03 09:39:00,630.0511965850563,8.620437770305207,0
2023-01-03 09:40:00,570.2550555338211,11.38230763623331,0
2023-01-03 09:41:00,609.7202187938948,9.19241922039743,0
2023-01-03 09:42:00,658.5224924867201,10.966824095617756,0
2023-01-03 09:43:00,606.8219495866725,10.428665344665303,0
2023-01-03 09:44:00,644.9393218113305,10.653133383413223,0
2023-01-03 09:45:00,662.269118922478,8.890698968216716,0
2023-01-03 09:46:00,611.4842788988564,10.443635480016628,0
2023-01-03 09:47:00,511.19228713213124,9.68570056098555,0
2023-01-03 09:48:00,637.2028756006952,9.875145393616249,0
2023-01-03 09:49:00,552.5971684140942,11.969403258615612,0
2023-01-03 09:50:00,601.006261263556,9.493589956358075,0
2023-01-03 09:51:00,672.6182361756602,9.940325335316455,0
2023-01-03 09:52:00,650.3102648518452,11.848396365828151,0
2023-01-03 09:53:00,593.0358986004563,8.595439195883468,0
2023-01-03 09:54:00,518.2971334073835,7.478805296352517,0
2023-01-03 09:55:00,562.3377227880827,10.437518652350928,0
2023-01-03 09:56:00,644.2004303801243,10.633366219147625,0
2023-01-03 09:57:00,655.2179636765806,9.02948092099646,0
2023-01-03 09:58:00,662.6859694613539,11.520017563789663,0
2023-01-03 09:59:00,559.0142271904995,11.49717027483282,0
2023-01-03 10:00:00,575.7715802491659,10.374010014240552,0
2023-01-03 10:01:00,590.4491505044185,8.764348082299458,0
2023-01-03 10:02:00,591.9923180193653,9.145609272351402,0
2023-01-03 10:03:00,593.3043188445446,10.495640360706465,0
2023-01-03 10:04:00,684.0399531822012,10.33941431832255,0
2023-01-03 10:05:00,603.299184584701,10.061138949936174,0
2023-01-03 10:06:00,609.6122228194731,10.201638712781895,0
2023-01-03 10:07:00,527.7411959596182,10.324800694119142,0
2023-01-03 10:08:00,620.2779870491134,10.981972219960667,0
2023-01-03 10:09:00,560.9689792064295,10.791777173843398,0
2023-01-03 10:10:00,533.8955159186686,10.229505047753799,0
2023-01-03 10:11:00,676.1517098682785,10.700424455559537,0
2023-01-03 10:12:00,559.1349176269975,9.912782033529037,0
2023-01-03 10:13:00,567.0822809145857,9.604532246167805,0
2023-01-03 10:14:00,555.7504599959638,9.86026279053309,0
2023-01-03 10:15:00,468.96175097278933,8.399085691254294,0
2023-01-03 10:16:00,579.9381103514701,8.912895598929124,0
2023-01-03 10:17:00,615.6629255275924,11.963072150707543,0
2023-01-03 10:18:00,514.5128859346705,11.463212695369338,0
2023-01-03 10:19:00,518.7365018362432,11.923211990945978,0
2023-01-03 10:20:00,1029.7780153570457,9.274022564147916,0
2023-01-03 10:21:00,617.7977163132481,10.473427321694247,0
2023-01-03 10:22:00,517.8447721725352,10.240725781035412,0
2023-01-03 10:23:00,598.7052381280531,10.928955597407505,0
2023-01-03 10:24:00,632.3524432100638,11.350905583065042,0
2023-01-03 10:25:00,480.5419857027657,10.434485279608825,0
2023-01-03 10:26:00,526.9722217769045,9.188334214915194,0
2023-01-03 10:27:00,553.4520045108396,11.21768073595168,0
2023-01-03 10:28:00,659.9653597071692,11.507760268634948,0
2023-01-03 10:29:00,600.1494942059479,8.487017436019341,0
2023-01-03 10:30:00,502.94100227044686,10.505831015762263,0
2023-01-03 10:31:00,550.012470515412,11.443183909171887,0
2023-01-03 10:32:00,632.3743677078949,11.068307626717875,0
2023-01-03 10:33:00,552.3678292527107,10.650219658166211,0
2023-01-03 10:34:00,613.6463630113212,10.57821310626952,0
2023-01-03 10:35:00,561.8843723902967,9.850944902410069,0
2023-01-03 10:36:00,611.9936849543889,11.029123909323502,0
2023-01-03 10:37:00,558.0447010219366,10.131997889803447,0
2023-01-03 10:38:00,601.1792833473893,9.801148963737553,0
2023-01-03 10:39:00,567.699039293593,11.336365455727226,0
2023-01-03 10:40:00,695.2725206857209,11.674124699769456,0
2023-01-03 10:41:00,544.3417468380625,11.66333584315821,0
2023-01-03 10:42:00,591.2868215290374,8.68263483107811,0
2023-01-03 10:43:00,577.5526665555597,10.576064753444328,0
2023-01-03 10:44:00,534.6440647460557,11.47766716233511,0
2023-01-03 10:45:00,551.814183708965,10.349431458541822,0
2023-01-03 10:46:00,555.1154198911706,10.777394058338482,0
2023-01-03 10:47:00,513.9915562890718,11.127154982750623,0
2023-01-03 10:48:00,504.3604101974959,9.857889502344726,0
2023-01-03 10:49:00,510.62644144211396,11.456454306560401,0
2023-01-03 10:50:00,599.5543432691969,9.931062879710236,0
2023-01-03 10:51:00,658.3530046116382,11.452945611163825,0
2023-01-03 10:52:00,602.664648480454,9.314254505162962,0
2023-01-03 10:53:00,513.3541882692647,10.010043279100262,0
2023-01-03 10:54:00,525.1053935180913,11.303870927480244,0
2023-01-03 10:55:00,445.9010934860166,10.55947337163563,0
2023-01-03 10:56:00,520.8858800337961,11.066062837525834,0
2023-01-03 10:57:00,591.1224962906067,9.721782500225203,0
2023-01-03 10:58:00,615.9719975076143,10.488393518923614,0
2023-01-03 10:59:00,533.2890398677421,11.627134343937907,0
2023-01-03 11:00:00,493.7401589354688,10.214858514649919,0
2023-01-03 11:01:00,570.3849939458277,13.245358586758963,0
2023-01-03 11:02:00,535.5967639532073,9.275159678075878,0
2023-01-03 11:03:00,601.8823742021991,10.878089323471539,0
2023-01-03 11:04:00,486.6314165022744,9.90189949782544,0
2023-01-03 11:05:00,478.70328654608267,10.72509785980996,0
2023-01-03 11:06:00,611.2955133642947,11.060096811925245,0
2023-01-03 11:07:00,461.2538221605554,12.37762166429517,0
2023-01-03 11:08:00,566.7290176684519,10.445328039082348,0
2023-01-03 11:09:00,476.0245045142639,9.230750225500735,0
2023-01-03 11:10:00,462.8274300877879,9.010285838526116,0
2023-01-03 11:11:00,578.2811421584164,11.37399329722964,0
2023-01-03 11:12:00,599.2621143761942,8.09067293540095,0
2023-01-03 11:13:00,541.7821755583277,9.607026646256045,0
2023-01-03 11:14:00,511.14695344745303,11.71839517959171,0
2023-01-03 11:15:00,524.3366563532829,10.991058248512253,0
2023-01-03 11:16:00,517.6477991561485,13.198004909639343,0
2023-01-03 11:17:00,535.249860167319,9.72600212423847,0
2023-01-03 11:18:00,452.0070091213775,10.988705814300419,0
2023-01-03 11:19:00,566.0032818428989,11.381940790132331,0
2023-01-03 11:20:00,521.902778982073,10.420869023850369,0
2023-01-03 11:21:00,578.5243465172125,11.230091624480561,0
2023-01-03 11:22:00,498.8245499392159,10.51935956974139,0
2023-01-03 11:23:00,503.370634070693,10.873595515046468,0
2023-01-03 11:24:00,495.7525465935162,11.967327351201208,0
2023-01-03 11:25:00,622.2541951956682,11.022409631509186,0
2023-01-03 11:26:00,502.071294365581,10.78608442858664,0
2023-01-03 11:27:00,481.20973460438535,10.910479705689221,0
2023-01-03 11:28:00,521.2213315676609,11.285824599712186,0
2023-01-03 11:29:00,470.531751676844,11.4138781483643,0
2023-01-03 11:30:00,532.7523568615558,10.876112829057071,0
2023-01-03 11:31:00,536.284362857484,11.230274692479776,0
2023-01-03 11:32:00,516.6600763900171,11.950431945679144,0
2023-01-03 11:33:00,616.3965273772365,11.451573759810408,0
2023-01-03 11:34:00,453.29490385133056,11.579159757837349,0
2023-01-03 11:35:00,467.6272378781338,10.05928013421207,0
2023-01-03 11:36:00,577.6085577021,8.61702990032436,0
2023-01-03 11:37:00,445.11852310885865,11.939084956159899,0
2023-01-03 11:38:00,469.59271365113966,10.851281590249227,0
2023-01-03 11:39:00,490.8704442543917,11.525943477006805,0
2023-01-03 11:40:00,587.4900224375971,11.804977022319905,0
2023-01-03 11:41:00,628.5504453465943,11.861952322948348,0
2023-01-03 11:42:00,639.9947302365827,10.318852392764803,0
2023-01-03 11:43:00,549.3183456210396,10.357952320504506,0
2023-01-03 11:44:00,522.5889858792273,10.52600357155589,0
2023-01-03 11:45:00,472.54107121903394,10.365227399799766,0
2023-01-03 11:46:00,564.1319370310442,8.83692037500851,0
2023-01-03 11:47:00,560.1672981298798,10.799611058592276,0
2023-01-03 11:48:00,488.4134704351688,12.725791730490494,0
2023-01-03 11:49:00,533.6852168213805,9.938584128400272,0
2023-01-03 11:50:00,466.20889644404554,9.660193755487436,0
2023-01-03 11:51:00,549.3531905620158,11.35928180721014,0
2023-01-03 11:52:00,548.2237552109202,10.395165194335593,0
2023-01-03 11:53:00,544.3217106350523,8.756199507633173,0
2023-01-03 11:54:00,501.9941441998566,10.34180950018154,0
2023-01-03 11:55:00,477.86221118621836,9.756141049006791,0
2023-01-03 11:56:00,496.66081002709825,11.858380666752423,0
2023-01-03 11:57:00,489.9373115974004,11.399510669478342,0
2023-01-03 11:58:00,491.20329237419793,10.901290814601655,0
2023-01-03 11:59:00,503.94894831759564,11.028664142120094,0
2023-01-03 12:00:00,967.3768645129019,10.761312051692856,0
2023-01-03 12:01:00,438.00472033258035,10.741382989567557,0
2023-01-03 12:02:00,424.614168133941,10.8017929311909,0
2023-01-03 12:03:00,562.8646147729033,9.925468703608173,0
2023-01-03 12:04:00,510.84846826384575,9.713058333823291,0
2023-01-03 12:05:00,584.1441768634111,11.027168444786406,0
2023-01-03 12:06:00,378.69275805601313,11.784267661469586,0
2023-01-03 12:07:00,540.8203776436613,12.623255509374868,0
2023-01-03 12:08:00,480.3027135779185,11.671417037445277,0
2023-01-03 12:09:00,521.1157747627327,10.62281068045886,0
2023-01-03 12:10:00,471.8379546006541,10.006370606971046,0
2023-01-03 12:11:00,457.95701046683746,11.154455357859977,0
2023-01-03 12:12:00,525.0727387451103,12.125140322764286,0
2023-01-03 12:13:00,549.0608674114692,11.084461870794112,0
2023-01-03 12:14:00,500.3530108137892,8.68965195151782,0
2023-01-03 12:15:00,458.03862734491463,11.84689244499674,0
2023-01-03 12:16:00,470.43202393750835,10.599353527514205,0
2023-01-03 12:17:00,523.9231727144805,9.686364969463156,0
2023-01-03 12:18:00,525.595754538317,12.393838226662474,0
2023-01-03 12:19:00,593.6551652364271,11.311529737450169,0
2023-01-03 12:20:00,439.9155684475515,10.415331359681335,0
2023-01-03 12:21:00,475.48526441249817,9.056536262927883,0
2023-01-03 12:22:00,387.1557060802538,10.289607053693318,0
2023-01-03 12:23:00,499.62859289619826,12.150792345127776,0
2023-01-03 12:24:00,387.43815012614243,11.389263582973701,0
2023-01-03 12:25:00,523.055784537838,11.845037580738497,0
2023-01-03 12:26:00,541.3121771534743,8.690869679738086,0
2023-01-03 12:27:00,397.69358059311134,8.60986455080489,0
2023-01-03 12:28:00,432.5354837463477,10.040610489290867,0
2023-01-03 12:29:00,399.39888674156236,10.375714979365158,0
2023-01-03 12:30:00,506.424842171466,9.376144241867472,0
2023-01-03 12:31:00,400.68749497098634,9.350155022993338,0
2023-01-03 12:32:00,506.3836799417186,10.48455140816785,0
2023-01-03 12:33:00,438.94690645423435,9.183272511588225,0
2023-01-03 12:34:00,508.02281668850236,9.352118030965144,0
2023-01-03 12:35:00,477.38400298314315,10.614486667021506,0
2023-01-03 12:36:00,524.6530983056996,10.710607954328774,0
2023-01-03 12:37:00,507.80288371704336,11.769342050217563,0
2023-01-03 12:38:00,402.4349550549325,11.132921712162926,0
2023-01-03 12:39:00,493.5783970546338,11.498389284572935,0
2023-01-03 12:40:00,427.2712486282188,11.056088201382666,0
2023-01-03 12:41:00,461.0516565075498,10.16031161688144,0
2023-01-03 12:42:00,435.764538521594,12.185630027028477,0
2023-01-03 12:43:00,484.56524124716975,10.623427085164774,0
2023-01-03 12:44:00,529.3342566571347,11.98417432442113,0
2023-01-03 12:45:00,519.5556708052376,10.185304250244835,0
2023-01-03 12:46:00,449.46515476209896,11.081478525560332,0
2023-01-03 12:47:00,468.9398002749034,9.680373838376356,0
2023-01-03 12:48:00,450.4030554836492,8.485870709184049,0
2023-01-03 12:49:00,454.1237144046828,12.884064429586171,0
2023-01-03 12:50:00,462.63712997748013,10.955750688166493,0
2023-01-03 12:51:00,413.6315115383076,10.795969163145312,0
2023-01-03 12:52:00,511.579176748755,10.131537251162431,0
2023-01-03 12:53:00,479.55706738838245,9.683885407301226,0
2023-01-03 12:54:00,450.21978558948564,13.134690685445749,0
2023-01-03 12:55:00,460.1272123095669,10.2354771723426,0
2023-01-03 12:56:00,478.6545586204443,10.343820156081264,0
2023-01-03 12:57:00,402.16918237297824,11.330717946862409,0
2023-01-03 12:58:00,527.3289124523538,9.011529871762075,0
2023-01-03 12:59:00,422.8512949601193,12.920611963085452,0
2023-01-03 13:00:00,357.87636850959086,10.90646350730498,0
2023-01-03 13:01:00,386.1747674701508,9.890905092045196,0
2023-01-03 13:02:00,466.03046761751017,10.424463995584436,0
2023-01-03 13:03:00,460.782251341298,12.608006208260147,0
2023-01-03 13:04:00,406.3035448102827,12.181834382090328,0
2023-01-03 13:05:00,420.93545385337427,9.820730609526663,0
2023-01-03 13:06:00,476.2896805459762,9.94242507657322,0
2023-01-03 13:07:00,460.19101153965306,10.792813470051058,0
2023-01-03 13:08:00,452.3242248323596,9.996451478172752,0
2023-01-03 13:09:00,481.48299197981714,10.300380060511959,0
2023-01-03 13:10:00,485.17529737395313,12.64402879827723,0
2023-01-03 13:11:00,458.60987844749167,10.703981232214602,0
2023-01-03 13:12:00,530.729439704972,10.680837477300077,0
2023-01-03 13:13:00,473.3283223431156,12.684766851431984,0
2023-01-03 13:14:00,494.1445124349534,10.601428683992003,0
2023-01-03 13:15:00,340.8781994207107,10.70717663052127,0
2023-01-03 13:16:00,517.0991876138818,11.050083468356384,0
2023-01-03 13:17:00,390.53353383725096,13.083878729644853,0
2023-01-03 13:18:00,459.12581256879207,11.851709561679783,0
2023-01-03 13:19:00,442.87324708356965,11.096590039292028,0
2023-01-03 13:20:00,393.05157033009164,12.929361968993039,0
2023-01-03 13:21:00,456.8195667793974,11.649248018655221,0
2023-01-03 13:22:00,429.85670398862743,10.168111194166011,0
2023-01-03 13:23:00,479.4115188583038,11.188766084100735,0
2023-01-03 13:24:00,419.4496623895247,10.312671696937217,0
2023-01-03 13:25:00,427.81347667115847,10.836138498368095,0
2023-01-03 13:26:00,410.6689365672027,11.760496213321897,0
2023-01-03 13:27:00,322.17271019762745,10.787016220837078,0
2023-01-03 13:28:00,357.08792376253643,12.885261835872214,0
2023-01-03 13:29:00,413.19639732924054,10.567374187669351,0
2023-01-03 13:30:00,484.2899574006147,11.742804662342037,0
2023-01-03 13:31:00,421.05397081722725,12.813308745507998,0
2023-01-03 13:32:00,471.6296202535133,8.322089823906207,0
2023-01-03 13:33:00,375.79363219423465,12.357558398730895,0
2023-01-03 13:34:00,353.71519591357384,10.763464796817262,0
2023-01-03 13:35:00,367.2532989863194,11.765038548695038,0
2023-01-03 13:36:00,426.5714941224417,10.881519535449247,0
2023-01-03 13:37:00,414.86143648132486,11.921308312479836,0
2023-01-03 13:38:00,476.61431026949685,10.809180392699048,0
2023-01-03 13:39:00,458.97367318076033,12.075160256597059,0
2023-01-03 13:40:00,905.8860974419837,12.125225037734321,0
2023-01-03 13:41:00,371.9252363267262,12.543347948252508,0
2023-01-03 13:42:00,428.4961583814478,11.218529184724181,0
2023-01-03 13:43:00,458.47724770598387,12.334115868486387,0
2023-01-03 13:44:00,274.5267836183621,12.309173711619387,0
2023-01-03 13:45:00,406.20850387750755,10.600301393607394,0
2023-01-03 13:46:00,497.62167371451477,10.992859647563494,0
2023-01-03 13:47:00,397.56913422203996,13.29279095471374,0
2023-01-03 13:48:00,416.6397807199993,10.873983525797673,0
2023-01-03 13:49:00,445.56279576076287,10.075512863061801,0
2023-01-03 13:50:00,420.6391433912682,10.99285239216432,0
2023-01-03 13:51:00,310.989624909499,11.876438557276787,0
2023-01-03 13:52:00,396.7878591959556,11.594545566389158,0
2023-01-03 13:53:00,441.79329390912045,9.699621649454448,0
2023-01-03 13:54:00,347.4660544122401,9.70839976203481,0
2023-01-03 13:55:00,437.57088976238003,10.538449159064797,0
2023-01-03 13:56:00,342.99590451749157,9.974574810498208,0
2023-01-03 13:57:00,303.5472439442829,10.20454165635388,0
2023-01-03 13:58:00,358.98780416287144,10.501117727132945,0
2023-01-03 13:59:00,475.9134327826136,13.14252330511889,0
2023-01-03 14:00:00,417.21358157595813,11.035481549067216,0
2023-01-03 14:01:00,376.91382505572136,11.020234954254366,0
2023-01-03 14:02:00,401.719413560695,11.456249236877046,0
2023-01-03 14:03:00,329.51347604617223,11.66281618654774,0
2023-01-03 14:04:00,435.33481975660237,13.212946611398133,0
2023-01-03 14:05:00,379.29142802111875,11.881698801098471,0
2023-01-03 14:06:00,450.8342362098286,10.923469970231436,0
2023-01-03 14:07:00,372.1420870875849,11.855699797985999,0
2023-01-03 14:08:00,331.5579646308001,11.208839614241592,0
2023-01-03 14:09:00,412.5485680808117,11.708312140705674,0
2023-01-03 14:10:00,325.1512249478061,9.577546677790219,0
2023-01-03 14:11:00,448.5761992201912,10.73212838692045,0
2023-01-03 14:12:00,402.8175827746526,11.183788912493814,0
2023-01-03 14:13:00,409.92335453117033,12.361921466884827,0
2023-01-03 14:14:00,479.36534969988253,11.33277604253729,0
2023-01-03 14:15:00,314.0531952825766,11.015198592590139,0
2023-01-03 14:16:00,439.31271348916005,10.906205833210917,0
2023-01-03 14:17:00,434.91798082636643,9.783208703818831,0
2023-01-03 14:18:00,479.09505074703037,11.007910075046464,0
2023-01-03 14:19:00,403.45729025858515,10.69188108156784,0
2023-01-03 14:20:00,450.7252289704274,10.044876386405196,0
2023-01-03 14:21:00,325.8230735742701,10.153819424056572,0
2023-01-03 14:22:00,433.53590555850656,11.748855374669171,0
2023-01-03 14:23:00,326.6970667415991,10.439537197337529,0
2023-01-03 14:24:00,472.03265490285605,11.621265825677556,0
2023-01-03 14:25:00,421.67332167868904,12.777976814981264,0
2023-01-03 14:26:00,396.9548959572377,11.833984169337123,0
2023-01-03 14:27:00,375.32129577509284,11.86805373313645,0
2023-01-03 14:28:00,443.99526144051896,11.427317868195594,0
2023-01-03 14:29:00,392.93872576801954,11.074519840031563,0
2023-01-03 14:30:00,422.11253435748523,10.977551498592032,0
2023-01-03 14:31:00,266.3681484199732,12.422017435734631,0
2023-01-03 14:32:00,393.31730521182953,12.164291049007144,0
2023-01-03 14:33:00,422.7286119751148,12.156831622660144,0
2023-01-03 14:34:00,381.9059500789722,11.041029138146909,0
2023-01-03 14:35:00,414.812461647413,10.49793279333176,0
2023-01-03 14:36:00,431.8642126204804,9.781494261492778,0
2023-01-03 14:37:00,344.4464609569087,11.04259607545333,0
2023-01-03 14:38:00,393.4175358460465,11.92784207442455,0
2023-01-03 14:39:00,370.34346151374365,10.392301873021921,0
2023-01-03 14:40:00,344.5957837810235,10.331488051428346,0
2023-01-03 14:41:00,337.43286997623954,9.283406378024887,0
2023-01-03 14:42:00,291.6942044519276,13.672359347830362,0
2023-01-03 14:43:00,357.98309736781744,10.517151068149184,0
2023-01-03 14:44:00,338.0795100867151,10.533549938652863,0
2023-01-03 14:45:00,441.66161388838964,10.727238806734842,0
2023-01-03 14:46:00,350.4670700799946,11.325240130604703,0
2023-01-03 14:47:00,324.84960800718534,9.852957120433624,0
2023-01-03 14:48:00,404.5482816335174,12.835240546304103,0
2023-01-03 14:49:00,331.04063117849284,12.514351987207029,0
2023-01-03 14:50:00,324.9113880658622,9.953039260380397,0
2023-01-03 14:51:00,314.47635105470465,13.294306315671005,0
2023-01-03 14:52:00,325.3459728424166,12.4370893755673,0
2023-01-03 14:53:00,376.37049683656136,11.48151039506103,0
2023-01-03 14:54:00,426.91972966184386,11.818065384851684,0
2023-01-03 14:55:00,257.7735344565808,11.140910831967894,0
2023-01-03 14:56:00,427.8364490802322,11.980684407047747,0
2023-01-03 14:57:00,316.51076303308514,10.305011698789407,0
2023-01-03 14:58:00,342.4745577338897,12.328954836098228,0
2023-01-03 14:59:00,283.55037275596163,12.830066876460807,0
2023-01-03 15:00:00,379.44475003170805,11.280206376062036,0
2023-01-03 15:01:00,347.5105233231582,10.74732317439597,0
2023-01-03 15:02:00,424.1066035299226,13.17456940532665,0
2023-01-03 15:03:00,396.9442638962141,10.029268339718788,0
2023-01-03 15:04:00,378.03722824510106,12.612052535218455,0
2023-01-03 15:05:00,258.8277351922231,13.594446583618968,0
2023-01-03 15:06:00,272.43625569104483,12.475154674755789,0
2023-01-03 15:07:00,360.93822126871385,11.875256445707782,0
2023-01-03 15:08:00,368.80533058516215,11.883273796938708,0
2023-01-03 15:09:00,309.7532213134293,10.350558805301683,0
2023-01-03 15:10:00,328.9890180664555,12.611395963214118,0
2023-01-03 15:11:00,300.59935323985417,11.383093868896488,0
2023-01-03 15:12:00,368.8267049099158,10.930357624715164,0
2023-01-03 15:13:00,332.67244076650826,12.377708027046701,0
2023-01-03 15:14:00,397.9157596498666,11.81548730680998,0
2023-01-03 15:15:00,384.3386964261558,10.802178536874182,0
2023-01-03 15:16:00,289.5718816889082,11.32704224201298,0
2023-01-03 15:17:00,396.10521138751176,10.243722019538147,0
2023-01-03 15:18:00,365.94392767905106,10.80804463422566,0
2023-01-03 15:19:00,341.45305164189733,11.948104708010781,0
2023-01-03 15:20:00,798.31796245139,12.814687863182002,0
2023-01-03 15:21:00,398.10540047094895,12.005563783277887,0
2023-01-03 15:22:00,342.5531111807641,11.277375750555013,0
2023-01-03 15:23:00,389.3307846293417,11.123402008782694,0
2023-01-03 15:24:00,391.74880191071674,10.960024842384136,0
2023-01-03 15:25:00,409.37845917057405,13.367943494777661,0
2023-01-03 15:26:00,356.3707549641386,11.496888695087428,0
2023-01-03 15:27:00,385.6424926915996,11.818358259882928,0
2023-01-03 15:28:00,273.801507323678,11.403172221753653,0
2023-01-03 15:29:00,360.5004175018013,12.862824527435565,0
2023-01-03 15:30:00,339.6003668303774,13.104149958464149,0
2023-01-03 15:31:00,342.10521166070004,13.417587317940846,0
2023-01-03 15:32:00,375.0852546036286,11.783709372308248,0
2023-01-03 15:33:00,351.9470575982748,10.840827226519247,0
2023-01-03 15:34:00,367.96047633532544,9.651609419709803,0
2023-01-03 15:35:00,397.5825969641504,13.094779958090003,0
2023-01-03 15:36:00,358.41029676974694,13.73791362944285,0
2023-01-03 15:37:00,327.73000695501537,13.005845701961444,0
2023-01-03 15:38:00,278.37403019345084,13.32297611325553,0
2023-01-03 15:39:00,262.13536701143664,12.385682683250495,0
2023-01-03 15:40:00,289.8366386264686,12.20648244461136,0
2023-01-03 15:41:00,285.7631679429136,13.2108455014288,0
2023-01-03 15:42:00,431.8389084836716,11.984127473383813,0
2023-01-03 15:43:00,376.1143177000977,13.118122839598941,0
2023-01-03 15:44:00,317.0393012297903,11.707592298941425,0
2023-01-03 15:45:00,294.17572321491673,10.678924847476985,0
2023-01-03 15:46:00,463.9291152988162,11.423481592329068,0
2023-01-03 15:47:00,328.7747835651147,12.451256202543512,0
2023-01-03 15:48:00,306.6925589383528,9.31704275996379,0
2023-01-03 15:49:00,363.9016344533154,10.688507807448179,0
2023-01-03 15:50:00,360.26272038155537,12.102420949947083,0
2023-01-03 15:51:00,348.6355940281152,12.245975966125927,0
2023-01-03 15:52:00,379.0741966492104,11.640917668276598,0
2023-01-03 15:53:00,297.51062833282276,10.511819693438234,0
2023-01-03 15:54:00,408.33100174362505,13.251744229434621,0
2023-01-03 15:55:00,366.12808695013086,11.17765163596623,0
2023-01-03 15:56:00,331.4806324174118,10.092093067569508,0
2023-01-03 15:57:00,429.72805143789935,11.473112614399977,0
2023-01-03 15:58:00,381.84677137184633,11.820494925175232,0
2023-01-03 15:59:00,316.12998383617145,11.97882024775053,0
2023-01-03 16:00:00,279.79726932105143,13.222681414418417,0
2023-01-03 16:01:00,280.93546322443757,12.750862692558297,0
2023-01-03 16:02:00,308.69420021027975,11.477603518036036,0
2023-01-03 16:03:00,244.24476778908723,11.997001731117848,0
2023-01-03 16:04:00,210.73955833753715,11.865763410723915,0
2023-01-03 16:05:00,314.34817696768926,12.89852278356078,0
2023-01-03 16:06:00,300.0765611558628,11.040983196492167,0
2023-01-03 16:07:00,419.29281624132375,12.070498133829922,0
2023-01-03 16:08:00,301.94479179308166,11.600235719670085,0
2023-01-03 16:09:00,316.2006103837206,10.41415582780164,0
2023-01-03 16:10:00,346.97811800646616,13.090441549390993,0
2023-01-03 16:11:00,384.1518237875091,12.778098647458894,0
2023-01-03 16:12:00,394.6759025390307,10.479316779095885,0
2023-01-03 16:13:00,304.939709015193,12.167021525661479,0
2023-01-03 16:14:00,277.82611437394365,10.348587508212889,0
2023-01-03 16:15:00,335.046480155273,11.185341941274203,0
2023-01-03 16:16:00,322.4153020022264,11.71277532618801,0
2023-01-03 16:17:00,291.1119576479251,14.803754836923538,0
2023-01-03 16:18:00,242.51012369330743,11.168006093386422,0
2023-01-03 16:19:00,383.1496917519976,12.42437997384458,0
2023-01-03 16:20:00,367.4444525509035,11.931256555704476,0
2023-01-03 16:21:00,391.59299920409586,10.822490107111856,0
2023-01-03 16:22:00,316.1376187514126,10.521846235455758,0
2023-01-03 16:23:00,225.2081089755798,11.45692245979061,0
2023-01-03 16:24:00,330.3980691130154,11.670098818250878,0
2023-01-03 16:25:00,300.87074839673676,12.279293250681164,0
2023-01-03 16:26:00,328.78822595544005,14.09167783127196,0
2023-01-03 16:27:00,325.1898054593484,12.745289014690297,0
2023-01-03 16:28:00,319.9184380319307,13.188076135432452,0
2023-01-03 16:29:00,322.78218446621975,11.985502559838524,0
2023-01-03 16:30:00,380.92393077881474,11.94639600740127,0
2023-01-03 16:31:00,340.85171979726715,11.834895967298081,0
2023-01-03 16:32:00,337.4832015556265,11.000657724887299,0
2023-01-03 16:33:00,234.72879865497146,11.997422560129904,0
2023-01-03 16:34:00,313.4318695096995,13.492887680102912,0
2023-01-03 16:35:00,327.0878232724823,10.18682304435973,0
2023-01-03 16:36:00,327.9273271917905,12.085596160902439,0
2023-01-03 16:37:00,321.8890822681106,12.789084740133811,0
2023-01-03 16:38:00,283.6007047916345,12.687508411181396,0
2023-01-03 16:39:00,312.4610400761275,10.257103267399444,0
2023-01-03 16:40:00,264.3087748800688,11.013372851696396,0
2023-01-03 16:41:00,370.4856928679244,13.29040544265067,0
2023-01-03 16:42:00,188.85414207938808,12.714583021456884,0
2023-01-03 16:43:00,318.7505944283647,12.530591629073527,0
2023-01-03 16:44:00,334.6567710911347,11.515079603573954,0
2023-01-03 16:45:00,288.6185826212938,11.605302106972026,0
2023-01-03 16:46:00,339.28135272046376,10.33507095427582,0
2023-01-03 16:47:00,253.62721478815467,11.721671249456527,0
2023-01-03 16:48:00,381.4540543996552,12.312377267616185,0
2023-01-03 16:49:00,323.19426321936754,13.033207833311991,0
2023-01-03 16:50:00,311.28371608441904,11.43927273243055,0
2023-01-03 16:51:00,287.97424819202445,11.19492545469055,0
2023-01-03 16:52:00,324.3058755925601,11.909039388717899,0
2023-01-03 16:53:00,273.81025187021845,11.035742558991133,0
2023-01-03 16:54:00,284.4723300233591,10.032933699916269,0
2023-01-03 16:55:00,335.3999937033776,11.535314278324043,0
2023-01-03 16:56:00,334.0636242392453,10.468926459415842,0
2023-01-03 16:57:00,397.7411101587005,12.205389850851855,0
2023-01-03 16:58:00,262.81215575035463,11.239486046628773,0
2023-01-03 16:59:00,258.1040915762605,12.768290377864705,0
2023-01-03 17:00:00,866.9780312279831,12.894653656563293,0
2023-01-03 17:01:00,298.6349105178072,11.29376117066417,0
2023-01-03 17:02:00,335.5899492008183,13.002423641572758,0
2023-01-03 17:03:00,260.9401937159776,13.077495378064642,0
2023-01-03 17:04:00,303.1914228412429,12.955894100755618,0
2023-01-03 17:05:00,348.6429714480968,11.181114433535214,0
2023-01-03 17:06:00,252.39411450053478,12.035720332165328,0
2023-01-03 17:07:00,322.3294186105217,12.933078786461124,0
2023-01-03 17:08:00,381.3483484700928,11.823337634244767,0
2023-01-03 17:09:00,370.0590746431598,11.438308953738359,0
2023-01-03 17:10:00,217.8344283202672,12.104363202229251,0
2023-01-03 17:11:00,295.89174127203904,11.828310470267507,0
2023-01-03 17:12:00,241.12006864097975,12.077506792269492,0
2023-01-03 17:13:00,318.0308469167203,9.911952683755864,0
2023-01-03 17:14:00,296.4760847054774,13.58862877903077,0
2023-01-03 17:15:00,222.1327646082346,11.584729034116354,0
2023-01-03 17:16:00,311.8577691515191,11.842311166045812,0
2023-01-03 17:17:00,304.9667025899729,11.463968151416113,0
2023-01-03 17:18:00,278.63175046556387,13.222289301488543,0
2023-01-03 17:19:00,223.93775307460288,12.01923851311697,0
2023-01-03 17:20:00,270.4031685313309,13.346759283596237,0
2023-01-03 17:21:00,343.97090856959846,12.120136332866082,0
2023-01-03 17:22:00,264.495459502838,12.180650379198436,0
2023-01-03 17:23:00,280.58360388000096,12.64300658358357,0
2023-01-03 17:24:00,305.5649003595212,14.16102895662824,0
2023-01-03 17:25:00,314.9924631643397,12.516754239642074,0
2023-01-03 17:26:00,330.12891378746167,13.194202439433875,0
2023-01-03 17:27:00,288.56012058518985,12.78079750372852,0
2023-01-03 17:28:00,323.48180664267545,12.417673864748597,0
2023-01-03 17:29:00,347.3478905504126,11.992544133955999,0
2023-01-03 17:30:00,312.81760499235935,11.60579917067059,0
2023-01-03 17:31:00,332.7303827595928,10.219345112585382,0
2023-01-03 17:32:00,275.436718983368,13.072632134686131,0
2023-01-03 17:33:00,413.2606608284914,13.289100296582534,0
2023-01-03 17:34:00,302.80241066791905,11.537863452586777,0
2023-01-03 17:35:00,279.15008215845756,12.049565664036779,0
2023-01-03 17:36:00,279.6058904626034,11.273896884234238,0
2023-01-03 17:37:00,346.5379201478685,15.381488952839032,0
2023-01-03 17:38:00,286.5922563536612,13.016505358840986,0
2023-01-03 17:39:00,317.3752742142933,10.789493895048722,0
2023-01-03 17:40:00,226.46436846370713,13.600883197857405,0
2023-01-03 17:41:00,310.7924315302091,12.409050560774402,0
2023-01-03 17:42:00,313.0100924513417,13.191362666919929,0
2023-01-03 17:43:00,336.0335054039456,13.077996637460547,0
2023-01-03 17:44:00,327.9255686222339,9.965780085097993,0
2023-01-03 17:45:00,315.2900153928588,12.394812421975795,0
2023-01-03 17:46:00,354.8727184689937,12.421556269013571,0
2023-01-03 17:47:00,299.4094604853245,12.454711883945455,0
2023-01-03 17:48:00,246.21883805747953,10.769202431018428,0
2023-01-03 17:49:00,352.02394894274823,11.496403452604689,0
2023-01-03 17:50:00,316.0128079384238,11.849889120810777,0
2023-01-03 17:51:00,285.9992663474287,13.263818049735372,0
2023-01-03 17:52:00,355.9552587938116,13.425104893691179,0
2023-01-03 17:53:00,289.32052292551015,12.846382620253864,0
2023-01-03 17:54:00,344.04806083728766,12.506774528085637,0
2023-01-03 17:55:00,264.30269967954325,12.838925197457272,0
2023-01-03 17:56:00,339.31387733844156,11.705595815405974,0
2023-01-03 17:57:00,277.6536289097369,13.241555055132526,0
2023-01-03 17:58:00,338.7664122896372,11.657417323399633,0
2023-01-03 17:59:00,429.149049162727,11.830881263168262,0
2023-01-03 18:00:00,234.1432190337706,12.1591102135519,0
2023-01-03 18:01:00,273.28194526491274,12.947425682464443,0
2023-01-03 18:02:00,353.8211763523633,12.264897725037311,0
2023-01-03 18:03:00,276.4278567948122,12.703681669889884,0
2023-01-03 18:04:00,369.48866999302476,11.144338505453128,0
2023-01-03 18:05:00,345.49314941958585,11.97234375218078,0
2023-01-03 18:06:00,314.225924918698,13.828262047340466,0
2023-01-03 18:07:00,239.29450538139207,11.47456221906499,0
2023-01-03 18:08:00,352.8945227516672,12.436811397190253,0
2023-01-03 18:09:00,295.4389911328402,12.58050113932669,0
2023-01-03 18:10:00,254.4905070066726,13.002216312577652,0
2023-01-03 18:11:00,293.9345259735456,13.315148508756746,0
2023-01-03 18:12:00,310.73487041674326,13.061474386710128,0
2023-01-03 18:13:00,307.7545082901975,11.723065100481632,0
2023-01-03 18:14:00,273.6926336888622,13.703287839106618,0
2023-01-03 18:15:00,334.48638996503905,13.294599397614473,0
2023-01-03 18:16:00,342.99642086559254,13.46729206244952,0
2023-01-03 18:17:00,276.8201007326952,12.364459872904323,0
2023-01-03 18:18:00,287.8268541812637,13.154715164425646,0
2023-01-03 18:19:00,318.5611456437267,12.540408358708959,0
2023-01-03 18:20:00,277.6066912294561,13.496135983785823,0
2023-01-03 18:21:00,325.3809750006606,13.419600847163471,0
2023-01-03 18:22:00,325.1469310529987,11.900478088612847,0
2023-01-03 18:23:00,273.37472020252403,12.778681080635126,0
2023-01-03 18:24:00,247.31969034132547,13.273361605610624,0
2023-01-03 18:25:00,278.4334191045226,15.737815348267143,0
2023-01-03 18:26:00,312.7982238113685,11.949562626316647,0
2023-01-03 18:27:00,250.61842320150063,11.44915045614062,0
2023-01-03 18:28:00,222.70369977320496,11.320772710575298,0
2023-01-03 18:29:00,199.13817612841316,12.162873923344192,0
2023-01-03 18:30:00,246.66609738177885,14.770660399044736,0
2023-01-03 18:31:00,278.9189279059592,14.042266766964717,0
2023-01-03 18:32:00,319.25739508780896,13.59975973627739,0
2023-01-03 18:33:00,244.94462461372422,12.63285249959563,0
2023-01-03 18:34:00,263.1149887001255,12.819506515194874,0
2023-01-03 18:35:00,316.7869437038683,12.519954001450257,0
2023-01-03 18:36:00,256.10188312741275,12.679084636949897,0
2023-01-03 18:37:00,348.3076489195331,13.541137640677206,0
2023-01-03 18:38:00,257.2841684453872,12.193070989057585,0
2023-01-03 18:39:00,369.6657665018339,12.530007686667215,0
2023-01-03 18:40:00,817.405657980624,11.584516471247397,0
2023-01-03 18:41:00,330.514228394929,13.327104926790867,0
2023-01-03 18:42:00,303.00977098039687,10.943762542463183,0
2023-01-03 18:43:00,358.8773392501724,11.98573864473591,0
2023-01-03 18:44:00,214.35413290112024,11.853192144723515,0
2023-01-03 18:45:00,256.93160588102256,12.701016062276683,0
2023-01-03 18:46:00,326.30728806506636,11.954719596751703,0
2023-01-03 18:47:00,307.83628112226387,13.18410277652126,0
2023-01-03 18:48:00,266.664954963686,12.365484324787829,0
2023-01-03 18:49:00,272.03946335336366,12.808066239568683,0
2023-01-03 18:50:00,338.2247214594796,14.04674666409472,0
2023-01-03 18:51:00,350.71549615361755,12.462534304267429,0
2023-01-03 18:52:00,275.24929508570636,12.321271388962002,0
2023-01-03 18:53:00,227.3774513730673,12.654137611963192,0
2023-01-03 18:54:00,357.4114041498011,13.19983579115281,0
2023-01-03 18:55:00,281.64247434618665,13.744236921987593,0
2023-01-03 18:56:00,248.10962837799724,11.329691691384467,0
2023-01-03 18:57:00,280.929058721885,12.463390686539423,0
2023-01-03 18:58:00,277.94960478661824,12.239201617573935,0
2023-01-03 18:59:00,334.9072123290156,12.985727212933813,0
2023-01-03 19:00:00,326.74651632024853,13.795698463964412,0
2023-01-03 19:01:00,313.37510367730704,12.22004255500847,0
2023-01-03 19:02:00,310.1351444129018,14.054753786503564,0
2023-01-03 19:03:00,331.1279610171175,12.356995704383587,0
2023-01-03 19:04:00,309.26683233290515,12.6761074999704,0
2023-01-03 19:05:00,325.0097607129278,12.370254281766359,0
2023-01-03 19:06:00,348.00466513841565,11.70980221621276,0
2023-01-03 19:07:00,238.7288811359242,10.294602749838479,0
2023-01-03 19:08:00,211.52831259121183,12.113698956363999,0
2023-01-03 19:09:00,295.34768538747545,13.75147546555121,0
2023-01-03 19:10:00,277.40487812693243,13.181634761509736,0
2023-01-03 19:11:00,276.73152397411894,12.384409452005311,0
2023-01-03 19:12:00,311.43681492091696,12.125838657563873,0
2023-01-03 19:13:00,298.4064187218009,13.864488728984794,0
2023-01-03 19:14:00,281.56804459726806,12.526503623904313,0
2023-01-03 19:15:00,373.53771209279466,10.832653295698236,0
2023-01-03 19:16:00,371.78410005369676,12.249438966316678,0
2023-01-03 19:17:00,287.71799971280205,11.142028065479858,0
2023-01-03 19:18:00,296.00192389633236,12.978570965902886,0
2023-01-03 19:19:00,298.7205414059165,12.067288599037719,0
2023-01-03 19:20:00,273.8381455556264,13.944407306486616,0
2023-01-03 19:21:00,293.48200013668696,11.181220176629893,0
2023-01-03 19:22:00,360.6194380223736,13.3733025555689,0
2023-01-03 19:23:00,318.5001227634143,12.983076519805483,0
2023-01-03 19:24:00,390.8202168888026,14.559049801778174,0
2023-01-03 19:25:00,302.72158767671687,14.858091198223105,0
2023-01-03 19:26:00,272.89148947093463,13.222427409597667,0
2023-01-03 19:27:00,345.7140222479941,13.825383340003489,0
2023-01-03 19:28:00,328.258375855655,14.439747149373016,0
2023-01-03 19:29:00,451.24200496580454,13.905543193472786,0
2023-01-03 19:30:00,390.49842520787246,13.549472134732959,0
2023-01-03 19:31:00,321.8214174849578,14.220750635338229,0
2023-01-03 19:32:00,363.5849052122807,12.517332203434979,0
2023-01-03 19:33:00,255.56695931824802,14.830242111796393,0
2023-01-03 19:34:00,403.56668680015343,12.271443404078445,0
2023-01-03 19:35:00,305.87518071753794,14.423697958578508,0
2023-01-03 19:36:00,278.89643179741677,14.382826841762956,0
2023-01-03 19:37:00,366.03560626541173,12.908123779593371,0
2023-01-03 19:38:00,372.63501519425233,10.865701508024312,0
2023-01-03 19:39:00,312.97882270656754,14.820523875763316,0
2023-01-03 19:40:00,334.2656615580173,13.292756375698554,0
2023-01-03 19:41:00,316.7485954207906,12.283218071005402,0
2023-01-03 19:42:00,310.6434897131392,12.97240360895399,0
2023-01-03 19:43:00,382.8878695999532,11.893147166071156,0
2023-01-03 19:44:00,352.7536681883156,12.601362315885527,0
2023-01-03 19:45:00,252.29536857677732,12.695323198055103,0
2023-01-03 19:46:00,355.8365225028415,12.662621292522982,0
2023-01-03 19:47:00,271.6808901263506,13.358503693190544,0
2023-01-03 19:48:00,480.49904371688825,12.982892741619356,0
2023-01-03 19:49:00,224.39645677864075,14.56581248962198,0
2023-01-03 19:50:00,305.76707799032863,13.531695378868426,0
2023-01-03 19:51:00,314.3097033727016,14.834703129107593,0
2023-01-03 19:52:00,362.41575434456115,13.862587792095015,0
2023-01-03 19:53:00,331.35479536411515,14.223575387824619,0
2023-01-03 19:54:00,274.34066426773535,12.6958258358412,0
2023-01-03 19:55:00,325.69203837679356,12.700704581726427,0
2023-01-03 19:56:00,347.5111684797393,13.23855712746427,0
2023-01-03 19:57:00,282.26053605094864,13.257790983734692,0
2023-01-03 19:58:00,325.07459866964643,15.331599461917802,0
2023-01-03 19:59:00,381.3916261260898,13.66492474109686,0
2023-01-03 20:00:00,285.20191594031877,11.498901691555012,0
2023-01-03 20:01:00,338.22318818484126,12.015757137447457,0
2023-01-03 20:02:00,321.08221622631123,14.479315403894683,0
2023-01-03 20:03:00,374.5298132489403,13.005029108475565,0
2023-01-03 20:04:00,284.2558928995089,13.959411780611813,0
2023-01-03 20:05:00,368.65311633464705,14.722847850767561,0
2023-01-03 20:06:00,360.71760846930835,14.371720629264388,0
2023-01-03 20:07:00,381.0286340284343,12.770152060488709,0
2023-01-03 20:08:00,338.27622689029556,15.430346351802186,0
2023-01-03 20:09:00,302.6604041548129,12.705759390814539,0
2023-01-03 20:10:00,316.99028336315195,13.22986796019695,0
2023-01-03 20:11:00,305.82489136466,13.843128770163279,0
2023-01-03 20:12:00,320.7885063012067,12.899703691408057,0
2023-01-03 20:13:00,364.39291143971417,13.940675048665991,0
2023-01-03 20:14:00,373.67976598056055,13.441872391589436,0
2023-01-03 20:15:00,293.0188753367336,13.03919872395601,0
2023-01-03 20:16:00,332.4682389256578,13.514304797639978,0
2023-01-03 20:17:00,357.1624344329021,13.242900338694946,0
2023-01-03 20:18:00,284.0155752750053,11.640191712142057,0
2023-01-03 20:19:00,333.2231677114952,13.695211425770054,0
2023-01-03 20:20:00,777.0531752593047,14.328467849541621,0
2023-01-03 20:21:00,330.89389179435517,13.109957528659427,0
2023-01-03 20:22:00,271.49212845046094,13.586931276369825,0
2023-01-03 20:23:00,318.7495268153567,13.507878596106167,0
2023-01-03 20:24:00,243.56550885476585,15.338980475019918,0
2023-01-03 20:25:00,423.9687170990177,12.30851247682276,0
2023-01-03 20:26:00,341.4931727939941,12.783963006944717,0
2023-01-03 20:27:00,319.09707873720424,15.086655886153952,0
2023-01-03 20:28:00,339.45056265460636,13.293729625816717,0
2023-01-03 20:29:00,351.46619866497133,12.917017344360044,0
2023-01-03 20:30:00,406.2720399299801,14.950451938443697,0
2023-01-03 20:31:00,260.09158301481807,12.71129516351873,0
2023-01-03 20:32:00,437.10004862483953,12.853835664092694,0
2023-01-03 20:33:00,387.36849504154276,14.439761822597044,0
2023-01-03 20:34:00,392.21125200113045,13.906066292939112,0
2023-01-03 20:35:00,403.29563330967056,14.91855485908984,0
2023-01-03 20:36:00,359.967304925555,14.49664903219987,0
2023-01-03 20:37:00,330.10618019031574,12.82533344259164,0
2023-01-03 20:38:00,334.4356625862376,12.305180327321434,0
2023-01-03 20:39:00,331.09709604967094,13.347440924114053,0
2023-01-03 20:40:00,338.87553294479994,12.738612083401716,0
2023-01-03 20:41:00,384.23352901800763,14.519517629848217,0
2023-01-03 20:42:00,339.979398442698,12.058909734296131,0
2023-01-03 20:43:00,349.5874756130791,12.576311721644766,0
2023-01-03 20:44:00,398.8193166560403,11.966852457626604,0
2023-01-03 20:45:00,191.79412188586753,14.63664130863315,0
2023-01-03 20:46:00,317.5270819383007,13.84562952907229,0
2023-01-03 20:47:00,313.4232882504261,13.888784883359069,0
2023-01-03 20:48:00,310.7399769001291,14.374814251139734,0
2023-01-03 20:49:00,357.80575652331896,13.82761232746002,0
2023-01-03 20:50:00,325.03498211825377,14.716297080727292,0
2023-01-03 20:51:00,448.4521777366885,12.334002796496229,0
2023-01-03 20:52:00,405.19459997085494,13.694043214532828,0
2023-01-03 20:53:00,325.5888612119996,12.827539498972316,0
2023-01-03 20:54:00,393.69207469476066,14.22150208364515,0
2023-01-03 20:55:00,435.2235510783053,13.83343132380514,0
2023-01-03 20:56:00,338.2977796706618,12.948553443152399,0
2023-01-03 20:57:00,365.76460232016046,12.797070658958027,0
2023-01-03 20:58:00,346.0497752591552,14.536427750619294,0
2023-01-03 20:59:00,274.8241145405749,14.55482933644572,0
2023-01-03 21:00:00,328.19316608745754,12.547838760550151,0
2023-01-03 21:01:00,371.9531821989934,13.515633172961808,0
2023-01-03 21:02:00,319.61526690193557,13.293371492600146,0
2023-01-03 21:03:00,340.8362831654592,13.450402660392983,0
2023-01-03 21:04:00,312.10422244756865,11.237577537687393,0
2023-01-03 21:05:00,401.9658343522647,13.292727081508094,0
2023-01-03 21:06:00,362.54627820786584,13.894538345283555,0
2023-01-03 21:07:00,391.1150699970599,15.054240553219854,0
2023-01-03 21:08:00,422.0026856510662,14.619806657420508,0
2023-01-03 21:09:00,369.4960203574206,14.222622672043968,0
2023-01-03 21:10:00,430.42235156956724,15.955752639837064,0
2023-01-03 21:11:00,339.8297422389639,13.79493976490912,0
2023-01-03 21:12:00,365.420915233571,13.285695599768566,0
2023-01-03 21:13:00,289.67797239965233,13.283637818324733,0
2023-01-03 21:14:00,292.31760196411005,13.807306760952152,0
2023-01-03 21:15:00,386.1635265074552,14.805699888764181,0
2023-01-03 21:16:00,339.0002906093711,15.61516161002961,0
2023-01-03 21:17:00,361.28794379452097,12.739838661468735,0
2023-01-03 21:18:00,413.50837023833657,15.036484168613875,0
2023-01-03 21:19:00,323.93739507833027,12.835152143900963,0
2023-01-03 21:20:00,306.10779998632154,15.233084116313597,0
2023-01-03 21:21:00,403.057199787072,14.089055449927036,0
2023-01-03 21:22:00,364.4679093007518,13.856293484253491,0
2023-01-03 21:23:00,342.7031176005429,12.756775578266613,0
2023-01-03 21:24:00,434.5730484182373,15.077654952227899,0
2023-01-03 21:25:00,327.20985996480835,12.840681817918133,0
2023-01-03 21:26:00,397.0591543211256,13.24614745608043,0
2023-01-03 21:27:00,320.3567471406107,15.367737811135003,0
2023-01-03 21:28:00,313.33591849778344,14.966784457806005,0
2023-01-03 21:29:00,327.2284494829078,13.235891314763608,0
2023-01-03 21:30:00,369.7065809872204,14.117321169398023,0
2023-01-03 21:31:00,301.79853756845387,14.530637585696699,0
2023-01-03 21:32:00,297.68096093916944,14.058661075031596,0
2023-01-03 21:33:00,270.95081946142346,12.07772721994469,0
2023-01-03 21:34:00,361.9534320362058,13.276010945006355,0
2023-01-03 21:35:00,387.2775109524925,14.100709245583399,0
2023-01-03 21:36:00,447.70768358509895,14.369024745001646,0
2023-01-03 21:37:00,455.03873014798785,12.927535636625807,0
2023-01-03 21:38:00,478.6965175812899,14.210602229798795,0
2023-01-03 21:39:00,321.6621488607169,12.980218763593655,0
2023-01-03 21:40:00,458.6979982082876,15.070477537071378,0
2023-01-03 21:41:00,404.9792451823819,15.02449052255102,0
2023-01-03 21:42:00,449.0035568145994,14.86230302543674,0
2023-01-03 21:43:00,270.81975159460586,13.753941397748353,0
2023-01-03 21:44:00,407.6905316501076,15.051412272742018,0
2023-01-03 21:45:00,564.7169405346712,13.022269771405918,0
2023-01-03 21:46:00,422.8387606732018,15.562129511973538,0
2023-01-03 21:47:00,304.9555339108743,14.651948596321809,0
2023-01-03 21:48:00,373.6859659899336,13.514885561178644,0
2023-01-03 21:49:00,473.7296902715897,13.947215685688557,0
2023-01-03 21:50:00,435.367208853514,14.215069491472189,0
2023-01-03 21:51:00,364.963690475413,13.04564897186617,0
2023-01-03 21:52:00,343.5629193260194,15.650608630597292,0
2023-01-03 21:53:00,338.2400772105924,13.038576825634,0
2023-01-03 21:54:00,420.59290530818873,14.863259959528177,0
2023-01-03 21:55:00,404.31685688726975,14.05684660177486,0
2023-01-03 21:56:00,477.42543123888174,12.620880487016436,0
2023-01-03 21:57:00,459.1830365981006,13.116278376565795,0
2023-01-03 21:58:00,401.9203503369983,16.308824646724506,0
2023-01-03 21:59:00,424.8328959804679,15.36439377510045,0
2023-01-03 22:00:00,860.8143695738721,13.087816535665764,0
2023-01-03 22:01:00,453.1959654165302,15.308029359803813,0
2023-01-03 22:02:00,390.2063938632355,14.363873371795675,0
2023-01-03 22:03:00,471.8128020605948,13.360529105952727,0
2023-01-03 22:04:00,402.30490066178925,14.184204624226007,0
2023-01-03 22:05:00,458.6842804271231,16.425200604863463,0
2023-01-03 22:06:00,354.475622871932,14.182447737008909,0
2023-01-03 22:07:00,331.5122126923222,15.045793947818028,0
2023-01-03 22:08:00,337.27074274073124,14.631080744122455,0
2023-01-03 22:09:00,394.30693237887857,14.373709970768788,0
2023-01-03 22:10:00,352.21294571788565,13.396473986975524,0
2023-01-03 22:11:00,431.89416512236176,13.187230123835695,0
2023-01-03 22:12:00,383.54039251150937,14.817573485225815,0
2023-01-03 22:13:00,431.33987768365955,14.041766002121381,0
2023-01-03 22:14:00,374.0009366881505,12.681645640599905,0
2023-01-03 22:15:00,481.1101443474026,14.822155086078213,0
2023-01-03 22:16:00,429.79770483149355,13.37815876766245,0
2023-01-03 22:17:00,430.7602221640479,15.548989218092018,0
2023-01-03 22:18:00,406.48528965245833,12.908693079833338,0
2023-01-03 22:19:00,487.50078533565227,15.651016853834948,0
2023-01-03 22:20:00,478.0823628148354,13.635741024922275,0
2023-01-03 22:21:00,376.05930157855414,13.968265729468907,0
2023-01-03 22:22:00,415.40979475080377,12.97786618347807,0
2023-01-03 22:23:00,338.2505865636949,13.283179203179952,0
2023-01-03 22:24:00,495.87900254380725,11.620316221338902,0
2023-01-03 22:25:00,422.3836980824129,14.002111135903284,0
2023-01-03 22:26:00,402.24702577925507,13.038619918478858,0
2023-01-03 22:27:00,331.41878285152194,14.578568247775635,0
2023-01-03 22:28:00,364.4070798466733,13.757793892487008,0
2023-01-03 22:29:00,381.6687731378815,13.847557726507924,0
2023-01-03 22:30:00,409.3745145408559,15.230384055539012,0
2023-01-03 22:31:00,490.6202934344569,15.77908899657326,0
2023-01-03 22:32:00,412.686787431411,12.978117343580049,0
2023-01-03 22:33:00,409.574848766041,14.79501890550953,0
2023-01-03 22:34:00,483.36594016243396,12.630402376006584,0
2023-01-03 22:35:00,457.7214599344117,13.285430683842167,0
2023-01-03 22:36:00,425.25516343280196,13.861135730386305,0
2023-01-03 22:37:00,394.8189314953123,14.750678954017449,0
2023-01-03 22:38:00,463.3129637689594,15.910191514309236,0
2023-01-03 22:39:00,373.4990595692343,14.410615846246257,0
2023-01-03 22:40:00,527.1324603958637,15.084228353017915,0
2023-01-03 22:41:00,510.9376516703379,15.164696079428845,0
2023-01-03 22:42:00,484.7310464894295,15.068984063884571,0
2023-01-03 22:43:00,461.34868720811266,15.10951529723305,0
2023-01-03 22:44:00,365.08768923352864,14.176601697772831,0
2023-01-03 22:45:00,442.48648782500766,14.238079731641628,0
2023-01-03 22:46:00,393.94287946225364,14.504432020010697,0
2023-01-03 22:47:00,529.8413332508558,11.40809728218409,0
2023-01-03 22:48:00,407.72263096758513,14.477331650787002,0
2023-01-03 22:49:00,402.8321942500206,14.427285717605153,0
2023-01-03 22:50:00,508.69919946438085,14.167395956037486,0
2023-01-03 22:51:00,446.10274342218605,14.536373417972987,0
2023-01-03 22:52:00,384.4923047195644,14.430905649008832,0
2023-01-03 22:53:00,541.4391308885102,14.960159305392947,0
2023-01-03 22:54:00,544.173584878724,14.200626088184206,0
2023-01-03 22:55:00,390.4204841208212,16.615101700006758,0
2023-01-03 22:56:00,462.1660496578287,14.558250816874166,0
2023-01-03 22:57:00,523.1880332204591,14.770749770721274,0
2023-01-03 22:58:00,436.5114414901157,14.061422348366856,0
2023-01-03 22:59:00,488.22054950695235,14.992159691353688,0
2023-01-03 23:00:00,454.3688838056117,15.314817829768126,0
2023-01-03 23:01:00,401.8441755269276,13.971958907726961,0
2023-01-03 23:02:00,503.85768895075955,14.729234137513862,0
2023-01-03 23:03:00,455.9559371642441,15.531585446630316,0
2023-01-03 23:04:00,521.0734053179348,14.055978322369556,0
2023-01-03 23:05:00,458.09517650169033,15.314495473823854,0
2023-01-03 23:06:00,507.7856157254098,14.356817835567828,0
2023-01-03 23:07:00,426.5121927290735,15.405214688427874,0
2023-01-03 23:08:00,446.462267418159,14.204138740482406,0
2023-01-03 23:09:00,497.0632177236761,14.962773730573566,0
2023-01-03 23:10:00,410.6120760821489,14.37452633654492,0
2023-01-03 23:11:00,405.0447222085538,14.772486625285389,0
2023-01-03 23:12:00,438.154945731439,14.259782817543472,0
2023-01-03 23:13:00,512.9817723290264,14.793270524381096,0
2023-01-03 23:14:00,388.540154159826,15.933783727086409,0
2023-01-03 23:15:00,471.08584048217006,14.895407862805685,0
2023-01-03 23:16:00,472.66818858698247,15.277354976486091,0
2023-01-03 23:17:00,513.7326375389122,13.84465160652901,0
2023-01-03 23:18:00,504.49572179353385,14.828424442748625,0
2023-01-03 23:19:00,429.06747131154395,16.10366142121966,0
2023-01-03 23:20:00,424.42870612359246,16.630054788721786,0
2023-01-03 23:21:00,476.7139568197668,14.845504795927782,0
2023-01-03 23:22:00,417.1207575589535,16.23838745744085,0
2023-01-03 23:23:00,488.14845991673025,14.177068785956427,0
2023-01-03 23:24:00,436.28559864711895,14.13052426422335,0
2023-01-03 23:25:00,525.3355386000079,15.895395649941936,0
2023-01-03 23:26:00,471.9759577343728,13.036010272703919,0
2023-01-03 23:27:00,453.73762737207613,16.006584407130426,0
2023-01-03 23:28:00,452.98521789699214,13.539812384473786,0
2023-01-03 23:29:00,440.2308734493456,13.184333045325488,0
2023-01-03 23:30:00,423.95052600718213,14.551960680855126,0
2023-01-03 23:31:00,374.0390720196549,14.159210755898613,0
2023-01-03 23:32:00,469.24459269558156,15.251127660307041,0
2023-01-03 23:33:00,447.09286077871883,15.404703432010528,0
2023-01-03 23:34:00,395.74412404161853,16.35471517142789,0
2023-01-03 23:35:00,474.7797065708338,15.532227068179928,0
2023-01-03 23:36:00,436.9833325970199,14.376639704399137,0
2023-01-03 23:37:00,385.68971235549145,15.399814125609401,0
2023-01-03 23:38:00,567.5329453960346,14.328367078504103,0
2023-01-03 23:39:00,476.5101572495603,14.78815678301406,0
2023-01-03 23:40:00,1058.9277416253683,14.633985595911104,0
2023-01-03 23:41:00,427.5848992866988,14.52468073309287,0
2023-01-03 23:42:00,534.8582096590129,16.49289583669529,0
2023-01-03 23:43:00,476.396533850118,14.681395719029826,0
2023-01-03 23:44:00,477.9590155311009,13.874193599324977,0
2023-01-03 23:45:00,381.71334753732003,15.579102633908423,0
2023-01-03 23:46:00,589.579080649311,15.215780099897978,0
2023-01-03 23:47:00,476.1011514092734,15.29186254995429,0
2023-01-03 23:48:00,542.0572837253472,14.214263862585401,0
2023-01-03 23:49:00,546.5737668686389,13.420979691256866,0
2023-01-03 23:50:00,421.4963205982597,14.504692636659795,0
2023-01-03 23:51:00,496.60110909088405,13.729373639865708,0
2023-01-03 23:52:00,558.40676086672,14.672903893325637,0
2023-01-03 23:53:00,449.5024586764476,14.378731741206227,0
2023-01-03 23:54:00,417.52914978407244,14.228063606029192,0
2023-01-03 23:55:00,500.00612736294227,16.252472416207578,0
2023-01-03 23:56:00,549.464549667982,15.051499305669658,0
2023-01-03 23:57:00,455.69670828255767,15.330798210298811,0
2023-01-03 23:58:00,521.1066614169272,14.057867864872042,0
2023-01-03 23:59:00,520.3087759517903,14.920747031729421,0
2023-01-04 00:00:00,496.1180679445208,13.962974184220018,0
2023-01-04 00:01:00,576.6298633194974,13.70876197604035,0
2023-01-04 00:02:00,548.7257292547641,16.25406935434187,0
2023-01-04 00:03:00,445.67291455774506,14.15723375359528,0
2023-01-04 00:04:00,428.85118205295663,15.780826236701913,0
2023-01-04 00:05:00,487.19220149427866,15.500880391697144,0
2023-01-04 00:06:00,509.4353563396119,13.026502477277957,0
2023-01-04 00:07:00,506.30087823469756,14.766804224618173,0
2023-01-04 00:08:00,568.5585948938899,16.264629291596282,0
2023-01-04 00:09:00,529.6897136777079,13.945519657470738,0
2023-01-04 00:10:00,408.7443752037662,14.266390911142807,0
2023-01-04 00:11:00,529.4970211702073,15.482321545098866,0
2023-01-04 00:12:00,446.95967617989675,14.6550202708236,0
2023-01-04 00:13:00,468.97811906150724,16.8690110670343,0
2023-01-04 00:14:00,493.70370280853035,15.971981607326413,0
2023-01-04 00:15:00,465.5324937476326,15.354469937237779,0
2023-01-04 00:16:00,549.1388433263793,15.265795653884092,0
2023-01-04 00:17:00,451.7447820531887,16.170883761434403,0
2023-01-04 00:18:00,459.0809499512119,16.508112849046636,0
2023-01-04 00:19:00,453.61716630699766,13.94734939503607,0
2023-01-04 00:20:00,457.39837682616366,14.325931598407582,0
2023-01-04 00:21:00,541.9417063359866,14.703526209903455,0
2023-01-04 00:22:00,579.3890942720791,15.672545182506328,0
2023-01-04 00:23:00,525.2731513423457,15.407991073249388,0
2023-01-04 00:24:00,510.27751791580545,15.38534588922173,0
2023-01-04 00:25:00,467.380378686049,14.493903344443945,0
2023-01-04 00:26:00,514.2871847506132,15.548700228176493,0
2023-01-04 00:27:00,478.23366102142205,14.81159486281005,0
2023-01-04 00:28:00,593.6618919097758,14.364104670754967,0
2023-01-04 00:29:00,523.1048989905536,13.775087065174645,0
2023-01-04 00:30:00,481.1860774166763,16.050689014205123,0
2023-01-04 00:31:00,554.4571652071039,14.714272929842325,0
2023-01-04 00:32:00,495.3885713267316,15.380357163250267,0
2023-01-04 00:33:00,457.1890169443826,16.171647784546984,0
2023-01-04 00:34:00,554.0388024132864,16.64769011143245,0
2023-01-04 00:35:00,539.8314798748384,14.884997861954252,0
2023-01-04 00:36:00,520.3338403060353,14.382855764427468,0
2023-01-04 00:37:00,449.49049769725315,15.378421537142193,0
2023-01-04 00:38:00,527.9459430288887,14.61767714917412,0
2023-01-04 00:39:00,571.1474605489159,15.45374030900303,0
2023-01-04 00:40:00,513.0767088773348,16.84379121820229,0
2023-01-04 00:41:00,577.3989988272422,14.666780781332507,0
2023-01-04 00:42:00,627.2628131325083,14.192646944889933,0
2023-01-04 00:43:00,535.889398587342,16.589857863145635,0
2023-01-04 00:44:00,486.4574484978765,17.24802655545307,0
2023-01-04 00:45:00,632.0833681721414,16.45124720801335,0
2023-01-04 00:46:00,585.2528152368538,16.475229944570398,0
2023-01-04 00:47:00,559.7439560872025,15.62413601876397,0
2023-01-04 00:48:00,488.14586631288716,14.982959833098443,0
2023-01-04 00:49:00,554.4565064233947,16.22669281148878,0
2023-01-04 00:50:00,461.0154487953108,15.510548007022514,0
2023-01-04 00:51:00,599.9044537278012,15.969367598188361,0
2023-01-04 00:52:00,622.098640892464,16.834326739540128,0
2023-01-04 00:53:00,568.8142181062118,14.507379164328183,0
2023-01-04 00:54:00,513.6549256035696,14.566447409607983,0
2023-01-04 00:55:00,516.3134045369985,16.005251094105304,0
2023-01-04 00:56:00,530.9533326279176,15.695013308496572,0
2023-01-04 00:57:00,511.79549335528446,13.96408814050564,0
2023-01-04 00:58:00,561.6696846015892,15.906217407437651,0
2023-01-04 00:59:00,489.0834678696172,17.059077764657626,0
2023-01-04 01:00:00,492.61530606188063,16.064410725597128,0
2023-01-04 01:01:00,579.2884700209115,15.071599302502648,0
2023-01-04 01:02:00,639.479875675729,16.28516111303484,0
2023-01-04 01:03:00,519.3977092226859,17.77530249802235,0
2023-01-04 01:04:00,660.9487146288596,14.613126689524838,0
2023-01-04 01:05:00,580.8100780270449,17.55391555323833,0
2023-01-04 01:06:00,526.8237432601917,15.422873135936642,0
2023-01-04 01:07:00,481.6469417304987,16.00801046321342,0
2023-01-04 01:08:00,498.4942353096526,15.419638671462852,0
2023-01-04 01:09:00,570.1114795761664,14.7231380408738,0
2023-01-04 01:10:00,567.5270304842388,16.201839798374387,0
2023-01-04 01:11:00,590.6826651536102,18.081520104500186,0
2023-01-04 01:12:00,624.888679734501,14.31910692000874,0
2023-01-04 01:13:00,600.6279708741963,15.302253436028197,0
2023-01-04 01:14:00,581.2204425192729,17.2733759413473,0
2023-01-04 01:15:00,678.7337795870556,14.652511697713637,0
2023-01-04 01:16:00,544.6738248909487,17.11278549081263,0
2023-01-04 01:17:00,611.5418102343915,15.466210364738274,0
2023-01-04 01:18:00,554.3542109664768,15.966621203957217,0
2023-01-04 01:19:00,506.4811690018356,14.522400392270429,0
2023-01-04 01:20:00,1060.2487144333277,15.469540259783363,0
2023-01-04 01:21:00,594.3099293649384,16.824244428522306,0
2023-01-04 01:22:00,589.3887213524405,17.391715266136313,0
2023-01-04 01:23:00,525.2482262723548,17.433802898497756,0
2023-01-04 01:24:00,572.8537212191529,16.048675785935394,0
2023-01-04 01:25:00,605.3405009962826,14.633980009642666,0
2023-01-04 01:26:00,490.6991187653566,15.154449307899458,0
2023-01-04 01:27:00,589.1169066877444,15.377268203131992,0
2023-01-04 01:28:00,628.9657635926648,14.003708486298986,0
2023-01-04 01:29:00,645.6758543551124,15.616555588472227,0
2023-01-04 01:30:00,554.8999230877793,16.12545931690666,0
2023-01-04 01:31:00,632.7871140576597,16.202320602826497,0
2023-01-04 01:32:00,572.6147222592721,15.23600367205879,0
2023-01-04 01:33:00,639.6202703713959,16.740875538749815,0
2023-01-04 01:34:00,584.1028093062791,15.747242331586659,0
2023-01-04 01:35:00,584.8582113743447,17.352118925292334,0
2023-01-04 01:36:00,636.2045284879256,15.10612105255002,0
2023-01-04 01:37:00,581.4250297557426,16.50906569312984,0
2023-01-04 01:38:00,575.5448718602482,16.409444878667394,0
2023-01-04 01:39:00,633.2057220490393,15.490096012114417,0
2023-01-04 01:40:00,566.4896125588517,14.610913924183457,0
2023-01-04 01:41:00,570.9042118149026,14.507453094367497,0
2023-01-04 01:42:00,660.2906001132696,14.753738105472173,0
2023-01-04 01:43:00,580.0055477199886,16.208385080266698,0
2023-01-04 01:44:00,563.2265504228308,15.093007121912814,0
2023-01-04 01:45:00,633.447299820984,14.524173930247919,0
2023-01-04 01:46:00,613.1830811789692,14.640477478742474,0
2023-01-04 01:47:00,657.8099828702697,15.896026045349746,0
2023-01-04 01:48:00,609.105942285683,15.844300483147114,0
2023-01-04 01:49:00,633.1662169987239,15.246694515923888,0
2023-01-04 01:50:00,565.7156868675976,16.55176778222544,0
2023-01-04 01:51:00,467.6343818961512,16.544230820290753,0
2023-01-04 01:52:00,599.399178273635,16.40168372823292,0
2023-01-04 01:53:00,616.2821681080807,17.922998684151118,0
2023-01-04 01:54:00,569.1612002204791,14.557194436578873,0
2023-01-04 01:55:00,642.4822589635977,15.247036318290819,0
2023-01-04 01:56:00,506.25822857611035,16.221873676051064,0
2023-01-04 01:57:00,555.0941621432852,15.631656245502016,0
2023-01-04 01:58:00,626.5021696885428,15.901846530439553,0
2023-01-04 01:59:00,610.9741082403858,14.97038147043357,0
2023-01-04 02:00:00,612.5815443286054,16.0360871670135,0
2023-01-04 02:01:00,604.8379445571956,14.640173445028584,0
2023-01-04 02:02:00,696.4067250020834,16.893594862578045,0
2023-01-04 02:03:00,475.5173461110102,15.64701116188124,0
2023-01-04 02:04:00,704.7110060007667,16.61347766279355,0
2023-01-04 02:05:00,583.6710835788914,18.509579062898215,0
2023-01-04 02:06:00,655.8489832196269,16.06057058041968,0
2023-01-04 02:07:00,615.6955141468475,16.22620682261875,0
2023-01-04 02:08:00,600.2283198774979,15.273263701799287,0
2023-01-04 02:09:00,627.1679648625604,14.55951054553651,0
2023-01-04 02:10:00,704.3828585868301,15.17063566681762,0
2023-01-04 02:11:00,627.3762765079637,16.921057284018737,0
2023-01-04 02:12:00,612.2946632388177,15.332559806573508,0
2023-01-04 02:13:00,567.4310517080997,17.261256421144626,0
2023-01-04 02:14:00,675.7921780760144,16.935325970840402,0
2023-01-04 02:15:00,600.3426712467891,14.702551485130853,0
2023-01-04 02:16:00,632.8323111326598,17.526652724913472,0
2023-01-04 02:17:00,625.9112787979165,17.125708393322707,0
2023-01-04 02:18:00,674.7527156494739,16.461815345584995,0
2023-01-04 02:19:00,614.666819492127,15.706890433142332,0
2023-01-04 02:20:00,605.4510380441452,16.84209738996863,0
2023-01-04 02:21:00,605.173346416861,16.857159338680113,0
2023-01-04 02:22:00,629.7567913803392,14.470452532870336,0
2023-01-04 02:23:00,630.2287719468883,15.83225874779701,0
2023-01-04 02:24:00,647.6058359925593,15.429516081750158,0
2023-01-04 02:25:00,600.6613254548791,15.819433269615029,0
2023-01-04 02:26:00,534.7015419352072,16.262943817669594,0
2023-01-04 02:27:00,604.7575124321904,15.512010561937341,0
2023-01-04 02:28:00,622.1434873238649,16.233291643636324,0
2023-01-04 02:29:00,698.8931569435507,15.303435704731694,0
2023-01-04 02:30:00,576.2199995570946,14.868180219178262,0
2023-01-04 02:31:00,584.0845917840329,14.535692276840159,0
2023-01-04 02:32:00,653.5973066694291,14.988051660397245,0
2023-01-04 02:33:00,613.1442165571241,16.422098515253694,0
2023-01-04 02:34:00,731.5412594684641,16.047715278751127,0
2023-01-04 02:35:00,587.9044954928444,16.9813922497322,0
2023-01-04 02:36:00,648.6089010595825,18.23317849280324,0
2023-01-04 02:37:00,644.9427590663787,18.08964884061018,0
2023-01-04 02:38:00,620.157373392045,15.06938006385981,0
2023-01-04 02:39:00,676.000281093006,15.37404067326733,0
2023-01-04 02:40:00,613.4162880850541,15.254903308530388,0
2023-01-04 02:41:00,610.7310205004175,17.301237808373724,0
2023-01-04 02:42:00,621.9633432875554,18.970883397597603,0
2023-01-04 02:43:00,671.4312054502183,15.003656785819336,0
2023-01-04 02:44:00,588.0402382131991,16.23339371501752,0
2023-01-04 02:45:00,794.1909969879243,14.633276274351378,0
2023-01-04 02:46:00,651.8375872680175,14.803971912730136,0
2023-01-04 02:47:00,598.9165355539018,15.852042916817235,0
2023-01-04 02:48:00,575.6400041967255,16.1219266088502,0
2023-01-04 02:49:00,636.6208373413493,17.31375812352828,0
2023-01-04 02:50:00,692.7706703341057,17.462755465914796,0
2023-01-04 02:51:00,636.881342827322,13.576091972392787,0
2023-01-04 02:52:00,651.9604360269619,16.138938517039023,0
2023-01-04 02:53:00,634.1789424437839,15.961032839469414,0
2023-01-04 02:54:00,653.904700160324,15.243601373473819,0
2023-01-04 02:55:00,681.04581201631,17.764542032592068,0
2023-01-04 02:56:00,673.7685221133395,16.651320694584363,0
2023-01-04 02:57:00,585.4251720254741,17.684888215906497,0
2023-01-04 02:58:00,704.6664491320321,17.872998702190273,0
2023-01-04 02:59:00,677.8427476042151,15.470780564775186,0
2023-01-04 03:00:00,1151.7249213634232,16.68732746559578,0
2023-01-04 03:01:00,607.5971008885874,16.322713012866046,0
2023-01-04 03:02:00,664.8752247244114,16.613334475511845,0
2023-01-04 03:03:00,619.864291357255,18.813644789509336,0
2023-01-04 03:04:00,670.9123633597959,16.20156735798713,0
2023-01-04 03:05:00,672.3072961917169,15.794703148833102,0
2023-01-04 03:06:00,664.0671209604244,15.11483634295281,0
2023-01-04 03:07:00,642.2147558264875,16.60837115758776,0
2023-01-04 03:08:00,667.6928432254098,17.085462267034007,0
2023-01-04 03:09:00,672.8153428687533,14.219279619024212,0
2023-01-04 03:10:00,693.845859063895,16.857775991121766,0
2023-01-04 03:11:00,658.2834447946392,17.681580585294316,0
2023-01-04 03:12:00,648.4174746424649,14.825277979757482,0
2023-01-04 03:13:00,617.7194530904789,17.149922529589787,0
2023-01-04 03:14:00,657.3759675848299,15.778147487342018,0
2023-01-04 03:15:00,653.3089615743839,17.41800086097058,0
2023-01-04 03:16:00,635.5137608018675,17.10870738760964,0
2023-01-04 03:17:00,659.7501886934049,15.234653220445981,0
2023-01-04 03:18:00,616.8368228464426,17.50505857575413,0
2023-01-04 03:19:00,634.655527305086,15.39459428366848,0
2023-01-04 03:20:00,730.4275602313986,18.553126304187078,0
2023-01-04 03:21:00,673.9840317177019,15.91751592996125,0
2023-01-04 03:22:00,673.9874146667187,18.72533498995002,0
2023-01-04 03:23:00,626.7649588839873,15.211085213844983,0
2023-01-04 03:24:00,608.7571397012662,15.107523888256784,0
2023-01-04 03:25:00,738.5308384067827,14.635881624771596,0
2023-01-04 03:26:00,619.6702881570405,16.903331731860504,0
2023-01-04 03:27:00,581.37513652918,17.55163776760719,0
2023-01-04 03:28:00,637.2827739525154,16.853404084236526,0
2023-01-04 03:29:00,596.0241193945377,16.066076431829387,0
2023-01-04 03:30:00,692.9512245078608,15.880469407618435,0
2023-01-04 03:31:00,666.7706714008673,17.25887189133896,0
2023-01-04 03:32:00,621.6980090794864,16.030551373092297,0
2023-01-04 03:33:00,673.3579637502866,16.706228654142432,0
2023-01-04 03:34:00,667.9805256925686,16.820672083467674,0
2023-01-04 03:35:00,605.4300667637204,16.67354254249352,0
2023-01-04 03:36:00,587.4170688438115,15.25480539524917,0
2023-01-04 03:37:00,560.4172302484687,17.764512609914693,0
2023-01-04 03:38:00,684.5155231633114,17.135684852654123,0
2023-01-04 03:39:00,679.8811937727738,17.712536181846456,0
2023-01-04 03:40:00,541.2787345971059,13.389204887435467,0
2023-01-04 03:41:00,627.1326514914557,15.461651353561976,0
2023-01-04 03:42:00,639.3427301010921,17.885377770319067,0
2023-01-04 03:43:00,563.2988796794232,16.52918985860919,0
2023-01-04 03:44:00,627.864434991219,17.03265608012295,0
2023-01-04 03:45:00,715.0257729725199,18.860170742423623,0
2023-01-04 03:46:00,627.876668115354,15.287989998186507,0
2023-01-04 03:47:00,634.0138713687504,16.636552701073843,0
2023-01-04 03:48:00,653.3517364067329,17.337987744683765,0
2023-01-04 03:49:00,719.6734526857606,17.01302054760832,0
2023-01-04 03:50:00,705.9001184405053,15.85339902900658,0
2023-01-04 03:51:00,601.1678474559087,18.174475737394122,0
2023-01-04 03:52:00,667.0262525937345,17.83756325317265,0
2023-01-04 03:53:00,586.2312800115845,15.482350139795027,0
2023-01-04 03:54:00,765.0728756262888,18.861333545028067,0
2023-01-04 03:55:00,562.9099221495661,16.10104708370025,0
2023-01-04 03:56:00,638.4857136771295,15.676020618688481,0
2023-01-04 03:57:00,710.2636014396198,15.865760905882235,0
2023-01-04 03:58:00,682.8778162724153,15.333211165763892,0
2023-01-04 03:59:00,651.3227559988247,18.23409096707829,0
2023-01-04 04:00:00,667.7522522042628,16.899003273079142,0
2023-01-04 04:01:00,749.4172963256027,15.90417057697136,0
2023-01-04 04:02:00,736.9636871248362,15.259267509108332,0
2023-01-04 04:03:00,748.5028486885061,17.18666831964219,0
2023-01-04 04:04:00,684.5427117960173,17.33352719467079,0
2023-01-04 04:05:00,656.6135332634215,17.010988520790477,0
2023-01-04 04:06:00,677.8340541122807,17.221435212867778,0
2023-01-04 04:07:00,664.2567025872453,17.96832105370474,0
2023-01-04 04:08:00,681.2911121220195,15.831409541223643,0
2023-01-04 04:09:00,591.1743830850514,16.336256114893935,0
2023-01-04 04:10:00,686.3872444690014,17.0853372673343,0
2023-01-04 04:11:00,743.9150480213623,16.812923490418694,0
2023-01-04 04:12:00,649.3262731460898,16.66376128418683,0
2023-01-04 04:13:00,643.8670213921444,16.390214704929914,0
2023-01-04 04:14:00,660.9104442179332,16.92695212656314,0
2023-01-04 04:15:00,676.8291945935765,15.376125765775283,0
2023-01-04 04:16:00,641.5627937009542,17.630390954094942,0
2023-01-04 04:17:00,672.2314952861365,17.040411762710868,0
2023-01-04 04:18:00,651.0967418845061,16.75895042645748,0
2023-01-04 04:19:00,710.862500137962,17.306359525167853,0
2023-01-04 04:20:00,706.5783746772424,15.322796443032079,0
2023-01-04 04:21:00,713.2301322102693,16.65445738952589,0
2023-01-04 04:22:00,680.3961859533575,17.106215676175747,0
2023-01-04 04:23:00,741.0370119720153,17.165550402569856,0
2023-01-04 04:24:00,731.6402078970204,16.504916492598415,0
2023-01-04 04:25:00,656.425668015639,17.32485770154201,0
2023-01-04 04:26:00,686.998277531056,14.897014308195665,0
2023-01-04 04:27:00,640.3358005944671,17.99632986325677,0
2023-01-04 04:28:00,748.7749493742472,18.323551827010615,0
2023-01-04 04:29:00,693.7277844717211,15.945511158437508,0
2023-01-04 04:30:00,645.9682177891748,17.069242086393068,0
2023-01-04 04:31:00,826.8500236558629,16.014420541404217,0
2023-01-04 04:32:00,716.1466804803102,17.157668284187082,0
2023-01-04 04:33:00,660.9459467442624,16.524404296940958,0
2023-01-04 04:34:00,730.9236590136013,16.721193617634142,0
2023-01-04 04:35:00,688.9547772063362,18.00030805137371,0
2023-01-04 04:36:00,668.3927150561766,16.347934378395465,0
2023-01-04 04:37:00,725.5327786010334,16.791978934099784,0
2023-01-04 04:38:00,759.4148815849355,17.18423700372787,0
2023-01-04 04:39:00,762.316450188008,15.982940925420044,0
2023-01-04 04:40:00,1049.7763999483127,17.313277232130474,0
2023-01-04 04:41:00,647.1391231642085,16.04088313657671,0
2023-01-04 04:42:00,764.8033874809785,16.043177496389596,0
2023-01-04 04:43:00,716.4775009010565,16.129427484906543,0
2023-01-04 04:44:00,669.3131583436221,16.998775133579255,0
2023-01-04 04:45:00,704.5140518125036,15.057368585511975,0
2023-01-04 04:46:00,691.7000128398664,15.385220969762903,0
2023-01-04 04:47:00,760.5644667096587,15.20633603327962,0
2023-01-04 04:48:00,746.4930999353262,17.236814592912935,0
2023-01-04 04:49:00,694.7359341393275,16.386518518593732,0
2023-01-04 04:50:00,663.9324970310666,17.923038922894076,0
2023-01-04 04:51:00,668.8437003886687,17.069353193899477,0
2023-01-04 04:52:00,706.3617776756919,17.04237977445827,0
2023-01-04 04:53:00,688.0073318647109,16.254496621835543,0
2023-01-04 04:54:00,721.0694842912973,17.647406780646662,0
2023-01-04 04:55:00,732.3745220446302,17.438938963761892,0
2023-01-04 04:56:00,644.7307457236246,15.042425921970972,0
2023-01-04 04:57:00,783.1199352162447,16.789841013546948,0
2023-01-04 04:58:00,706.4771208779777,15.869216483495517,0
2023-01-04 04:59:00,747.5275055267653,18.51551729473647,0
2023-01-04 05:00:00,646.956054347352,17.779954788993454,0
2023-01-04 05:01:00,676.2396627602893,17.725575417800297,0
2023-01-04 05:02:00,674.1851971369774,18.69519496161036,0
2023-01-04 05:03:00,698.9172145919979,17.198689756027203,0
2023-01-04 05:04:00,639.4596972993105,17.125397486070003,0
2023-01-04 05:05:00,714.2111944581923,16.77925650908238,0
2023-01-04 05:06:00,627.2092942643155,19.38855653335866,0
2023-01-04 05:07:00,696.690720987517,17.423714396488467,0
2023-01-04 05:08:00,683.7667883792501,16.300734889756033,0
2023-01-04 05:09:00,786.0542014223302,18.76901292490313,0
2023-01-04 05:10:00,836.7021994314001,17.433822122061276,0
2023-01-04 05:11:00,708.0448983865991,16.73187387754932,0
2023-01-04 05:12:00,665.3719594497261,16.21420420848166,0
2023-01-04 05:13:00,655.4872294077268,16.03737561563146,0
2023-01-04 05:14:00,693.3240398545522,16.688746662697103,0
2023-01-04 05:15:00,745.0773728693223,17.21904774926052,0
2023-01-04 05:16:00,717.1020002669535,15.857259101079883,0
2023-01-04 05:17:00,571.8531852189549,17.899909478112967,0
2023-01-04 05:18:00,758.0310003232788,14.861038308705316,0
2023-01-04 05:19:00,677.5213211836674,17.169995675956844,0
2023-01-04 05:20:00,698.7444151918709,17.58016951840301,0
2023-01-04 05:21:00,698.6408714449851,20.206793328721005,0
2023-01-04 05:22:00,765.0397333613156,16.642994178394183,0
2023-01-04 05:23:00,665.9204283849098,18.00681565637538,0
2023-01-04 05:24:00,709.7554904856145,16.772440197673454,0
2023-01-04 05:25:00,626.3983215580163,17.25392916583923,0
2023-01-04 05:26:00,784.9410946153813,18.445906313327672,0
2023-01-04 05:27:00,711.0314285242243,19.15955666143993,0
2023-01-04 05:28:00,641.2067741730731,17.10026095784852,0
2023-01-04 05:29:00,740.804509861751,17.517415272848087,0
2023-01-04 05:30:00,659.5608495614525,20.387022450131052,0
2023-01-04 05:31:00,679.070699021241,18.388627717292582,0
2023-01-04 05:32:00,729.9420753417821,17.88396656810033,0
2023-01-04 05:33:00,687.2151774558639,16.239804213656026,0
2023-01-04 05:34:00,738.4265665946892,16.610804831548904,0
2023-01-04 05:35:00,770.400955850708,17.342250178629676,0
2023-01-04 05:36:00,706.3177783698065,17.011026515708974,0
2023-01-04 05:37:00,640.453446484058,17.134314236287924,0
2023-01-04 05:38:00,704.678240064866,19.07900872600937,0
2023-01-04 05:39:00,701.6117218022084,18.418320355766895,0
2023-01-04 05:40:00,724.3737271087833,18.758836690114126,0
2023-01-04 05:41:00,663.3329942132475,17.16196778603129,0
2023-01-04 05:42:00,656.9471420477553,17.24380762490652,0
2023-01-04 05:43:00,646.687761036289,18.328960726558446,0
2023-01-04 05:44:00,755.5582651965699,17.362276549785467,0
2023-01-04 05:45:00,712.6633555840795,17.707266674205812,0
2023-01-04 05:46:00,690.2774402531151,17.251160799772183,0
2023-01-04 05:47:00,634.138666837739,17.23739262449458,0
2023-01-04 05:48:00,683.039908151991,17.56660729631621,0
2023-01-04 05:49:00,668.9770003661658,17.621310795227288,0
2023-01-04 05:50:00,694.1937079239294,17.44460284486308,0
2023-01-04 05:51:00,599.8104092799912,16.83700350731758,0
2023-01-04 05:52:00,765.5314286516773,18.081755199762956,0
2023-01-04 05:53:00,613.5256475615366,15.685040662720352,0
2023-01-04 05:54:00,659.1763749852214,18.3589705299358,0
2023-01-04 05:55:00,582.7650863291046,18.41185686756523,0
2023-01-04 05:56:00,689.642296653449,18.222606483246455,0
2023-01-04 05:57:00,754.002993198358,15.502403800317698,0
2023-01-04 05:58:00,760.7954043510488,17.467359536979057,0
2023-01-04 05:59:00,763.7594802019007,17.598266718106817,0
2023-01-04 06:00:00,684.9084603330781,16.657062261703174,0
2023-01-04 06:01:00,688.168880243703,18.216439561906366,0
2023-01-04 06:02:00,671.1157160394548,17.753709465867317,0
2023-01-04 06:03:00,774.7764903226771,17.401465387051978,0
2023-01-04 06:04:00,769.3964813426601,18.168223076365067,0
2023-01-04 06:05:00,720.5680191552394,17.327301169041675,0
2023-01-04 06:06:00,616.7604232065167,16.581799868323206,0
2023-01-04 06:07:00,702.7525246309914,16.949409098568022,0
2023-01-04 06:08:00,622.5723823696216,16.705861609511793,0
2023-01-04 06:09:00,737.4892420651737,18.033653047472512,0
2023-01-04 06:10:00,707.0717344133183,17.143186989626034,0
2023-01-04 06:11:00,766.3305722886009,17.549460146824845,0
2023-01-04 06:12:00,731.7502462398267,16.71992866362078,0
2023-01-04 06:13:00,697.8108165960604,17.47018380478157,0
2023-01-04 06:14:00,765.95305270692,16.261283677975854,0
2023-01-04 06:15:00,628.1379837240053,18.700608119594616,0
2023-01-04 06:16:00,621.9766855946248,19.116353287809726,0
2023-01-04 06:17:00,753.2891002300605,17.577040991208467,0
2023-01-04 06:18:00,801.1843074559206,17.101743659063725,0
2023-01-04 06:19:00,827.3796801261492,19.23184463164652,0
2023-01-04 06:20:00,1190.143504997755,17.122031107636182,0
2023-01-04 06:21:00,635.9957238285747,17.908181507708782,0
2023-01-04 06:22:00,693.7019216958971,18.10830524003072,0
2023-01-04 06:23:00,721.2848929746054,18.212639160554716,0
2023-01-04 06:24:00,675.0518880335552,16.584135436399972,0
2023-01-04 06:25:00,673.5467198746277,17.935053702297665,0
2023-01-04 06:26:00,715.3672622208057,18.946870564572976,0
2023-01-04 06:27:00,652.2365648996046,19.19487043342436,0
2023-01-04 06:28:00,681.7904297131004,17.41600602139454,0
2023-01-04 06:29:00,699.0442138485026,18.97040612280129,0
2023-01-04 06:30:00,799.4411574802891,18.727938373373757,0
2023-01-04 06:31:00,683.5707152224228,18.22000473563514,0
2023-01-04 06:32:00,723.7531314663768,18.745951725966282,0
2023-01-04 06:33:00,673.2522939614659,17.49546579027809,0
2023-01-04 06:34:00,847.228442095992,17.33092867016252,0
2023-01-04 06:35:00,632.5701816898301,18.21723287345399,0
2023-01-04 06:36:00,693.3659409041372,15.910174996176725,0
2023-01-04 06:37:00,612.2616989442731,17.449601767112686,0
2023-01-04 06:38:00,737.0219476474682,16.40919928672104,0
2023-01-04 06:39:00,812.1586907054159,17.92128324334834,0
2023-01-04 06:40:00,694.2879850004629,17.225577826103375,0
2023-01-04 06:41:00,700.920256837303,17.348373242367806,0
2023-01-04 06:42:00,668.2179657365942,18.970459338868288,0
2023-01-04 06:43:00,740.4593226046885,17.822240780307986,0
2023-01-04 06:44:00,770.0559787515655,19.794437825264644,0
2023-01-04 06:45:00,714.2557801120017,18.71750557758904,0
2023-01-04 06:46:00,696.9013270962447,17.226888230571447,0
2023-01-04 06:47:00,717.2006031188182,16.568682910184453,0
2023-01-04 06:48:00,668.5896390263696,16.836156312659497,0
2023-01-04 06:49:00,666.8921589522934,18.158164119534824,0
2023-01-04 06:50:00,763.6014513348139,19.129684395122183,0
2023-01-04 06:51:00,686.9344169629884,18.119282576311708,0
2023-01-04 06:52:00,710.9960445066681,18.398683187687666,0
2023-01-04 06:53:00,662.7185276672159,18.084755867366372,0
2023-01-04 06:54:00,737.6469962707022,19.24037749314782,0
2023-01-04 06:55:00,692.9332240452142,17.726675762279744,0
2023-01-04 06:56:00,678.4875734273525,17.428030050623455,0
2023-01-04 06:57:00,688.331120765877,18.90899471815142,0
2023-01-04 06:58:00,647.9166009520227,18.87338563757156,0
2023-01-04 06:59:00,666.0809527600152,17.62084155749724,0
2023-01-04 07:00:00,698.8510428191871,18.446642185802425,0
2023-01-04 07:01:00,733.9178934550187,17.62668869292654,0
2023-01-04 07:02:00,704.1035460546367,18.017192044593024,0
2023-01-04 07:03:00,656.5381909772309,19.9976201943576,0
2023-01-04 07:04:00,676.3839154455218,16.3556513732238,0
2023-01-04 07:05:00,566.3349527324016,17.95650239226084,0
2023-01-04 07:06:00,755.4665205149947,17.388569386126978,0
2023-01-04 07:07:00,758.6690200527065,18.532689513213445,0
2023-01-04 07:08:00,723.0018349587042,19.048487261555564,0
2023-01-04 07:09:00,632.4809124981537,17.216674055638254,0
2023-01-04 07:10:00,754.2535145725822,18.04924591001961,0
2023-01-04 07:11:00,650.9426966159024,19.873896534721865,0
2023-01-04 07:12:00,676.9796674275564,18.64969707352135,0
2023-01-04 07:13:00,690.5763996766818,19.53582617788778,0
2023-01-04 07:14:00,611.9625459011764,19.028202244637114,0
2023-01-04 07:15:00,684.6792523269687,17.355855680477948,0
2023-01-04 07:16:00,687.5844647646156,19.215632464062896,0
2023-01-04 07:17:00,778.6782051872641,16.690588518192058,0
2023-01-04 07:18:00,658.1037770635445,18.228130894103654,0
2023-01-04 07:19:00,733.5120936500676,17.70552878440344,0
2023-01-04 07:20:00,663.1339334934875,19.215032299189765,0
2023-01-04 07:21:00,583.3421549809077,19.379235966476106,0
2023-01-04 07:22:00,676.4867814728464,18.560045590962982,0
2023-01-04 07:23:00,640.8611788490579,18.93356383696254,0
2023-01-04 07:24:00,726.4743170762627,16.85049763028715,0
2023-01-04 07:25:00,602.0608838994477,18.153945469858424,0
2023-01-04 07:26:00,666.4293765166274,17.700435769319437,0
2023-01-04 07:27:00,669.4570940117176,18.86129967838825,0
2023-01-04 07:28:00,688.1257304763071,18.940696125103603,0
2023-01-04 07:29:00,654.7757191537424,19.947986125363183,0
2023-01-04 07:30:00,727.7278871511364,19.775973170058354,0
2023-01-04 07:31:00,703.6386579974751,17.293037495073097,0
2023-01-04 07:32:00,680.4300085635866,17.36329580774372,0
2023-01-04 07:33:00,707.5778926083941,17.113979741782554,0
2023-01-04 07:34:00,701.2310830036562,17.584217472902104,0
2023-01-04 07:35:00,706.180816614151,17.94184979165756,0
2023-01-04 07:36:00,702.7697349108778,19.750265614621068,0
2023-01-04 07:37:00,733.0800836697402,18.873489146536542,0
2023-01-04 07:38:00,699.5876178825522,17.412105719806704,0
2023-01-04 07:39:00,663.8449588813886,17.358867329629074,0
2023-01-04 07:40:00,763.353630587988,17.435735657222306,0
2023-01-04 07:41:00,746.2023561189413,19.141005885747866,0
2023-01-04 07:42:00,679.5693857334671,17.390931430646088,0
2023-01-04 07:43:00,720.0871234418267,16.758512679837573,0
2023-01-04 07:44:00,659.2071722943854,18.13416657809811,0
2023-01-04 07:45:00,684.1013087808955,16.341993306598706,0
2023-01-04 07:46:00,725.6589464247875,19.038447176020643,0
2023-01-04 07:47:00,648.9396728601374,19.616389218182235,0
2023-01-04 07:48:00,696.8922850054942,16.604592929767442,0
2023-01-04 07:49:00,690.162647576694,18.73355182567642,0
2023-01-04 07:50:00,692.2056001220211,18.79834176561063,0
2023-01-04 07:51:00,669.9321655404038,15.744920760151814,0
2023-01-04 07:52:00,692.5901594377763,16.70607467409787,0
2023-01-04 07:53:00,649.0862053850088,18.184863756831387,0
2023-01-04 07:54:00,679.1520958800403,19.436747093985694,0
2023-01-04 07:55:00,712.8342063973422,17.628292909667447,0
2023-01-04 07:56:00,763.6868208403905,17.689537541162732,0
2023-01-04 07:57:00,638.3847737040782,19.90124260396338,0
2023-01-04 07:58:00,717.2446447459007,17.766705975116693,0
2023-01-04 07:59:00,636.9243639043825,19.11616651595785,0
2023-01-04 08:00:00,1154.7193635550373,18.19266877352825,0
2023-01-04 08:01:00,680.0034512215929,19.201882161949722,0
2023-01-04 08:02:00,724.5238829474887,16.66600861491923,0
2023-01-04 08:03:00,661.4499983028735,17.83143946318088,0
2023-01-04 08:04:00,637.0198418365383,17.950329966815076,0
2023-01-04 08:05:00,631.4095772192347,19.0622454902936,0
2023-01-04 08:06:00,622.3506720233405,18.99607642104751,0
2023-01-04 08:07:00,629.4543781692566,16.50621769136907,0
2023-01-04 08:08:00,615.3471098879189,17.584548260331083,0
2023-01-04 08:09:00,614.8255111304669,18.03097388837737,0
2023-01-04 08:10:00,670.969171354638,17.190025804389652,0
2023-01-04 08:11:00,715.228268078279,17.858302098461966,0
2023-01-04 08:12:00,781.6383288930803,17.009128804384904,0
2023-01-04 08:13:00,667.026155538779,19.27179122661861,0
2023-01-04 08:14:00,681.1147053438657,18.389869321160166,0
2023-01-04 08:15:00,615.9631803787468,16.70967188854923,0
2023-01-04 08:16:00,633.792006835333,18.703619982655027,0
2023-01-04 08:17:00,631.9246788127076,16.985189391314368,0
2023-01-04 08:18:00,628.7677080483336,17.70804477240976,0
2023-01-04 08:19:00,693.7185556772162,16.28844576332488,0
2023-01-04 08:20:00,699.6960099362586,18.768968620261223,0
2023-01-04 08:21:00,674.8920182359483,18.40001893567239,0
2023-01-04 08:22:00,706.8226507045099,20.19272794397092,0
2023-01-04 08:23:00,642.1530134789332,20.393231152442524,0
2023-01-04 08:24:00,586.4211345967361,18.362610039548166,0
2023-01-04 08:25:00,639.649387981712,17.90494508207496,0
2023-01-04 08:26:00,740.6398737799099,17.84822768474616,0
2023-01-04 08:27:00,626.1895342888223,18.90619537335369,0
2023-01-04 08:28:00,692.5615841668412,19.49703088460048,0
2023-01-04 08:29:00,594.3914424690628,16.8400407347923,0
2023-01-04 08:30:00,616.0030379725282,18.303156207620603,0
2023-01-04 08:31:00,642.2879657547621,19.424712717926433,0
2023-01-04 08:32:00,701.947594263298,18.789288069176113,0
2023-01-04 08:33:00,711.8701992381614,18.85318192865908,0
2023-01-04 08:34:00,690.4476695217176,17.743155807629012,0
2023-01-04 08:35:00,603.8315790703591,15.001997117098474,0
2023-01-04 08:36:00,649.4249359335669,19.522488175743266,0
2023-01-04 08:37:00,614.2264161173558,18.155229495181093,0
2023-01-04 08:38:00,645.7225014985805,18.05048080493424,0
2023-01-04 08:39:00,661.445299066096,18.12184748017113,0
2023-01-04 08:40:00,621.9024922249793,17.052573254589024,0
2023-01-04 08:41:00,742.1915305846578,17.78497411427159,0
2023-01-04 08:42:00,723.3276646131962,17.99716768935098,0
2023-01-04 08:43:00,630.903836902795,19.235446367444677,0
2023-01-04 08:44:00,664.6187616481127,20.997450398053623,0
2023-01-04 08:45:00,679.8132423798121,18.472977632014565,0
2023-01-04 08:46:00,606.2520886197512,17.837163656349247,0
2023-01-04 08:47:00,651.6288597118352,18.2720068113352,0
2023-01-04 08:48:00,652.2682668484902,19.678196022664718,0
2023-01-04 08:49:00,616.6808993488006,19.405027465386645,0
2023-01-04 08:50:00,685.4072260391813,19.626777076427103,0
2023-01-04 08:51:00,627.2408441416895,18.481557246397443,0
2023-01-04 08:52:00,787.1960675139229,18.414963736933142,0
2023-01-04 08:53:00,676.9575772653905,18.635153024331185,0
2023-01-04 08:54:00,587.7265078948441,18.276437894370385,0
2023-01-04 08:55:00,479.8419477308835,19.004985704834397,0
2023-01-04 08:56:00,681.8644573925752,18.956963768456315,0
2023-01-04 08:57:00,719.1835036545888,17.38744005435837,0
2023-01-04 08:58:00,647.0666246458571,19.004056480987302,0
2023-01-04 08:59:00,642.315365697464,19.070232048653846,0
2023-01-04 09:00:00,688.7094837885352,18.848290408927767,0
2023-01-04 09:01:00,625.3993646641335,18.74091266309755,0
2023-01-04 09:02:00,629.3607989219636,18.862716416151894,0
2023-01-04 09:03:00,683.5150789332362,19.601606733207326,0
2023-01-04 09:04:00,772.6723697763571,17.69350226651376,0
2023-01-04 09:05:00,606.52495510989,18.21819119535719,0
2023-01-04 09:06:00,610.3750444846952,18.825129942494865,0
2023-01-04 09:07:00,596.8936016691913,18.06452040793824,0
2023-01-04 09:08:00,632.2076271618026,20.733241539359827,0
2023-01-04 09:09:00,678.580425586037,18.344726740359974,0
2023-01-04 09:10:00,703.4056066912661,18.860648853016528,0
2023-01-04 09:11:00,722.2209139041328,17.88075608332802,0
2023-01-04 09:12:00,705.9824742045291,18.254540236094407,0
2023-01-04 09:13:00,621.9558643082685,17.65188669063791,0
2023-01-04 09:14:00,677.9881269219164,17.808471475802605,0
2023-01-04 09:15:00,670.6901449646285,19.680190310648904,0
2023-01-04 09:16:00,630.3685883380097,17.735013922705086,0
2023-01-04 09:17:00,681.1856733631683,18.004257243415907,0
2023-01-04 09:18:00,723.8775026751226,16.551826962233157,0
2023-01-04 09:19:00,693.1440444661004,16.371973390404822,0
2023-01-04 09:20:00,597.4851702019633,18.19961532320359,0
2023-01-04 09:21:00,619.6337669491887,17.942324624872732,0
2023-01-04 09:22:00,598.7477825701916,18.679971994259475,0
2023-01-04 09:23:00,734.0566649136788,18.37246288222549,0
2023-01-04 09:24:00,633.4659353796247,20.03281643033922,0
2023-01-04 09:25:00,551.1939389924232,18.03944201683782,0
2023-01-04 09:26:00,604.4570047694284,19.217277303728473,0
2023-01-04 09:27:00,579.8566356640763,18.898984303555036,0
2023-01-04 09:28:00,546.1492293582002,19.16836371158983,0
2023-01-04 09:29:00,639.7563747634766,19.442170454496893,0
2023-01-04 09:30:00,606.0660126842704,18.13144945547511,0
2023-01-04 09:31:00,670.5220993876964,18.312177183936605,0
2023-01-04 09:32:00,587.8430283350314,17.65823885724935,0
2023-01-04 09:33:00,686.0873932458137,18.221254950626406,0
2023-01-04 09:34:00,576.9057801006281,17.571249151286708,0
2023-01-04 09:35:00,676.1663452590668,18.77903786105854,0
2023-01-04 09:36:00,636.4388851064141,17.277036687708723,0
2023-01-04 09:37:00,603.8040505191282,18.016283368097533,0
2023-01-04 09:38:00,663.9304691665888,17.214969669012085,0
2023-01-04 09:39:00,632.0714209189179,18.969896194356505,0
2023-01-04 09:40:00,1178.7693435807646,19.90184148417709,0
2023-01-04 09:41:00,613.3959636150837,19.547070711893788,0
2023-01-04 09:42:00,590.0358495386049,18.363687405194053,0
2023-01-04 09:43:00,656.1167678215292,17.15753172592556,0
2023-01-04 09:44:00,669.8304344300501,20.399450127797692,0
2023-01-04 09:45:00,661.6117594144546,18.69471308180659,0
2023-01-04 09:46:00,471.28515816779213,17.200497254589038,0
2023-01-04 09:47:00,565.4928120003262,19.597817258437402,0
2023-01-04 09:48:00,582.159572697197,18.120356145652437,0
2023-01-04 09:49:00,645.8866725894866,19.4810075976006,0
2023-01-04 09:50:00,634.8611763798748,19.8937852335725,0
2023-01-04 09:51:00,541.5034911877677,19.255782003545775,0
2023-01-04 09:52:00,526.4007200086323,20.90840098093249,0
2023-01-04 09:53:00,593.3713899485083,18.90751333072445,0
2023-01-04 09:54:00,532.3364672657503,18.369331465465628,0
2023-01-04 09:55:00,620.7767215401491,17.456601594328852,0
2023-01-04 09:56:00,647.1359465239104,19.868579866604634,0
2023-01-04 09:57:00,637.6011173778917,19.49529584970095,0
2023-01-04 09:58:00,712.9724207034052,17.152173442384477,0
2023-01-04 09:59:00,569.8566846681774,18.730964324635554,0
2023-01-04 10:00:00,620.8484752810402,19.255326075289464,0
2023-01-04 10:01:00,598.6566685889588,20.20061946444668,0
2023-01-04 10:02:00,609.8089973003988,18.01220505211526,0
2023-01-04 10:03:00,630.2788002096802,19.569436885594474,0
2023-01-04 10:04:00,602.2796171795896,18.822648596068685,0
2023-01-04 10:05:00,648.1163855283102,19.10841879669927,0
2023-01-04 10:06:00,629.9566954469315,17.46601749153165,0
2023-01-04 10:07:00,592.1908026133198,18.795997567099874,0
2023-01-04 10:08:00,511.7046207021846,20.004315503225502,0
2023-01-04 10:09:00,589.8755573444347,19.851577167397636,0
2023-01-04 10:10:00,592.0272908794358,18.176184443253025,0
2023-01-04 10:11:00,583.3324501462916,18.75367144458319,0
2023-01-04 10:12:00,749.7762866086148,17.866243769325298,0
2023-01-04 10:13:00,576.5865621743926,16.68272577893137,0
2023-01-04 10:14:00,532.5180199864883,17.48497087619607,0
2023-01-04 10:15:00,582.9724303581091,17.97481250630289,0
2023-01-04 10:16:00,599.1185188958918,18.649551147525337,0
2023-01-04 10:17:00,542.2277108233375,17.48652442381127,0
2023-01-04 10:18:00,627.4055267194382,18.84052930587122,0
2023-01-04 10:19:00,532.1956927629041,17.991282867381532,0
2023-01-04 10:20:00,509.8502877222642,16.905680780284975,0
2023-01-04 10:21:00,543.1581155241466,17.649033845008496,0
2023-01-04 10:22:00,604.4025781826915,18.968584274769203,0
2023-01-04 10:23:00,633.3982042888659,19.524105968220102,0
2023-01-04 10:24:00,624.8227265054005,19.86258813413181,0
2023-01-04 10:25:00,476.92728435326416,19.99308211199623,0
2023-01-04 10:26:00,544.0251704842996,19.5766213638751,0
2023-01-04 10:27:00,638.8025302034578,19.222131241427352,0
2023-01-04 10:28:00,512.1871178448947,19.85348761211326,0
2023-01-04 10:29:00,636.1718233227241,19.292758023075738,0
2023-01-04 10:30:00,581.0153314640461,19.483014522299193,0
2023-01-04 10:31:00,576.2349764569749,17.205544265190156,0
2023-01-04 10:32:00,549.50493408726,16.086919073481617,0
2023-01-04 10:33:00,622.2210822597547,18.523463135247408,0
2023-01-04 10:34:00,509.8602476036387,20.149167316620595,0
2023-01-04 10:35:00,539.2242210248681,18.097115003545472,0
2023-01-04 10:36:00,510.0356160876491,20.60491239437095,0
2023-01-04 10:37:00,651.9499477280108,18.305509852359215,0
2023-01-04 10:38:00,626.6600161772293,19.746819782068304,0
2023-01-04 10:39:00,516.7055287160438,19.918933639023304,0
2023-01-04 10:40:00,543.0325778179961,18.50769113833868,0
2023-01-04 10:41:00,539.4664176824607,17.66037095726387,0
2023-01-04 10:42:00,560.0166523551202,17.43867135012216,0
2023-01-04 10:43:00,521.3142573259308,19.57858513479861,0
2023-01-04 10:44:00,586.1372230006401,19.48960675998346,0
2023-01-04 10:45:00,652.7974816402725,18.579917972232327,0
2023-01-04 10:46:00,553.9311694771857,18.99675127191447,0
2023-01-04 10:47:00,497.2531344609968,18.324949919628498,0
2023-01-04 10:48:00,578.6582129883002,18.376777411944826,0
2023-01-04 10:49:00,633.2391254415113,18.567730367897116,0
2023-01-04 10:50:00,686.5512805517969,18.6244436359109,0
2023-01-04 10:51:00,552.2031732048224,18.9392971259879,0
2023-01-04 10:52:00,573.7364386458709,19.660678389093775,0
2023-01-04 10:53:00,593.984480616144,19.401533488856632,0
2023-01-04 10:54:00,637.4674242514892,19.58050160409058,0
2023-01-04 10:55:00,624.9708490165956,18.641323648821263,0
2023-01-04 10:56:00,584.7143358170695,18.765483677447648,0
2023-01-04 10:57:00,584.0281312942149,16.67207655153091,0
2023-01-04 10:58:00,593.5574723391147,20.255685967723636,0
2023-01-04 10:59:00,516.9183021231635,21.308847859793424,0
2023-01-04 11:00:00,525.5005793493825,20.509706511481756,0
2023-01-04 11:01:00,523.5000007766182,18.83196543542017,0
2023-01-04 11:02:00,549.4120163005487,19.33424602713881,0
2023-01-04 11:03:00,428.6979458991379,19.39777572652561,0
2023-01-04 11:04:00,511.174292071583,19.8029734937605,0
2023-01-04 11:05:00,452.99760241749993,17.174443166982556,0
2023-01-04 11:06:00,496.8230462932484,20.7790744055335,0
2023-01-04 11:07:00,552.8683334572944,18.812480280832016,0
2023-01-04 11:08:00,630.5882776725513,17.9721575236904,0
2023-01-04 11:09:00,535.9676703279871,19.58546660469029,0
2023-01-04 11:10:00,604.4593056931783,18.62044047555919,0
2023-01-04 11:11:00,513.8722557224819,18.647630335541315,0
2023-01-04 11:12:00,529.4676743797799,20.684276119092495,0
2023-01-04 11:13:00,642.8176566975766,18.621839426867627,0
2023-01-04 11:14:00,495.3238669137722,19.56932018092907,0
2023-01-04 11:15:00,559.3286336648375,19.301005919172667,0
2023-01-04 11:16:00,508.5110684743827,20.738747287594997,0
2023-01-04 11:17:00,547.2650603104291,17.86158973803014,0
2023-01-04 11:18:00,500.6245016992682,20.290908040363103,0
2023-01-04 11:19:00,491.6601609029321,19.08771642881621,0
2023-01-04 11:20:00,1123.6007095089403,18.519961175648536,0
2023-01-04 11:21:00,565.0530833977674,19.575284679378708,0
2023-01-04 11:22:00,571.8097083600213,17.423808276992485,0
2023-01-04 11:23:00,489.9130977493051,18.429377616253895,0
2023-01-04 11:24:00,536.7748193875256,19.93762572747373,0
2023-01-04 11:25:00,542.6481381861157,18.1637183046402,0
2023-01-04 11:26:00,513.8307877728108,20.22674963075297,0
2023-01-04 11:27:00,554.3943344502903,18.75131754008398,0
2023-01-04 11:28:00,510.41582474838674,20.958027628646924,0
2023-01-04 11:29:00,518.26127727692,18.530081135923606,0
2023-01-04 11:30:00,541.1394354993407,17.939642752532432,0
2023-01-04 11:31:00,531.518960188244,16.791645822581998,0
2023-01-04 11:32:00,400.96371384900885,20.38868558999691,0
2023-01-04 11:33:00,498.38835895178494,19.342149288933722,0
2023-01-04 11:34:00,554.718006784999,18.107478129482757,0
2023-01-04 11:35:00,617.1147151428419,19.629839245085762,0
2023-01-04 11:36:00,577.4871628078342,19.477993630170197,0
2023-01-04 11:37:00,509.6447301067103,18.160884818695592,0
2023-01-04 11:38:00,548.2457512660767,20.23076489382887,0
2023-01-04 11:39:00,638.9013441763855,19.685717190733286,0
2023-01-04 11:40:00,445.8206480508967,19.997005430357728,0
2023-01-04 11:41:00,592.8901922873616,19.9120688503038,0
2023-01-04 11:42:00,510.7688081599479,18.7802862043178,0
2023-01-04 11:43:00,483.8774137320467,20.07002862125163,0
2023-01-04 11:44:00,529.4588753981441,21.27262302423948,0
2023-01-04 11:45:00,509.45178523912386,18.33088837357263,0
2023-01-04 11:46:00,499.1943925252567,19.40155750050444,0
2023-01-04 11:47:00,510.4834525737369,18.523816131232063,0
2023-01-04 11:48:00,530.6292463595142,18.469715692029187,0
2023-01-04 11:49:00,529.7060208222214,19.21207160820452,0
2023-01-04 11:50:00,469.1517233978686,18.827887896270138,0
2023-01-04 11:51:00,545.7898440896176,20.781337822199966,0
2023-01-04 11:52:00,460.468001180036,19.804640209059507,0
2023-01-04 11:53:00,503.9623225626238,19.470511514428942,0
2023-01-04 11:54:00,511.8737351799833,17.672580995000338,0
2023-01-04 11:55:00,528.470510452066,20.554082159395602,0
2023-01-04 11:56:00,459.8726955072579,21.205678739678554,0
2023-01-04 11:57:00,525.3128216111153,19.110415525766598,0
2023-01-04 11:58:00,490.34993426504025,18.63872136080014,0
2023-01-04 11:59:00,565.9529650898521,18.789906512704135,0
2023-01-04 12:00:00,586.8059253217534,18.891733536258915,0
2023-01-04 12:01:00,458.3561693651071,19.546346627190232,0
2023-01-04 12:02:00,477.90052274400574,19.651571842827156,0
2023-01-04 12:03:00,371.8572069581787,19.352498112085225,0
2023-01-04 12:04:00,564.8170169438083,17.764660289932653,0
2023-01-04 12:05:00,506.4956528780805,19.5030637330273,0
2023-01-04 12:06:00,500.7871260298722,19.8256956478669,0
2023-01-04 12:07:00,439.35673051474225,17.30778649026196,0
2023-01-04 12:08:00,531.2600966099538,18.863982304334797,0
2023-01-04 12:09:00,560.5175832907461,18.91741160144802,0
2023-01-04 12:10:00,495.95013231981955,19.64892491540431,0
2023-01-04 12:11:00,483.45142268085004,18.050808675844348,0
2023-01-04 12:12:00,538.8622152301524,20.6298580391218,0
2023-01-04 12:13:00,396.29213156770606,19.07308796672453,0
2023-01-04 12:14:00,421.7111979834918,19.996922711475857,0
2023-01-04 12:15:00,521.8977911999825,20.165867011230333,0
2023-01-04 12:16:00,523.8029124387524,18.86378861859291,0
2023-01-04 12:17:00,467.52329047061596,18.918360681060282,0
2023-01-04 12:18:00,403.087659131535,20.72813646299737,0
2023-01-04 12:19:00,454.7793156215982,19.127840450968097,0
2023-01-04 12:20:00,453.5929533415782,20.12103823585584,0
2023-01-04 12:21:00,541.8977225224743,19.647434106578476,0
2023-01-04 12:22:00,459.8374962132621,20.45039860569022,0
2023-01-04 12:23:00,479.89275484127256,20.489535126836884,0
2023-01-04 12:24:00,528.1156113598969,19.569821859729892,0
2023-01-04 12:25:00,537.068666928593,18.79595355357067,0
2023-01-04 12:26:00,547.4079528448021,17.7125027244359,0
2023-01-04 12:27:00,483.43929263459245,18.7852241510032,0
2023-01-04 12:28:00,482.4157551662173,18.351555800369034,0
2023-01-04 12:29:00,498.15804651400526,19.166768390878477,0
2023-01-04 12:30:00,602.9891364366813,18.218846871915943,0
2023-01-04 12:31:00,593.8514442329667,18.746445682967074,0
2023-01-04 12:32:00,505.43895216768277,18.106451281488553,0
2023-01-04 12:33:00,440.2148616625455,18.597770189584146,0
2023-01-04 12:34:00,584.3619770830344,20.652765645136427,0
2023-01-04 12:35:00,422.43216210304536,20.038857935446817,0
2023-01-04 12:36:00,493.2188147216306,19.058820635259078,0
2023-01-04 12:37:00,359.96698100150235,18.112362507951207,0
2023-01-04 12:38:00,433.51623827496906,19.27804797966894,0
2023-01-04 12:39:00,437.3765284454763,18.586860885305406,0
2023-01-04 12:40:00,521.7285443407047,18.986742525930207,0
2023-01-04 12:41:00,483.6017783063826,17.36930336851735,0
2023-01-04 12:42:00,539.2145698494576,17.54332078316057,0
2023-01-04 12:43:00,550.1822754096996,20.183797830854807,0
2023-01-04 12:44:00,426.9272558079137,20.250487767567876,0
2023-01-04 12:45:00,351.9057740620249,19.386601174593746,0
2023-01-04 12:46:00,495.41968067143944,18.366126962270645,0
2023-01-04 12:47:00,465.32840968110526,18.96448583363779,0
2023-01-04 12:48:00,484.8575111510641,19.3458488287958,0
2023-01-04 12:49:00,498.10658525743855,19.744026501086548,0
2023-01-04 12:50:00,458.8417772141763,19.045819525125236,0
2023-01-04 12:51:00,371.45399835176704,20.22556224315234,0
2023-01-04 12:52:00,589.2009661288266,20.550618585517213,0
2023-01-04 12:53:00,465.4012253702641,19.678697875899196,0
2023-01-04 12:54:00,398.39272878263796,18.857441025478973,0
2023-01-04 12:55:00,296.8831596515706,19.771381157748188,0
2023-01-04 12:56:00,374.0819371232309,17.090063539917644,0
2023-01-04 12:57:00,539.8079115894061,19.649259905955155,0
2023-01-04 12:58:00,555.6038195366804,18.850147073724308,0
2023-01-04 12:59:00,449.042610413694,20.26890263936525,0
2023-01-04 13:00:00,910.0900646547535,21.379325820832864,0
2023-01-04 13:01:00,394.0686504580856,20.13641139043525,0
2023-01-04 13:02:00,354.5965732927873,18.59609523923538,0
2023-01-04 13:03:00,480.2613113984208,20.832658402979973,0
2023-01-04 13:04:00,533.9582855588599,19.314179779662364,0
2023-01-04 13:05:00,395.4315972329257,21.539590755335208,0
2023-01-04 13:06:00,447.2419140372464,19.674690209419694,0
2023-01-04 13:07:00,448.97123635324823,19.85318638073378,0
2023-01-04 13:08:00,503.2135970279892,19.774028673658723,0
2023-01-04 13:09:00,498.9391326035701,19.749766659792858,0
2023-01-04 13:10:00,446.0837767359305,20.496443464760777,0
2023-01-04 13:11:00,448.89160309723405,18.58717159081999,0
2023-01-04 13:12:00,323.13258068254186,18.03069392277747,0
2023-01-04 13:13:00,372.14119250608644,21.588545823360104,0
2023-01-04 13:14:00,352.47734535764874,16.92112539534806,0
2023-01-04 13:15:00,424.6852336171678,18.937010984076142,0
2023-01-04 13:16:00,457.93948984507495,20.19898601367061,0
2023-01-04 13:17:00,511.00243910239493,18.334863359446864,0
2023-01-04 13:18:00,328.97398651233107,18.601462587077943,0
2023-01-04 13:19:00,441.90408561031546,19.265412734926826,0
2023-01-04 13:20:00,372.66938559204544,20.297408946170812,0
2023-01-04 13:21:00,383.98766863914545,19.597332037018074,0
2023-01-04 13:22:00,435.5018014521323,17.83999588539189,0
2023-01-04 13:23:00,432.298597675806,19.585492219356542,0
2023-01-04 13:24:00,413.873455845194,19.38617847099968,0
2023-01-04 13:25:00,423.1167300884422,19.524182160298977,0
2023-01-04 13:26:00,356.4618344725369,18.52620565180185,0
2023-01-04 13:27:00,402.47617776090294,18.676670725244758,0
2023-01-04 13:28:00,422.0785708567536,19.316499310466824,0
2023-01-04 13:29:00,377.8566565004432,17.003524026673514,0
2023-01-04 13:30:00,479.92490674358714,20.444995922975934,0
2023-01-04 13:31:00,479.69056242106774,19.594841636005757,0
2023-01-04 13:32:00,416.8167285525688,19.047609093129687,0
2023-01-04 13:33:00,348.3588256025756,22.11107283831765,0
2023-01-04 13:34:00,402.74875687070767,19.349254439864822,0
2023-01-04 13:35:00,382.0443807700645,20.785036416347715,0
2023-01-04 13:36:00,511.6580394508437,20.60717639313356,0
2023-01-04 13:37:00,453.55711076586954,20.38939989551806,0
2023-01-04 13:38:00,383.73653140888234,20.71810302124874,0
2023-01-04 13:39:00,450.43347923284557,19.3076753501958,0
2023-01-04 13:40:00,522.3824706200878,19.47086322985891,0
2023-01-04 13:41:00,394.52133910575566,20.783116619931892,0
2023-01-04 13:42:00,525.4054332441012,19.92515138627787,0
2023-01-04 13:43:00,397.9228462532583,19.059348592913132,0
2023-01-04 13:44:00,451.92886604935353,19.981786929171943,0
2023-01-04 13:45:00,340.248893834617,20.233653496669174,0
2023-01-04 13:46:00,352.10372422570356,18.530199822444,0
2023-01-04 13:47:00,405.3463369321828,18.93318731847146,0
2023-01-04 13:48:00,379.20214494326297,20.444917081900684,0
2023-01-04 13:49:00,473.63628979786455,18.59224078262597,0
2023-01-04 13:50:00,381.3060748256203,20.374996619857757,0
2023-01-04 13:51:00,319.45281512785493,20.303024859724164,0
2023-01-04 13:52:00,411.4078849740217,20.298236121437757,0
2023-01-04 13:53:00,433.5745954806587,20.555925532605333,0
2023-01-04 13:54:00,446.2697317678114,21.61931343292365,0
2023-01-04 13:55:00,423.80540774077525,19.587409667064524,0
2023-01-04 13:56:00,434.75384007230844,19.360113348058604,0
2023-01-04 13:57:00,414.5667163557622,18.003448556769182,0
2023-01-04 13:58:00,404.3156794636091,20.88053708987822,0
2023-01-04 13:59:00,447.9574511420238,20.077915439404027,0
2023-01-04 14:00:00,314.0294721061247,19.163774182350615,0
2023-01-04 14:01:00,371.4198244904528,19.823226373774265,0
2023-01-04 14:02:00,367.7565513284624,20.269430875134262,0
2023-01-04 14:03:00,308.47200918377706,17.195198615238265,0
2023-01-04 14:04:00,336.6243013940474,20.28184943081836,0
2023-01-04 14:05:00,410.8843141335666,19.5693634557662,0
2023-01-04 14:06:00,388.7759427131652,21.294798449635213,0
2023-01-04 14:07:00,398.60182889682335,19.80156311027585,0
2023-01-04 14:08:00,404.5849412445461,19.625949956598976,0
2023-01-04 14:09:00,425.4697813295384,20.053614869668866,0
2023-01-04 14:10:00,451.82099234293213,19.071340056008914,0
2023-01-04 14:11:00,434.6193714853017,20.104984068251117,0
2023-01-04 14:12:00,464.79244623425274,20.210432071963876,0
2023-01-04 14:13:00,393.13499817342364,19.825013802359805,0
2023-01-04 14:14:00,355.86231282539984,19.714444907767277,0
2023-01-04 14:15:00,410.2449703351746,19.034376501124214,0
2023-01-04 14:16:00,424.21823079107884,19.361109893460725,0
2023-01-04 14:17:00,366.52068131360375,17.881791193962904,0
2023-01-04 14:18:00,352.91072516427835,19.674397336609836,0
2023-01-04 14:19:00,486.1720800292512,20.82181157648785,0
2023-01-04 14:20:00,400.33106901074814,20.622187724296317,0
2023-01-04 14:21:00,378.09645205646143,19.78029437079459,0
2023-01-04 14:22:00,402.6253105440877,20.55649358791983,0
2023-01-04 14:23:00,411.17537328067743,20.061888725961804,0
2023-01-04 14:24:00,377.3923958173296,18.744724484369787,0
2023-01-04 14:25:00,378.0169263945141,19.46824198790125,0
2023-01-04 14:26:00,289.822557133358,18.394117445586776,0
2023-01-04 14:27:00,449.85858550040837,20.416502139174806,0
2023-01-04 14:28:00,382.69352051727844,19.46644990914911,0
2023-01-04 14:29:00,362.66687043351897,18.856750580109203,0
2023-01-04 14:30:00,360.73226890705894,21.419438787714824,0
2023-01-04 14:31:00,368.343452316207,21.353046122853005,0
2023-01-04 14:32:00,420.0787086071882,20.842539243226245,0
2023-01-04 14:33:00,288.4973335223659,17.36860555407702,0
2023-01-04 14:34:00,454.8761208207946,19.678749503184275,0
2023-01-04 14:35:00,409.73886861933397,19.51722204366571,0
2023-01-04 14:36:00,342.7837069970303,20.142190118489253,0
2023-01-04 14:37:00,406.93753667594183,21.96405131612248,0
2023-01-04 14:38:00,367.6653794143784,20.24708905809207,0
2023-01-04 14:39:00,495.04785197831234,19.30747867201312,0
2023-01-04 14:40:00,862.4583263820339,20.027728019947354,0
2023-01-04 14:41:00,260.84767453833706,20.387366944318543,0
2023-01-04 14:42:00,322.9930209606757,19.10527489424634,0
2023-01-04 14:43:00,383.4682000191844,20.87789074814319,0
2023-01-04 14:44:00,305.6367819660073,20.285571713792567,0
2023-01-04 14:45:00,453.233291135334,19.690098893193948,0
2023-01-04 14:46:00,392.2068932472781,21.400534418647403,0
2023-01-04 14:47:00,354.32690924789244,18.987219772120554,0
2023-01-04 14:48:00,249.98274536652923,20.1623180873276,0
2023-01-04 14:49:00,379.3066475503629,19.699419497202083,0
2023-01-04 14:50:00,383.4786641640845,20.316002361337137,0
2023-01-04 14:51:00,365.42680962956456,18.62305458442555,0
2023-01-04 14:52:00,227.5302084638675,20.27675817951815,0
2023-01-04 14:53:00,354.00396677938113,21.113448138601456,0
2023-01-04 14:54:00,311.12601217055504,19.260308548799852,0
2023-01-04 14:55:00,398.4891609250446,19.44753054205473,0
2023-01-04 14:56:00,443.293480117773,21.53713595365604,0
2023-01-04 14:57:00,368.92378018668535,20.11291251407872,0
2023-01-04 14:58:00,270.6127180243527,19.37672272879347,0
2023-01-04 14:59:00,254.51371475799843,19.85548276198575,0
2023-01-04 15:00:00,363.870015906749,20.289952221246907,0
2023-01-04 15:01:00,467.10979737229394,21.359353087623415,0
2023-01-04 15:02:00,278.91925433809587,20.907096374211203,0
2023-01-04 15:03:00,388.4434614677049,19.6507041786683,0
2023-01-04 15:04:00,447.1295274961333,20.73176778544335,0
2023-01-04 15:05:00,361.1541719895901,20.31801894160263,0
2023-01-04 15:06:00,322.70167680261926,19.454212742854626,0
2023-01-04 15:07:00,372.59782188349504,20.7438931649084,0
2023-01-04 15:08:00,357.58855376311,18.546096708414648,0
2023-01-04 15:09:00,348.0426662766627,20.849312148748098,0
2023-01-04 15:10:00,420.26304632726675,20.89305105576695,0
2023-01-04 15:11:00,322.7862898184354,18.168141113297008,0
2023-01-04 15:12:00,377.28538251855423,19.54075517800737,0
2023-01-04 15:13:00,360.70857689683584,19.25849753028482,0
2023-01-04 15:14:00,388.3667313713473,19.29800293843374,0
2023-01-04 15:15:00,417.4648802325652,21.254351233356715,0
2023-01-04 15:16:00,378.046799869243,19.61714644338467,0
2023-01-04 15:17:00,347.6170309220364,19.91855249146699,0
2023-01-04 15:18:00,379.8913921955962,18.7569046862747,0
2023-01-04 15:19:00,427.1069833031552,19.706057045356353,0
2023-01-04 15:20:00,336.43387928894094,19.146101618087318,0
2023-01-04 15:21:00,354.551944198725,19.82505911418312,0
2023-01-04 15:22:00,364.45012871458346,20.21651748057752,0
2023-01-04 15:23:00,356.45796258021574,19.55631497089321,0
2023-01-04 15:24:00,424.0184212747571,19.586693424850257,0
2023-01-04 15:25:00,301.354404767145,20.255797340937022,0
2023-01-04 15:26:00,304.38130605225535,19.747629265171856,0
2023-01-04 15:27:00,306.26606585464236,19.30946734979886,0
2023-01-04 15:28:00,361.1700276543441,19.155346080111993,0
2023-01-04 15:29:00,348.4320360194952,18.936820383427595,0
2023-01-04 15:30:00,292.27672511813483,19.999391060217807,0
2023-01-04 15:31:00,374.040557381408,18.775946044808435,0
2023-01-04 15:32:00,382.6078872554965,19.170293859819587,0
2023-01-04 15:33:00,369.8461208076596,19.954312334687906,0
2023-01-04 15:34:00,344.61354262929075,19.690324257181086,0
2023-01-04 15:35:00,278.3206348789029,18.219351372164315,0
2023-01-04 15:36:00,340.086871277639,20.05444086649593,0
2023-01-04 15:37:00,357.91221079066247,18.168835621411276,0
2023-01-04 15:38:00,349.496156028862,20.45909513757444,0
2023-01-04 15:39:00,400.9672319875681,22.468399668186304,0
2023-01-04 15:40:00,400.52247021045173,20.646498246603375,0
2023-01-04 15:41:00,262.76809255650545,21.54008060161929,0
2023-01-04 15:42:00,263.1314871114254,19.65189758010999,0
2023-01-04 15:43:00,429.3507372696966,19.167203816409906,0
2023-01-04 15:44:00,390.63215796683187,19.015217893589476,0
2023-01-04 15:45:00,256.8563086264161,21.127412266732843,0
2023-01-04 15:46:00,392.0669555845333,19.05835567071999,0
2023-01-04 15:47:00,367.62622671536644,18.37462135502435,0
2023-01-04 15:48:00,361.91823951358055,21.442491019167203,0
2023-01-04 15:49:00,295.2933579116489,20.49657391691792,0
2023-01-04 15:50:00,298.57731206100823,18.53936278711435,0
2023-01-04 15:51:00,268.7385687411788,19.241386462973633,0
2023-01-04 15:52:00,272.18252416459643,19.135758232383356,0
2023-01-04 15:53:00,344.1917779151663,20.64325365695346,0
2023-01-04 15:54:00,317.41541618288596,19.46150012481496,0
2023-01-04 15:55:00,313.09230456611465,19.84569405876644,0
2023-01-04 15:56:00,278.3429953857108,19.07405968768806,0
2023-01-04 15:57:00,338.8232612863946,21.510764576042998,0
2023-01-04 15:58:00,216.93361817056876,20.238295541567354,0
2023-01-04 15:59:00,302.2733117301025,20.9408076599538,0
2023-01-04 16:00:00,386.7218150250201,18.917924549371694,0
2023-01-04 16:01:00,384.3690253302342,20.17368820591092,0
2023-01-04 16:02:00,322.4562199828202,21.140145482147762,0
2023-01-04 16:03:00,329.8061456758528,20.001045704258477,0
2023-01-04 16:04:00,370.88867888814696,21.554388192919976,0
2023-01-04 16:05:00,360.48560642321684,20.500546718831934,0
2023-01-04 16:06:00,274.5277792957148,18.88230970768376,0
2023-01-04 16:07:00,365.70495520072615,19.462388836031664,0
2023-01-04 16:08:00,327.0071515935171,20.939859002586488,0
2023-01-04 16:09:00,340.59872716565036,18.95463210433958,0
2023-01-04 16:10:00,370.26660584711374,19.2592154322219,0
2023-01-04 16:11:00,326.93817913853167,19.54141995080503,0
2023-01-04 16:12:00,332.803368830631,21.331639172749384,0
2023-01-04 16:13:00,327.06303823508495,18.768843270405203,0
2023-01-04 16:14:00,277.75172354562585,20.082093429535863,0
2023-01-04 16:15:00,327.7547326110002,20.218918905767772,0
2023-01-04 16:16:00,340.31386622275016,19.071749741843107,0
2023-01-04 16:17:00,246.35636397272594,21.60976182872571,0
2023-01-04 16:18:00,396.0734460924657,19.071420940307373,0
2023-01-04 16:19:00,286.55315838862396,19.444535946433913,0
2023-01-04 16:20:00,937.6124313399905,19.320423383604,0
2023-01-04 16:21:00,336.6210379104297,20.089976881113166,0
2023-01-04 16:22:00,273.7150162453687,20.101243816979597,0
2023-01-04 16:23:00,385.2708168661323,20.677328860105476,0
2023-01-04 16:24:00,284.78191087398307,19.458511327584805,0
2023-01-04 16:25:00,348.10817437219123,19.981385330454376,0
2023-01-04 16:26:00,267.93714677440636,18.583242766337936,0
2023-01-04 16:27:00,317.9675623469523,19.21668578743766,0
2023-01-04 16:28:00,350.85056272128566,18.754484925863697,0
2023-01-04 16:29:00,287.98352760656917,20.605910953144832,0
2023-01-04 16:30:00,279.63521238665317,19.436184446669117,0
2023-01-04 16:31:00,370.13732960285034,19.92159359829713,0
2023-01-04 16:32:00,353.74322593971135,19.45162968233433,0
2023-01-04 16:33:00,392.17934064829956,19.3782916721917,0
2023-01-04 16:34:00,265.923590631769,20.211896503748804,0
2023-01-04 16:35:00,304.8913990283022,20.087125248430784,0
2023-01-04 16:36:00,363.32982473070183,20.66223694288262,0
2023-01-04 16:37:00,273.86505881552864,19.251369214633034,0
2023-01-04 16:38:00,337.53141589832126,21.55626965093557,0
2023-01-04 16:39:00,322.3850285920592,17.264152280155315,0
2023-01-04 16:40:00,318.28428836663295,19.437007079185616,0
2023-01-04 16:41:00,321.5125948138724,23.163312507031318,0
2023-01-04 16:42:00,335.25401389278403,18.344536347151738,0
2023-01-04 16:43:00,291.31847642908974,19.40029915587627,0
2023-01-04 16:44:00,410.3641347016023,21.37579939739091,0
2023-01-04 16:45:00,211.10393030821393,21.52668343071698,0
2023-01-04 16:46:00,329.3174597717883,19.4281024224094,0
2023-01-04 16:47:00,374.8088257032233,21.401498274769775,0
2023-01-04 16:48:00,239.86764815435532,18.951050373549325,0
2023-01-04 16:49:00,429.9727158551977,21.62304429002635,0
2023-01-04 16:50:00,419.01605776206645,20.269212940241616,0
2023-01-04 16:51:00,273.32338755622015,21.33769607132259,0
2023-01-04 16:52:00,363.78371801530903,21.728401455843848,0
2023-01-04 16:53:00,264.3664102352139,20.089681179254864,0
2023-01-04 16:54:00,201.85181706392189,19.6462764195355,0
2023-01-04 16:55:00,283.126456887692,20.047255808885378,0
2023-01-04 16:56:00,248.34964008068343,17.52704627979736,0
2023-01-04 16:57:00,260.0148326297302,20.599257941749592,0
2023-01-04 16:58:00,339.669477634792,20.36451574351796,0
2023-01-04 16:59:00,337.52229401136384,20.068787552357243,0
2023-01-04 17:00:00,295.02610306638286,20.232179654152688,0
2023-01-04 17:01:00,214.2777808526526,19.255011471415873,0
2023-01-04 17:02:00,421.89191983596226,20.388303438859626,0
2023-01-04 17:03:00,343.77573901859,21.187264213604998,0
2023-01-04 17:04:00,340.04524247544606,18.82988545272356,0
2023-01-04 17:05:00,285.81046352420276,18.76171789969179,0
2023-01-04 17:06:00,252.9230610314057,20.00892665513243,0
2023-01-04 17:07:00,275.3006363668139,20.036494354827873,0
2023-01-04 17:08:00,341.2242269193582,19.281456227930704,0
2023-01-04 17:09:00,335.7062486790068,21.343995045666848,0
2023-01-04 17:10:00,261.23850819373234,18.700903117285765,0
2023-01-04 17:11:00,266.1321775617633,22.495010846672226,0
2023-01-04 17:12:00,223.3635468790796,20.271718471800536,0
2023-01-04 17:13:00,422.9216869009299,21.326976769297506,0
2023-01-04 17:14:00,272.3912291015222,21.968823079286363,0
2023-01-04 17:15:00,293.9507898158494,18.156579543322717,0
2023-01-04 17:16:00,277.7568180979439,19.946085952739285,0
2023-01-04 17:17:00,205.3884463644107,18.765307886119214,0
2023-01-04 17:18:00,249.68962932774068,19.487149458052155,0
2023-01-04 17:19:00,341.23996250722587,18.409718821992428,0
2023-01-04 17:20:00,333.97294074242916,19.822115440738866,0
2023-01-04 17:21:00,276.6440059682546,19.930940036473714,0
2023-01-04 17:22:00,362.3951136263958,21.477536087850467,0
2023-01-04 17:23:00,293.20790588521214,19.87882727664356,0
2023-01-04 17:24:00,342.0619056563181,19.169562930260064,0
2023-01-04 17:25:00,263.0004907666763,18.93566107538637,0
2023-01-04 17:26:00,265.80846610573286,18.792850841278305,0
2023-01-04 17:27:00,338.84778421744346,20.300688917546996,0
2023-01-04 17:28:00,294.8025295150953,20.4185872954724,0
2023-01-04 17:29:00,225.70365127329254,19.49886095695918,0
2023-01-04 17:30:00,318.63139512688883,21.287449290230814,0
2023-01-04 17:31:00,201.8100895917366,21.446059314209105,0
2023-01-04 17:32:00,291.6412158694547,19.413453538622036,0
2023-01-04 17:33:00,291.06992105531765,19.79998150345491,0
2023-01-04 17:34:00,260.9941751932074,19.939499343873997,0
2023-01-04 17:35:00,326.891485112568,20.385099990426106,0
2023-01-04 17:36:00,418.08528737312264,18.91117713663942,0
2023-01-04 17:37:00,314.6060814102106,19.5155815853733,0
2023-01-04 17:38:00,287.51028020910826,18.65799381585439,0
2023-01-04 17:39:00,255.30795123060722,18.770449972561515,0
2023-01-04 17:40:00,291.71716858928096,20.250454671037847,0
2023-01-04 17:41:00,227.413854052979,19.2600491819985,0
2023-01-04 17:42:00,390.4665254564251,19.733976004173464,0
2023-01-04 17:43:00,234.5770108412903,21.256968087611437,0
2023-01-04 17:44:00,294.9322374216944,19.83944306859855,0
2023-01-04 17:45:00,248.57713174369619,20.34133071793005,0
2023-01-04 17:46:00,334.33507246301735,18.895205238347252,0
2023-01-04 17:47:00,202.88708863601926,20.13663367082309,0
2023-01-04 17:48:00,316.341136787163,19.206843828995382,0
2023-01-04 17:49:00,359.05203872296056,20.650049422405,0
2023-01-04 17:50:00,376.2329450940399,18.835755629178692,0
2023-01-04 17:51:00,244.34662419872268,20.370337636695158,0
2023-01-04 17:52:00,365.39265637119286,19.531516558123727,0
2023-01-04 17:53:00,351.1349368118768,21.67420613603543,0
2023-01-04 17:54:00,273.3078720956165,18.832050491104013,0
2023-01-04 17:55:00,276.5035452335408,18.630992371836783,0
2023-01-04 17:56:00,134.5158407105431,20.89912024417793,0
2023-01-04 17:57:00,318.55774233149833,19.348111671763856,0
2023-01-04 17:58:00,317.77689884159025,20.36792506554562,0
2023-01-04 17:59:00,318.20849797129006,20.024470219721906,0
2023-01-04 18:00:00,845.4524216251348,19.815124222144902,0
2023-01-04 18:01:00,285.21296463265804,19.330521411068663,0
2023-01-04 18:02:00,310.6268206738184,21.01407927121868,0
2023-01-04 18:03:00,206.0513659780256,19.658980771139213,0
2023-01-04 18:04:00,362.52707328775233,19.1840524762661,0
2023-01-04 18:05:00,271.91186977271263,19.992356165030852,0
2023-01-04 18:06:00,333.65829996252796,20.00634331470829,0
2023-01-04 18:07:00,360.49857785737214,19.482965617164044,0
2023-01-04 18:08:00,391.2405962479459,20.402124367842866,0
2023-01-04 18:09:00,261.30701530202197,20.05456523540877,0
2023-01-04 18:10:00,323.5345670529886,20.571837614487553,0
2023-01-04 18:11:00,232.9752813730007,20.855740462901007,0
2023-01-04 18:12:00,244.9204939397649,20.42471145775287,0
2023-01-04 18:13:00,353.4214541545,21.110566182146787,0
2023-01-04 18:14:00,270.2152293959759,20.97094906013108,0
2023-01-04 18:15:00,397.9646851913021,19.212998721061613,0
2023-01-04 18:16:00,371.0237927109283,18.420707027492394,0
2023-01-04 18:17:00,244.4152433620471,19.43580321744585,0
2023-01-04 18:18:00,303.77936994646745,19.59480019551874,0
2023-01-04 18:19:00,296.8724038169594,19.15758093978549,0
2023-01-04 18:20:00,441.97912217148115,19.589208116660163,0
2023-01-04 18:21:00,324.28742934741064,19.9504517591719,0
2023-01-04 18:22:00,294.33911809687294,20.743861790348756,0
2023-01-04 18:23:00,265.54889282568104,20.076286035872155,0
2023-01-04 18:24:00,318.5594125340193,18.90584394260773,0
2023-01-04 18:25:00,219.45477828618772,20.776010255635097,0
2023-01-04 18:26:00,295.9149563120284,18.984402585153806,0
2023-01-04 18:27:00,341.1933817884227,20.48210014152381,0
2023-01-04 18:28:00,298.33476299255244,20.97741720695492,0
2023-01-04 18:29:00,319.16934171382604,22.230960758364407,0
2023-01-04 18:30:00,266.8748857545768,19.31638109721082,0
2023-01-04 18:31:00,146.44712615299306,20.98583753582496,0
2023-01-04 18:32:00,367.311163814611,21.021642135971668,0
2023-01-04 18:33:00,274.7331068514071,18.10812538853025,0
2023-01-04 18:34:00,287.23986258073,21.52426948752128,0
2023-01-04 18:35:00,347.8591127557769,21.11572483320733,0
2023-01-04 18:36:00,255.0550230366527,18.321324492223223,0
2023-01-04 18:37:00,317.4321072790281,19.59202768932745,0
2023-01-04 18:38:00,260.2451000064246,20.551380886110316,0
2023-01-04 18:39:00,228.6167926852185,20.890458433707,0
2023-01-04 18:40:00,376.53417450011676,20.126318847817267,0
2023-01-04 18:41:00,289.82641651819273,20.197103462270285,0
2023-01-04 18:42:00,377.0422074270605,20.49425830666041,0
2023-01-04 18:43:00,244.41405270763173,22.220597690364997,0
2023-01-04 18:44:00,302.6212260280697,17.934199742535622,0
2023-01-04 18:45:00,272.5793268409633,17.92168011341705,0
2023-01-04 18:46:00,229.907545033592,19.587034249198556,0
2023-01-04 18:47:00,400.1963151790607,18.671622659033872,0
2023-01-04 18:48:00,269.22241873466635,19.251718405400176,0
2023-01-04 18:49:00,308.39297968241164,18.88205565054608,0
2023-01-04 18:50:00,234.44345932341548,20.48401781149098,0
2023-01-04 18:51:00,219.36188689837576,18.295840000978174,0
2023-01-04 18:52:00,275.21446992417964,19.479188570580156,0
2023-01-04 18:53:00,348.76544373441607,20.14215638124666,0
2023-01-04 18:54:00,177.67747398986776,19.89354199109984,0
2023-01-04 18:55:00,373.57989968103345,20.54540792679909,0
2023-01-04 18:56:00,200.8734142885071,20.338178216946865,0
2023-01-04 18:57:00,261.7816416243894,19.45841664128332,0
2023-01-04 18:58:00,215.68490810034035,20.072926942709888,0
2023-01-04 18:59:00,279.1318616483074,19.715946472842223,0
2023-01-04 19:00:00,328.3603759565638,20.509014191679732,0
2023-01-04 19:01:00,258.67008250513646,21.152274079107666,0
2023-01-04 19:02:00,256.38325716903904,20.685661670273966,0
2023-01-04 19:03:00,301.81571170898815,21.759536526091207,0
2023-01-04 19:04:00,294.6889933194216,20.924131380047083,0
2023-01-04 19:05:00,390.61240435947474,18.38681758385573,0
2023-01-04 19:06:00,268.95778942470713,19.93893660473882,0
2023-01-04 19:07:00,338.006881639789,19.442392742078255,0
2023-01-04 19:08:00,318.3125301957366,20.359122472719257,0
2023-01-04 19:09:00,248.2240804244144,20.548113349125856,0
2023-01-04 19:10:00,210.48205337755707,19.00081892066715,0
2023-01-04 19:11:00,272.39867741791284,19.238278169678086,0
2023-01-04 19:12:00,299.7914561885397,21.079961309708683,0
2023-01-04 19:13:00,283.67350138501257,20.3365405434212,0
2023-01-04 19:14:00,308.77225510218017,20.3784488717035,0
2023-01-04 19:15:00,284.3451110866928,19.423344916466036,0
2023-01-04 19:16:00,233.54105173680898,18.811388513513553,0
2023-01-04 19:17:00,290.8264418230104,19.69124749589946,0
2023-01-04 19:18:00,269.02686901167937,21.207637445237516,0
2023-01-04 19:19:00,293.7125838795089,20.594830835403872,0
2023-01-04 19:20:00,293.8752556559707,18.591403822010005,0
2023-01-04 19:21:00,333.2623596601564,19.595633205220008,0
2023-01-04 19:22:00,252.14957008743707,20.422417559032784,0
2023-01-04 19:23:00,215.0335714671129,19.30051119430291,0
2023-01-04 19:24:00,240.43558598177702,19.447340830987972,0
2023-01-04 19:25:00,324.0476339198464,17.958371742839937,0
2023-01-04 19:26:00,293.8420965053677,19.786321239288313,0
2023-01-04 19:27:00,319.3223425683546,19.221300112507425,0
2023-01-04 19:28:00,261.6571283233037,17.085271797817278,0
2023-01-04 19:29:00,327.44469393460224,18.88051029707759,0
2023-01-04 19:30:00,238.54375067797037,20.56887331930626,0
2023-01-04 19:31:00,252.801574303661,20.87162699198574,0
2023-01-04 19:32:00,370.3728350754957,20.95333526453382,0
2023-01-04 19:33:00,259.1690797783045,21.375214086873072,0
2023-01-04 19:34:00,355.2955565912042,18.54428320056595,0
2023-01-04 19:35:00,268.97396077589997,20.566176736260612,0
2023-01-04 19:36:00,362.60527996408933,20.720894368580215,0
2023-01-04 19:37:00,223.9972933763226,20.74551767073577,0
2023-01-04 19:38:00,339.25994677740096,19.689757404820092,0
2023-01-04 19:39:00,292.7993850165582,19.754895436463848,0
2023-01-04 19:40:00,831.0320776267426,21.08924094682212,0
2023-01-04 19:41:00,325.7745978919294,19.09100991424667,0
2023-01-04 19:42:00,281.9774822074709,19.56322329052191,0
2023-01-04 19:43:00,311.5006063837117,18.966107143950342,0
2023-01-04 19:44:00,300.9726575916142,21.574493996302586,0
2023-01-04 19:45:00,365.11497653657193,20.223316059381144,0
2023-01-04 19:46:00,351.05452608746054,20.05058855220731,0
2023-01-04 19:47:00,352.91420821876545,20.491809710827663,0
2023-01-04 19:48:00,340.94053285318773,20.641187355473,0
2023-01-04 19:49:00,337.8440979990707,18.510184355954035,0
2023-01-04 19:50:00,208.4697179664209,20.215545134016466,0
2023-01-04 19:51:00,309.3372748135381,20.420360083843935,0
2023-01-04 19:52:00,308.90645376036025,20.14401304207586,0
2023-01-04 19:53:00,303.2400367341315,18.355719296026734,0
2023-01-04 19:54:00,377.9479529899885,19.380755677803453,0
2023-01-04 19:55:00,359.3553949803135,18.047690003701963,0
2023-01-04 19:56:00,288.2856831301823,21.009712310108384,0
2023-01-04 19:57:00,256.2718370702688,20.908953329186126,0
2023-01-04 19:58:00,337.9980625824312,20.532905329581467,0
2023-01-04 19:59:00,237.2208095713473,19.573984328389113,0
2023-01-04 20:00:00,270.57988906476703,19.762525271375768,0
2023-01-04 20:01:00,310.9815961990902,20.198349269754413,0
2023-01-04 20:02:00,365.1824168826147,20.85164080462952,0
2023-01-04 20:03:00,341.13548752520387,20.79314558281697,0
2023-01-04 20:04:00,237.52266142649003,19.476602205905568,0
2023-01-04 20:05:00,364.12499056982034,20.93808537508184,0
2023-01-04 20:06:00,334.35737799939716,19.7514848971246,0
2023-01-04 20:07:00,384.6306984509291,20.853716068081535,0
2023-01-04 20:08:00,285.6357158196072,19.376721938034464,0
2023-01-04 20:09:00,233.99117085206927,20.550331904762057,0
2023-01-04 20:10:00,447.1637548859381,20.318988145604322,0
2023-01-04 20:11:00,305.42327395919034,20.989254030174244,0
2023-01-04 20:12:00,308.7541283749534,21.044094175520954,0
2023-01-04 20:13:00,324.05649165285365,18.84569844741456,0
2023-01-04 20:14:00,286.96642539487175,19.95333916437396,0
2023-01-04 20:15:00,333.17976714398054,21.23991002998167,0
2023-01-04 20:16:00,335.1338984905424,20.6373485711393,0
2023-01-04 20:17:00,359.05233126345087,22.648131929772624,0
2023-01-04 20:18:00,287.2637683963854,19.55641087540342,0
2023-01-04 20:19:00,299.42735923914887,19.81938743908057,0
2023-01-04 20:20:00,338.5130124742063,20.849740950966687,0
2023-01-04 20:21:00,313.4018506975957,19.108761281508908,0
2023-01-04 20:22:00,340.68266449068204,21.161996959460424,0
2023-01-04 20:23:00,339.9423820951304,19.50001429792906,0
2023-01-04 20:24:00,285.5678300335334,20.77020670150098,0
2023-01-04 20:25:00,387.0839385624516,20.958510388493824,0
2023-01-04 20:26:00,392.5564674171408,19.486107294125425,0
2023-01-04 20:27:00,362.1554026433132,18.958416109381897,0
2023-01-04 20:28:00,300.91089483737755,20.81947336421187,0
2023-01-04 20:29:00,286.8643513574179,19.269276126664266,0
2023-01-04 20:30:00,301.25846993133626,18.943246477133428,0
2023-01-04 20:31:00,363.64882419735056,21.18076860733046,0
2023-01-04 20:32:00,335.93041704194775,19.388593714495116,0
2023-01-04 20:33:00,371.2329360175226,21.047423075717646,0
2023-01-04 20:34:00,392.63136084897747,20.849406208173693,0
2023-01-04 20:35:00,368.0114186967265,20.798554476839616,0
2023-01-04 20:36:00,253.3411579355494,19.648804134741358,0
2023-01-04 20:37:00,315.50400766259844,19.38399836008953,0
2023-01-04 20:38:00,287.4638260092245,18.230367648012418,0
2023-01-04 20:39:00,414.56786774353805,18.998379952745726,0
2023-01-04 20:40:00,478.4401974578179,19.751375504116844,0
2023-01-04 20:41:00,335.8146979558861,19.476593160842196,0
2023-01-04 20:42:00,319.4460176717373,18.589505670466316,0
2023-01-04 20:43:00,314.22353338529996,19.36743681546348,0
2023-01-04 20:44:00,420.454278227787,17.81064822215071,0
2023-01-04 20:45:00,377.91245094635065,20.002114294630804,0
2023-01-04 20:46:00,329.6600191800173,18.975132611141852,0
2023-01-04 20:47:00,375.7174384319972,21.309941571760845,0
2023-01-04 20:48:00,325.601338805745,19.308797299901862,0
2023-01-04 20:49:00,384.5938294736241,19.123848030752846,0
2023-01-04 20:50:00,388.13575847393884,19.484927740137277,0
2023-01-04 20:51:00,352.8216994175286,19.819756241274447,0
2023-01-04 20:52:00,308.8838318806304,20.649492884140336,0
2023-01-04 20:53:00,315.66264961913316,20.656034744249673,0
2023-01-04 20:54:00,393.5628157708147,18.242260792698296,0
2023-01-04 20:55:00,253.92023703779103,19.00865525383494,0
2023-01-04 20:56:00,372.0584169710707,17.96473965570635,0
2023-01-04 20:57:00,423.6298241213401,20.618001297914894,0
2023-01-04 20:58:00,398.9607208382526,18.512540604953323,0
2023-01-04 20:59:00,390.88753334792625,20.559371875554746,0
2023-01-04 21:00:00,335.32360670533376,21.998645694376442,0
2023-01-04 21:01:00,339.52116446412884,20.767692177411302,0
2023-01-04 21:02:00,424.03521076907197,19.594695020725233,0
2023-01-04 21:03:00,341.133020624529,20.84091141291129,0
2023-01-04 21:04:00,400.59142660268867,21.61354987786524,0
2023-01-04 21:05:00,430.3862894122842,19.621943140426577,0
2023-01-04 21:06:00,355.6185772097376,20.545785753632995,0
2023-01-04 21:07:00,368.8114710038944,18.162280174633224,0
2023-01-04 21:08:00,435.8256900523219,19.60329720044777,0
2023-01-04 21:09:00,353.6864653496806,20.00979693582117,0
2023-01-04 21:10:00,407.4476167412866,19.398979376096992,0
2023-01-04 21:11:00,337.14657780549084,20.692749343670474,0
2023-01-04 21:12:00,336.75676745288763,19.58167212116511,0
2023-01-04 21:13:00,342.2748549323982,18.68361406663273,0
2023-01-04 21:14:00,410.5892403255631,19.546366805089203,0
2023-01-04 21:15:00,379.7694616674822,19.445884161115547,0
2023-01-04 21:16:00,431.239475913242,19.873707754016458,0
2023-01-04 21:17:00,377.9597039534269,19.749780779962187,0
2023-01-04 21:18:00,384.8482587350787,18.45357543640489,0
2023-01-04 21:19:00,380.0213336699478,21.306674183158332,0
2023-01-04 21:20:00,800.3486373467113,19.761208340000373,0
2023-01-04 21:21:00,370.8950491710667,20.119558251478583,0
2023-01-04 21:22:00,408.2107585262987,19.319758063128287,0
2023-01-04 21:23:00,382.9365554128509,20.589966868155944,0
2023-01-04 21:24:00,431.5723460937395,21.09077588594568,0
2023-01-04 21:25:00,336.37353662419775,20.94996568493258,0
2023-01-04 21:26:00,496.4154056993784,18.09757995932173,0
2023-01-04 21:27:00,335.35260033550156,21.7262448640228,0
2023-01-04 21:28:00,368.66264003417155,17.91998477000159,0
2023-01-04 21:29:00,270.5170656844333,19.34469435136885,0
2023-01-04 21:30:00,391.61343739763004,19.052704311335336,0
2023-01-04 21:31:00,395.71562505193,19.750973539090875,0
2023-01-04 21:32:00,387.5598335110842,18.474003363239976,0
2023-01-04 21:33:00,312.024924081273,20.571914598597193,0
2023-01-04 21:34:00,440.66568127687077,19.884068222670308,0
2023-01-04 21:35:00,365.2664097594259,18.832924606794894,0
2023-01-04 21:36:00,397.6818354814032,19.831391619490013,0
2023-01-04 21:37:00,350.8447065231332,20.12888777692515,0
2023-01-04 21:38:00,254.3926966525063,20.55384760188463,0
2023-01-04 21:39:00,367.45508881841204,20.604456767692657,0
2023-01-04 21:40:00,434.57133429991694,19.319901127196086,0
2023-01-04 21:41:00,398.4775398104457,19.599147047858683,0
2023-01-04 21:42:00,393.72703078684214,18.79910674031163,0
2023-01-04 21:43:00,430.1170185411679,19.621040412929418,0
2023-01-04 21:44:00,337.0019259374741,19.97468897308011,0
2023-01-04 21:45:00,284.7694566133304,20.589561998303303,0
2023-01-04 21:46:00,468.6466057897498,21.331307701044288,0
2023-01-04 21:47:00,458.9281756896415,20.834533997665343,0
2023-01-04 21:48:00,432.7578567482159,19.706506941856468,0
2023-01-04 21:49:00,345.6529389151314,19.22497012805291,0
2023-01-04 21:50:00,342.5502255679598,18.810070747953535,0
2023-01-04 21:51:00,373.23865512345674,20.19923365731903,0
2023-01-04 21:52:00,365.70734842997047,20.718542538504128,0
2023-01-04 21:53:00,336.98900782749826,19.739695856113826,0
2023-01-04 21:54:00,381.0971138703677,18.36274628556433,0
2023-01-04 21:55:00,403.530046107489,19.64170854240818,0
2023-01-04 21:56:00,435.73386021729596,20.0924365254939,0
2023-01-04 21:57:00,447.5596421992342,21.038811863904392,0
2023-01-04 21:58:00,330.76112242158007,19.480849589389308,0
2023-01-04 21:59:00,419.39606712477917,20.19080402177392,0
2023-01-04 22:00:00,365.4400490803322,18.11192260166013,0
2023-01-04 22:01:00,429.7448968521423,17.863608381759637,0
2023-01-04 22:02:00,372.7604932439708,18.34085713691856,0
2023-01-04 22:03:00,476.3731211437422,22.08654057677209,0
2023-01-04 22:04:00,384.7374411099973,20.055262693059458,0
2023-01-04 22:05:00,504.6965335165932,20.195265814361097,0
2023-01-04 22:06:00,371.9039193508106,19.643428622825564,0
2023-01-04 22:07:00,406.6588491312614,20.096511550669284,0
2023-01-04 22:08:00,419.1784767979597,19.260754072632878,0
2023-01-04 22:09:00,430.20497573006185,19.469881746880443,0
2023-01-04 22:10:00,399.40668933768694,20.338738325391464,0
2023-01-04 22:11:00,440.20045157843055,19.375167031490143,0
2023-01-04 22:12:00,346.7119985390697,19.493881177405875,0
2023-01-04 22:13:00,430.3815860404095,19.546975706884897,0
2023-01-04 22:14:00,438.01307433224287,20.346814834782382,0
2023-01-04 22:15:00,477.810606252383,18.32833724871831,0
2023-01-04 22:16:00,402.41239555584764,17.6594248473571,0
2023-01-04 22:17:00,469.38134708896644,21.038565345834673,0
2023-01-04 22:18:00,418.2131214616678,20.410678127170705,0
2023-01-04 22:19:00,499.3685465229777,20.15773112378809,0
2023-01-04 22:20:00,391.2070276116222,19.94683442529617,0
2023-01-04 22:21:00,375.438156456572,20.343128661175125,0
2023-01-04 22:22:00,460.9643341187531,18.844027895192863,0
2023-01-04 22:23:00,423.0850635012861,19.056533932075283,0
2023-01-04 22:24:00,485.62489296942016,19.917110070479453,0
2023-01-04 22:25:00,457.0600626467663,18.18272768670907,0
2023-01-04 22:26:00,488.6486167185977,18.226658093270935,0
2023-01-04 22:27:00,411.2738166505194,20.243765195077263,0
2023-01-04 22:28:00,335.82421763728456,20.155948203810723,0
2023-01-04 22:29:00,396.3965425888852,20.299997399281807,0
2023-01-04 22:30:00,390.50341926505445,18.752653923708756,0
2023-01-04 22:31:00,449.8032495129974,18.66540723939254,0
2023-01-04 22:32:00,398.1534741543766,18.26911410271544,0
2023-01-04 22:33:00,448.8660229324483,19.50500388500789,0
2023-01-04 22:34:00,402.70914702819385,20.819073775059906,0
2023-01-04 22:35:00,399.6965291105365,20.371958881752953,0
2023-01-04 22:36:00,447.6236364696348,19.079100537885264,0
2023-01-04 22:37:00,401.54744213217475,19.266903867555975,0
2023-01-04 22:38:00,288.1716315602195,20.33511027742919,0
2023-01-04 22:39:00,464.99863409952314,21.93902857429532,0
2023-01-04 22:40:00,344.6950039143574,19.50136379113166,0
2023-01-04 22:41:00,488.82458157914874,18.635069770357777,0
2023-01-04 22:42:00,378.9414882709368,19.757695655068716,0
2023-01-04 22:43:00,409.9935566708776,20.757108675753106,0
2023-01-04 22:44:00,423.21259873286533,19.551777926094775,0
2023-01-04 22:45:00,455.5477493992505,18.683796116890854,0
2023-01-04 22:46:00,415.18138144139203,20.577399016971203,0
2023-01-04 22:47:00,387.3929554597091,21.018228842237423,0
2023-01-04 22:48:00,356.8929308779752,19.063104705121415,0
2023-01-04 22:49:00,444.8097597100703,20.081906926595813,0
2023-01-04 22:50:00,434.91863609869256,21.01051531473257,0
2023-01-04 22:51:00,575.1550431226897,19.798563618304364,0
2023-01-04 22:52:00,384.50427605292913,18.85563328732577,0
2023-01-04 22:53:00,487.2650780259498,21.329779316263835,0
2023-01-04 22:54:00,517.006329180423,20.722261068229166,0
2023-01-04 22:55:00,366.80699256643913,19.907361085038612,0
2023-01-04 22:56:00,389.8827460593298,19.984311107643233,0
2023-01-04 22:57:00,523.0439785694908,19.45443108791746,0
2023-01-04 22:58:00,410.3432452421637,19.99829991601797,0
2023-01-04 22:59:00,478.3077391786769,18.681361691812317,0
2023-01-04 23:00:00,924.8807081553638,20.85397714825709,0
2023-01-04 23:01:00,467.4439662525171,18.12531238405427,0
2023-01-04 23:02:00,463.327904881965,21.132156106465665,0
2023-01-04 23:03:00,450.7847045302951,18.9335456678265,0
2023-01-04 23:04:00,469.8390468868349,17.911179164566168,0
2023-01-04 23:05:00,472.7504497638751,17.86566530434715,0
2023-01-04 23:06:00,552.8680568440798,18.033655822818176,0
2023-01-04 23:07:00,432.1703230913888,19.24237715398128,0
2023-01-04 23:08:00,532.0755994616327,20.115690858174673,0
2023-01-04 23:09:00,469.6638488730531,20.186119182325818,0
2023-01-04 23:10:00,395.44435449656805,20.6767338692391,0
2023-01-04 23:11:00,489.1011256205735,19.968392638264184,0
2023-01-04 23:12:00,433.7273273266808,19.997711282104653,0
2023-01-04 23:13:00,527.6714019922243,19.43917719515751,0
2023-01-04 23:14:00,508.3032130376638,20.160204098163998,0
2023-01-04 23:15:00,501.1314885361054,19.482315894963087,0
2023-01-04 23:16:00,499.0305952660645,18.36076971143769,0
2023-01-04 23:17:00,519.9292613987,21.286080210433614,0
2023-01-04 23:18:00,460.57787446026185,20.338972660999705,0
2023-01-04 23:19:00,534.1340049785875,18.589040076525478,0
2023-01-04 23:20:00,415.40875733676876,20.18174773938832,0
2023-01-04 23:21:00,582.6584335932337,19.870910428508058,0
2023-01-04 23:22:00,537.4792337602995,22.25541496571175,0
2023-01-04 23:23:00,472.02509143329326,20.274238835431447,0
2023-01-04 23:24:00,386.09373198044295,19.95303231495683,0
2023-01-04 23:25:00,510.69157232727207,18.2679509627313,0
2023-01-04 23:26:00,439.4967015383824,19.953207562657784,0
2023-01-04 23:27:00,518.6479485974235,20.65311154897503,0
2023-01-04 23:28:00,426.29554399138067,19.42133086466603,0
2023-01-04 23:29:00,468.23769332695,19.836871586529174,0
2023-01-04 23:30:00,477.9331797994822,19.27167098016498,0
2023-01-04 23:31:00,452.9609959636187,17.757360689015883,0
2023-01-04 23:32:00,350.11358426026504,17.83334025080586,0
2023-01-04 23:33:00,476.62119317189763,18.63876198579728,0
2023-01-04 23:34:00,446.9049198557639,19.59305659803034,0
2023-01-04 23:35:00,459.7749993142459,17.605018167411295,0
2023-01-04 23:36:00,562.2557080463754,19.72510192920596,0
2023-01-04 23:37:00,530.4507069149529,19.174542777566057,0
2023-01-04 23:38:00,397.7898010639663,19.181959004809983,0
2023-01-04 23:39:00,523.6987505113733,20.731288529236178,0
2023-01-04 23:40:00,440.5718499766176,20.19993749664997,0
2023-01-04 23:41:00,515.9601022415952,20.68838997539267,0
2023-01-04 23:42:00,465.2751735386874,18.753132724747562,0
2023-01-04 23:43:00,508.3796157394735,19.363086959154558,0
2023-01-04 23:44:00,473.9889205075749,18.888621438028526,0
2023-01-04 23:45:00,464.5487172704712,19.90820518082267,0
2023-01-04 23:46:00,481.3598605130785,19.527489331184785,0
2023-01-04 23:47:00,476.35239333304054,19.093896846300723,0
2023-01-04 23:48:00,481.2410772568049,18.474649437816435,0
2023-01-04 23:49:00,518.1283697709745,18.642794620684995,0
2023-01-04 23:50:00,457.6596340365437,20.41218397158699,0
2023-01-04 23:51:00,524.7884431135079,19.24176743075676,0
2023-01-04 23:52:00,490.25512750888623,20.61909873760309,0
2023-01-04 23:53:00,448.71176208847993,19.89893072210487,0
2023-01-04 23:54:00,559.3100814796402,19.5933109840764,0
2023-01-04 23:55:00,552.2180621091861,18.644381598333318,0
2023-01-04 23:56:00,523.8283351272091,20.013297301997945,0
2023-01-04 23:57:00,462.6085579442958,19.886345966620944,0
2023-01-04 23:58:00,527.6845419212689,19.6878717836854,0
2023-01-04 23:59:00,498.15077533130386,20.058169021459626,0
2023-01-05 00:00:00,473.8269602805283,18.79961963803608,0
2023-01-05 00:01:00,550.3104472642351,20.013986501615452,0
2023-01-05 00:02:00,426.3207300413894,19.587722298640458,0
2023-01-05 00:03:00,528.8851205035746,18.849740652969786,0
2023-01-05 00:04:00,549.8495890776927,19.878105190350272,0
2023-01-05 00:05:00,577.9007030991353,17.020796070224794,0
2023-01-05 00:06:00,546.879142158576,18.2512262743834,0
2023-01-05 00:07:00,558.4491529813765,20.060888992947252,0
2023-01-05 00:08:00,480.25313283647387,18.802694024615672,0
2023-01-05 00:09:00,529.4416948555847,19.362051192858363,0
2023-01-05 00:10:00,474.8470192404816,20.638263139404387,0
2023-01-05 00:11:00,587.391162896962,17.801572056961326,0
2023-01-05 00:12:00,496.2813740655361,19.772799405580116,0
2023-01-05 00:13:00,445.655975612211,19.113561848312145,0
2023-01-05 00:14:00,530.2479662715823,19.623290842788858,0
2023-01-05 00:15:00,527.9090057162209,18.740915431162236,0
2023-01-05 00:16:00,490.90162500771913,19.96244722451586,0
2023-01-05 00:17:00,447.0022994194445,17.63450622051366,0
2023-01-05 00:18:00,538.4816012869832,18.52082959572256,0
2023-01-05 00:19:00,504.28491966083567,20.428714509478052,0
2023-01-05 00:20:00,533.7057099225751,21.204536380115222,0
2023-01-05 00:21:00,511.5889901820608,18.94706745152528,0
2023-01-05 00:22:00,459.82839734630926,18.674073130148095,0
2023-01-05 00:23:00,535.0855626006681,18.3090058831046,0
2023-01-05 00:24:00,509.7815176033981,19.49932702257788,0
2023-01-05 00:25:00,541.1841465534424,19.10141500626911,0
2023-01-05 00:26:00,576.777768722472,18.592543330938298,0
2023-01-05 00:27:00,574.1923028615643,19.593698032354897,0
2023-01-05 00:28:00,502.74170664673517,18.869962515159866,0
2023-01-05 00:29:00,567.6427231145432,20.4233741614677,0
2023-01-05 00:30:00,528.2703410759646,19.446786066031937,0
2023-01-05 00:31:00,495.7198731341241,19.039610003930097,0
2023-01-05 00:32:00,507.6156868486778,19.005339232184582,0
2023-01-05 00:33:00,524.5856347644358,19.81302531852223,0
2023-01-05 00:34:00,531.4609579982053,19.162455662547252,0
2023-01-05 00:35:00,520.0176780972947,19.232684393293837,0
2023-01-05 00:36:00,551.1370496342937,20.746036172209177,0
2023-01-05 00:37:00,523.8699855361458,18.804070332467717,0
2023-01-05 00:38:00,533.5632591884248,19.721658333573107,0
2023-01-05 00:39:00,486.5630331615259,19.388926985812546,0
2023-01-05 00:40:00,1041.644764328877,19.036343031271553,0
2023-01-05 00:41:00,559.6034013425983,18.705594993217527,0
2023-01-05 00:42:00,555.1425966631093,20.62608361173219,0
2023-01-05 00:43:00,510.47592173010884,19.91838166613731,0
2023-01-05 00:44:00,582.5674675304818,18.978357595919217,0
2023-01-05 00:45:00,370.02719928567495,19.127004836689732,0
2023-01-05 00:46:00,509.1060394073018,18.554519264189665,0
2023-01-05 00:47:00,544.3366761840064,19.10544838383258,0
2023-01-05 00:48:00,538.5762652951354,18.52428829362471,0
2023-01-05 00:49:00,563.9484323784692,19.397857351937105,0
2023-01-05 00:50:00,594.3212888151995,18.459553894150037,0
2023-01-05 00:51:00,513.0459059995942,17.61934601329399,0
2023-01-05 00:52:00,565.425190880217,19.14838616022791,0
2023-01-05 00:53:00,526.9049372826538,18.817551157032277,0
2023-01-05 00:54:00,513.0534933960381,19.808803821337047,0
2023-01-05 00:55:00,526.9516320483808,19.230359170887763,0
2023-01-05 00:56:00,554.3696152906688,19.338329779794485,0
2023-01-05 00:57:00,559.4490537576371,19.674817731943644,0
2023-01-05 00:58:00,500.4713267910955,17.380367041696154,0
2023-01-05 00:59:00,534.7056122335911,18.807278395041877,0
2023-01-05 01:00:00,542.151333421837,17.239952209590744,0
2023-01-05 01:01:00,496.7247765735503,17.65710097449788,0
2023-01-05 01:02:00,672.2403968947699,19.081960471054607,0
2023-01-05 01:03:00,642.7141232477485,19.32054693332463,0
2023-01-05 01:04:00,577.2504712416592,20.445049284053297,0
2023-01-05 01:05:00,582.2221260799988,18.458452768343392,0
2023-01-05 01:06:00,556.4563793299556,18.82070648905676,0
2023-01-05 01:07:00,564.03542308207,18.43195609391512,0
2023-01-05 01:08:00,537.5268322098698,19.54249432745608,0
2023-01-05 01:09:00,618.4068516671426,18.54870365569279,0
2023-01-05 01:10:00,542.2578715328107,21.258901996060832,0
2023-01-05 01:11:00,633.3775558989421,18.587802417041587,0
2023-01-05 01:12:00,573.7850189185692,21.217475641368978,0
2023-01-05 01:13:00,523.673081429908,18.458896568338787,0
2023-01-05 01:14:00,518.0578160404004,18.023489169526993,0
2023-01-05 01:15:00,490.62819658461524,19.35387867540152,0
2023-01-05 01:16:00,525.3261357930418,19.549469998243698,0
2023-01-05 01:17:00,508.45999858162696,19.980279030325867,0
2023-01-05 01:18:00,614.4066203335999,18.91955479721752,0
2023-01-05 01:19:00,563.4670455366864,16.182553976005558,0
2023-01-05 01:20:00,653.4370706404638,18.618049251152353,0
2023-01-05 01:21:00,678.0775800466602,18.713868098446305,0
2023-01-05 01:22:00,516.2801436703267,18.370679821923144,0
2023-01-05 01:23:00,669.8044639446014,18.431689160942195,0
2023-01-05 01:24:00,611.4918628137333,18.988082370056976,0
2023-01-05 01:25:00,514.2293229412743,20.072726924444133,0
2023-01-05 01:26:00,579.8912707234242,19.3572414443204,0
2023-01-05 01:27:00,525.6371791881825,18.555128161369687,0
2023-01-05 01:28:00,546.5037950732415,18.5638836334003,0
2023-01-05 01:29:00,580.1631622898092,18.835842196539662,0
2023-01-05 01:30:00,534.5195809062365,18.473919529631765,0
2023-01-05 01:31:00,582.8877896676913,19.245855134660506,0
2023-01-05 01:32:00,534.4267604993987,19.18096382669842,0
2023-01-05 01:33:00,640.9049047241018,18.58510045594041,0
2023-01-05 01:34:00,607.3051738105135,17.203816820859572,0
2023-01-05 01:35:00,648.8844519803181,19.32831539687655,0
2023-01-05 01:36:00,503.2836275169692,19.81639505088166,0
2023-01-05 01:37:00,638.48458569592,19.43148851803274,0
2023-01-05 01:38:00,634.5449897478043,19.464455318351543,0
2023-01-05 01:39:00,604.9926629541962,17.546294621211047,0
2023-01-05 01:40:00,638.2582486046358,17.341665314161823,0
2023-01-05 01:41:00,602.661510325642,18.396650427067602,0
2023-01-05 01:42:00,628.5390511494081,19.868808874747874,0
2023-01-05 01:43:00,588.215158527706,18.29165430641773,0
2023-01-05 01:44:00,627.7998442071702,16.316407466069393,0
2023-01-05 01:45:00,535.6503658460354,20.603674756627253,0
2023-01-05 01:46:00,671.9383841027202,17.645542506848546,0
2023-01-05 01:47:00,585.6909798595848,17.7950753096028,0
2023-01-05 01:48:00,584.1483220838536,18.277249890488545,0
2023-01-05 01:49:00,554.0280255940912,19.124789810113423,0
2023-01-05 01:50:00,512.2441662134737,19.411619114536787,0
2023-01-05 01:51:00,559.8145178782515,19.91374410001921,0
2023-01-05 01:52:00,629.1138785209231,19.41223079999537,0
2023-01-05 01:53:00,642.1204370152689,16.723803028979,0
2023-01-05 01:54:00,631.7129664399605,18.44013969936084,0
2023-01-05 01:55:00,470.8813100738989,17.83792084010414,0
2023-01-05 01:56:00,664.2270897736662,19.910566571323944,0
2023-01-05 01:57:00,512.4514269154536,17.486859099577266,0
2023-01-05 01:58:00,620.6417165342076,17.850550704409972,0
2023-01-05 01:59:00,602.5971534217188,17.53705635539993,0
2023-01-05 02:00:00,607.0754338547304,18.866613627414583,0
2023-01-05 02:01:00,552.6590789767238,17.792381569209837,0
2023-01-05 02:02:00,705.8484330408229,20.605828884933448,0
2023-01-05 02:03:00,610.091966968776,19.535724794711665,0
2023-01-05 02:04:00,615.9329577819251,20.156715135719427,0
2023-01-05 02:05:00,663.9551686749182,19.524616536856247,0
2023-01-05 02:06:00,599.4532780209697,17.612365165708216,0
2023-01-05 02:07:00,493.9194525355075,19.11393656421863,0
2023-01-05 02:08:00,639.5054078597719,19.151419121300453,0
2023-01-05 02:09:00,622.5984384928786,17.611559987492015,0
2023-01-05 02:10:00,699.8005482824439,19.107094679879243,0
2023-01-05 02:11:00,601.2256098060545,16.333595987888742,0
2023-01-05 02:12:00,562.7799884841272,20.064525644757264,0
2023-01-05 02:13:00,560.7016261040067,17.82610274968451,0
2023-01-05 02:14:00,529.0612929425125,17.25536083008712,0
2023-01-05 02:15:00,617.7832842544187,19.066148764208965,0
2023-01-05 02:16:00,606.0050617143498,18.879960670857965,0
2023-01-05 02:17:00,630.5308581268575,18.697874686748552,0
2023-01-05 02:18:00,646.2571771366621,20.121987695585787,0
2023-01-05 02:19:00,634.664557629329,20.66107608643015,0
2023-01-05 02:20:00,1012.7488837981233,18.05409945030246,0
2023-01-05 02:21:00,576.6826243520741,17.545139130572462,0
2023-01-05 02:22:00,642.652363086209,18.577481944300246,0
2023-01-05 02:23:00,617.6072117335398,19.219645094369845,0
2023-01-05 02:24:00,609.9030800549789,16.757828664456294,0
2023-01-05 02:25:00,616.3317825015145,18.000863510343837,0
2023-01-05 02:26:00,584.9442675025796,18.48814877032233,0
2023-01-05 02:27:00,609.7841831887986,18.626334312980582,0
2023-01-05 02:28:00,628.5921417985754,18.255829952843243,0
2023-01-05 02:29:00,588.5453417352616,20.566976518915332,0
2023-01-05 02:30:00,575.3021396896784,19.100778168084048,0
2023-01-05 02:31:00,598.5498719309949,19.915804603373463,0
2023-01-05 02:32:00,617.9447183064915,17.683542121373613,0
2023-01-05 02:33:00,768.8446576905335,18.236685324300698,0
2023-01-05 02:34:00,679.0283148354218,18.83614424965069,0
2023-01-05 02:35:00,652.8630256025773,19.398099934712377,0
2023-01-05 02:36:00,671.0648953629274,20.201940726937444,0
2023-01-05 02:37:00,611.3520398445113,19.325002903732663,0
2023-01-05 02:38:00,619.4337477516232,18.63774643678641,0
2023-01-05 02:39:00,552.4336955650815,17.882760639666245,0
2023-01-05 02:40:00,642.0694944109935,19.162425788674565,0
2023-01-05 02:41:00,609.0073086984444,18.42759826871538,0
2023-01-05 02:42:00,682.9407815349125,17.932782165275142,0
2023-01-05 02:43:00,658.1299142457565,18.873155154417383,0
2023-01-05 02:44:00,651.9872346860735,18.438679437434743,0
2023-01-05 02:45:00,633.1128252950566,18.424229526605725,0
2023-01-05 02:46:00,652.4823429548384,17.883368319108655,0
2023-01-05 02:47:00,604.3357342847484,17.938480983217204,0
2023-01-05 02:48:00,670.155191191818,19.38364825023177,0
2023-01-05 02:49:00,694.6373243853585,19.397489964585585,0
2023-01-05 02:50:00,626.4555505796957,17.803619093588317,0
2023-01-05 02:51:00,667.1877803447076,17.90655080569645,0
2023-01-05 02:52:00,667.4270072415424,18.994013493385772,0
2023-01-05 02:53:00,614.704786686884,18.927311863674603,0
2023-01-05 02:54:00,683.972813972718,18.005544672875107,0
2023-01-05 02:55:00,695.9658261712448,18.3204485691282,0
2023-01-05 02:56:00,587.5979187245719,18.959948729330954,0
2023-01-05 02:57:00,593.0527753039896,17.395041323611764,0
2023-01-05 02:58:00,559.2467362021806,19.631037980690625,0
2023-01-05 02:59:00,561.4414151556987,18.34535622753959,0
2023-01-05 03:00:00,677.972777323861,19.423920281259065,0
2023-01-05 03:01:00,592.15339735727,17.514476221951348,0
2023-01-05 03:02:00,576.9703810479084,18.899804988074358,0
2023-01-05 03:03:00,597.0835703760139,17.84111869615342,0
2023-01-05 03:04:00,647.8709993436789,19.511106252425506,0
2023-01-05 03:05:00,677.1703201283051,19.596144900845456,0
2023-01-05 03:06:00,607.7269612552701,16.918381386154632,0
2023-01-05 03:07:00,754.2584613517411,19.025017812461364,0
2023-01-05 03:08:00,544.0766560614887,18.324668155110814,0
2023-01-05 03:09:00,659.4892930827856,18.161358540640233,0
2023-01-05 03:10:00,687.1402038579077,18.05662325774391,0
2023-01-05 03:11:00,669.9427926311049,17.743272929982037,0
2023-01-05 03:12:00,727.5336637734275,18.57874027402914,0
2023-01-05 03:13:00,675.6690289175273,18.59465612863123,0
2023-01-05 03:14:00,610.2793500190701,18.20595531095631,0
2023-01-05 03:15:00,590.2542591855599,17.51957204893976,0
2023-01-05 03:16:00,623.0889122329112,17.170417318270356,0
2023-01-05 03:17:00,524.6328445314355,19.04443051299159,0
2023-01-05 03:18:00,638.9687452258987,17.744412252260346,0
2023-01-05 03:19:00,608.4314759728148,18.364710911356198,0
2023-01-05 03:20:00,780.5813450746723,18.473346496398523,0
2023-01-05 03:21:00,688.1487029055919,18.220388582417993,0
2023-01-05 03:22:00,694.5683962166416,17.827984330825345,0
2023-01-05 03:23:00,637.0184659230443,15.004547351562872,0
2023-01-05 03:24:00,690.4711350857576,18.21341203354764,0
2023-01-05 03:25:00,631.1093203328095,18.237583881133975,0
2023-01-05 03:26:00,745.6197215722333,18.095061286972374,0
2023-01-05 03:27:00,610.5640907343045,16.99667682544533,0
2023-01-05 03:28:00,738.9485852744424,17.94981495249858,0
2023-01-05 03:29:00,722.3124479474926,18.913377476310057,0
2023-01-05 03:30:00,668.113632474618,19.088665311399488,0
2023-01-05 03:31:00,697.8105585402668,17.167362483017364,0
2023-01-05 03:32:00,578.9606864777093,18.843750536585997,0
2023-01-05 03:33:00,644.1474008028538,18.300033449833847,0
2023-01-05 03:34:00,730.1346306542747,17.940229878737718,0
2023-01-05 03:35:00,737.8546926440101,17.887748982192424,0
2023-01-05 03:36:00,632.2555541050273,18.03765542047987,0
2023-01-05 03:37:00,695.2455704711836,18.104412522286648,0
2023-01-05 03:38:00,660.3900816941482,18.459641602364893,0
2023-01-05 03:39:00,748.7305923246598,18.25939211423031,0
2023-01-05 03:40:00,639.6716777495881,19.2267008055622,0
2023-01-05 03:41:00,725.164690400961,18.658330030687416,0
2023-01-05 03:42:00,635.6482558113421,20.623562743039,0
2023-01-05 03:43:00,703.2381013171616,17.92057456524012,0
2023-01-05 03:44:00,672.7584520130239,18.594482670991525,0
2023-01-05 03:45:00,581.3333841809056,17.25065848200156,0
2023-01-05 03:46:00,712.8769898327322,18.810680882531,0
2023-01-05 03:47:00,745.3622764469969,19.68457755701774,0
2023-01-05 03:48:00,642.9355754828616,18.185235451938237,0
2023-01-05 03:49:00,612.101262492745,17.989349772340308,0
2023-01-05 03:50:00,694.843282511703,20.54377618498188,0
2023-01-05 03:51:00,696.150869968697,18.86520926226995,0
2023-01-05 03:52:00,671.560749169307,19.584086519381582,0
2023-01-05 03:53:00,652.3774872679444,18.54736108759084,0
2023-01-05 03:54:00,741.2283478964237,18.807952813244267,0
2023-01-05 03:55:00,693.6688028221172,17.818676493349976,0
2023-01-05 03:56:00,606.2987309030678,17.853073796487838,0
2023-01-05 03:57:00,714.784027664432,16.654863932987613,0
2023-01-05 03:58:00,709.2859605237288,18.27307264729866,0
2023-01-05 03:59:00,693.5701942432681,17.831219047521248,0
2023-01-05 04:00:00,1236.3493190691884,20.2680673369029,0
2023-01-05 04:01:00,746.8215689005489,19.23159406185607,0
2023-01-05 04:02:00,757.9514249323875,18.34579551359609,0
2023-01-05 04:03:00,713.2538156385277,17.912271623754684,0
2023-01-05 04:04:00,714.8252163717801,19.16157082940574,0
2023-01-05 04:05:00,699.7598571172089,17.774341706436157,0
2023-01-05 04:06:00,706.1643484802784,20.079472533052446,0
2023-01-05 04:07:00,682.2775923168083,17.684655874461242,0
2023-01-05 04:08:00,685.7756513037226,19.3562314378552,0
2023-01-05 04:09:00,672.4569510551457,18.09805027805645,0
2023-01-05 04:10:00,671.8180462450838,15.873955936235376,0
2023-01-05 04:11:00,803.4395200572701,19.582432782204542,0
2023-01-05 04:12:00,581.6873344670786,19.237252711473104,0
2023-01-05 04:13:00,691.6027841865256,18.38804430031061,0
2023-01-05 04:14:00,708.481618237486,16.537553958228287,0
2023-01-05 04:15:00,734.9066740921862,18.46099003209362,0
2023-01-05 04:16:00,722.0190206000141,18.655395112039777,0
2023-01-05 04:17:00,668.1477033828705,17.215594724032073,0
2023-01-05 04:18:00,713.3015970229152,18.165861307748273,0
2023-01-05 04:19:00,725.884522757542,18.39180101230465,0
2023-01-05 04:20:00,681.0852532845925,17.54718416166675,0
2023-01-05 04:21:00,700.7236947999746,17.595256555319043,0
2023-01-05 04:22:00,738.7279859817081,18.42534928217242,0
2023-01-05 04:23:00,688.941995925999,18.62881539577726,0
2023-01-05 04:24:00,677.2673235975972,17.75602438808727,0
2023-01-05 04:25:00,702.5918339255201,18.55091282375786,0
2023-01-05 04:26:00,665.770690277176,16.621718882970672,0
2023-01-05 04:27:00,645.5420779307854,18.982921352502352,0
2023-01-05 04:28:00,615.1984960712332,18.419606905699215,0
2023-01-05 04:29:00,777.3653206525266,15.413059279425765,0
2023-01-05 04:30:00,607.6453598062578,16.406281561551644,0
2023-01-05 04:31:00,646.6562724428861,16.524590648787377,0
2023-01-05 04:32:00,638.6042812518891,16.809442797934288,0
2023-01-05 04:33:00,704.1388937006204,18.57613105796937,0
2023-01-05 04:34:00,556.7042787947569,19.689971107509805,0
2023-01-05 04:35:00,685.054446538837,17.590013290211253,0
2023-01-05 04:36:00,649.1487808418163,18.494871932852803,0
2023-01-05 04:37:00,692.0829534490886,17.22813803318479,0
2023-01-05 04:38:00,687.3560367408919,17.39743717808795,0
2023-01-05 04:39:00,691.8847987340309,17.96470893169147,0
2023-01-05 04:40:00,642.3346115375268,17.719474259487985,0
2023-01-05 04:41:00,659.2631441290173,18.1043706754432,0
2023-01-05 04:42:00,698.8768534357786,16.898174496942097,0
2023-01-05 04:43:00,702.0677578826541,18.226782486146806,0
2023-01-05 04:44:00,703.3022843081906,18.240133144854806,0
2023-01-05 04:45:00,604.780306926945,18.22322624335743,0
2023-01-05 04:46:00,610.4399169270241,16.72117583976247,0
2023-01-05 04:47:00,731.3286932763338,19.441244643999614,0
2023-01-05 04:48:00,614.4586435319387,15.743014144528999,0
2023-01-05 04:49:00,622.5301921839734,16.89513454020822,0
2023-01-05 04:50:00,758.7912876935883,18.540620196401857,0
2023-01-05 04:51:00,661.4022900046957,18.785274137783826,0
2023-01-05 04:52:00,607.1229943866398,19.654374486353948,0
2023-01-05 04:53:00,793.2871731988141,18.218083854790578,0
2023-01-05 04:54:00,703.0973782577381,16.051237039502773,0
2023-01-05 04:55:00,686.2600391721703,17.120981545267338,0
2023-01-05 04:56:00,692.2636813454543,15.966384036679475,0
2023-01-05 04:57:00,715.9658273051302,18.765552598709707,0
2023-01-05 04:58:00,751.6658468018843,18.44118874856692,0
2023-01-05 04:59:00,742.6927893410867,19.66433712565018,0
2023-01-05 05:00:00,706.9267205400909,16.99082130650539,0
2023-01-05 05:01:00,672.7506460950808,17.99383257366417,0
2023-01-05 05:02:00,671.5606090720117,16.487499737787704,0
2023-01-05 05:03:00,630.1459986417241,19.793584875667616,0
2023-01-05 05:04:00,826.1028915564143,18.042226980231128,0
2023-01-05 05:05:00,753.8271786678594,17.726600873967957,0
2023-01-05 05:06:00,746.3783223508777,17.827221449678326,0
2023-01-05 05:07:00,684.6740531568195,18.702712961276777,0
2023-01-05 05:08:00,697.1891701393865,16.339044045730564,0
2023-01-05 05:09:00,662.4356059961065,16.47980529818754,0
2023-01-05 05:10:00,797.250451296789,20.534248092466154,0
2023-01-05 05:11:00,808.5150905731803,17.1732791993686,0
2023-01-05 05:12:00,690.3006728277438,18.100315766786146,0
2023-01-05 05:13:00,660.7419317728164,18.491372247794306,0
2023-01-05 05:14:00,609.9430540594044,18.000063587309004,0
2023-01-05 05:15:00,688.0412053308272,20.747424851373864,0
2023-01-05 05:16:00,650.5083945603996,17.10769795696937,0
2023-01-05 05:17:00,691.7823255304814,16.58365772970995,0
2023-01-05 05:18:00,721.2765514016351,18.21197901889569,0
2023-01-05 05:19:00,749.9562270866167,17.724984988656317,0
2023-01-05 05:20:00,667.161144348577,17.6798083930736,0
2023-01-05 05:21:00,638.0100544347815,18.649213312784035,0
2023-01-05 05:22:00,658.4086548345363,18.54795727935782,0
2023-01-05 05:23:00,619.7654147936557,16.682692211307064,0
2023-01-05 05:24:00,714.5266267075141,17.635908772884648,0
2023-01-05 05:25:00,626.3136280828473,18.1326360433797,0
2023-01-05 05:26:00,649.3311297282244,19.1527625438435,0
2023-01-05 05:27:00,625.9124037117112,17.29709353277242,0
2023-01-05 05:28:00,644.9577271999409,18.38548196310511,0
2023-01-05 05:29:00,652.8010376415448,16.831042631004618,0
2023-01-05 05:30:00,657.1301882847301,16.635156765291022,0
2023-01-05 05:31:00,739.8019831738487,16.398356874380994,0
2023-01-05 05:32:00,726.7621663246043,18.548817199049523,0
2023-01-05 05:33:00,752.7756692095875,17.402355829729608,0
2023-01-05 05:34:00,722.7402435631508,17.007750874692935,0
2023-01-05 05:35:00,723.9149053404083,17.27566276831002,0
2023-01-05 05:36:00,696.7179970348753,17.98809672900595,0
2023-01-05 05:37:00,669.8204044300546,16.866812314565603,0
2023-01-05 05:38:00,758.821624160858,16.755490719513336,0
2023-01-05 05:39:00,651.4612975413102,18.54100353469449,0
2023-01-05 05:40:00,1186.0820994626433,16.424455246597635,0
2023-01-05 05:41:00,691.9035286659334,17.429710453382203,0
2023-01-05 05:42:00,688.0595216777,19.947670312654246,0
2023-01-05 05:43:00,714.0270092814894,17.644673843908347,0
2023-01-05 05:44:00,731.2001997111021,17.949595040305294,0
2023-01-05 05:45:00,711.3893400915431,17.90776874688644,0
2023-01-05 05:46:00,617.9850176729665,16.385762159374064,0
2023-01-05 05:47:00,768.740697522093,15.662520066183017,0
2023-01-05 05:48:00,659.2944361591996,18.79576912541733,0
2023-01-05 05:49:00,702.727144646768,17.97694321493965,0
2023-01-05 05:50:00,709.4983194372669,15.915828307182148,0
2023-01-05 05:51:00,715.0136434709675,16.969059659311466,0
2023-01-05 05:52:00,731.6978773589823,17.07496336724143,0
2023-01-05 05:53:00,766.4247662885223,16.213430039433685,0
2023-01-05 05:54:00,693.7454725656401,17.010298943867653,0
2023-01-05 05:55:00,686.8798612806306,16.6684415361637,0
2023-01-05 05:56:00,749.0076267811633,19.112858162726127,0
2023-01-05 05:57:00,712.5393199564569,16.940749931244042,0
2023-01-05 05:58:00,724.3667704673638,17.527187272760376,0
2023-01-05 05:59:00,802.429674524298,18.232856405398593,0
2023-01-05 06:00:00,780.9914060381356,18.798289242836717,0
2023-01-05 06:01:00,689.9287807480656,19.02721003207834,0
2023-01-05 06:02:00,689.3956297102739,18.41409054410726,0
2023-01-05 06:03:00,741.5395253996421,17.09281187902111,0
2023-01-05 06:04:00,670.4429179198025,16.29916675926364,0
2023-01-05 06:05:00,663.0406780954632,15.887979267328543,0
2023-01-05 06:06:00,746.8955326179885,17.439497953334282,0
2023-01-05 06:07:00,668.8271842698424,18.161105296136807,0
2023-01-05 06:08:00,689.3543618479481,18.125648136368884,0
2023-01-05 06:09:00,683.6694587550678,17.930457298186365,0
2023-01-05 06:10:00,694.3153213215925,16.346026164817097,0
2023-01-05 06:11:00,854.0734305527641,18.50617618986782,0
2023-01-05 06:12:00,719.2505888791534,17.401840034179315,0
2023-01-05 06:13:00,728.1889604067555,20.06928465264553,0
2023-01-05 06:14:00,634.5881912427769,17.06370191652274,0
2023-01-05 06:15:00,728.0573911018736,17.681758116967792,0
2023-01-05 06:16:00,661.6691111181774,17.79746172790297,0
2023-01-05 06:17:00,728.3468818082412,18.438878001530224,0
2023-01-05 06:18:00,680.4946439737511,17.898805122644077,0
2023-01-05 06:19:00,649.2788917296832,19.6612081332458,0
2023-01-05 06:20:00,740.8248356378878,16.183982777199375,0
2023-01-05 06:21:00,777.669938251097,16.686344551858326,0
2023-01-05 06:22:00,668.1132174684037,17.69831951484696,0
2023-01-05 06:23:00,770.6329481521511,17.402613405490012,0
2023-01-05 06:24:00,766.0102698511105,16.407429635192273,0
2023-01-05 06:25:00,723.411851929155,16.217438072582844,0
2023-01-05 06:26:00,792.2765021624182,19.676322924505403,0
2023-01-05 06:27:00,740.7847422168062,20.02897557510119,0
2023-01-05 06:28:00,609.6705768091799,17.5184996817192,0
2023-01-05 06:29:00,729.1179687635132,20.42780080822243,0
2023-01-05 06:30:00,674.7342366814722,16.090917600236164,0
2023-01-05 06:31:00,665.3647779832659,17.86525511288339,0
2023-01-05 06:32:00,666.2231838538725,18.695176227992825,0
2023-01-05 06:33:00,762.2100053069199,17.9816057712392,0
2023-01-05 06:34:00,609.6723704830566,16.71514740538421,0
2023-01-05 06:35:00,628.163722957676,16.54773747045489,0
2023-01-05 06:36:00,753.4267206182387,18.35366351070727,0
2023-01-05 06:37:00,668.3306662698421,16.77974891100715,0
2023-01-05 06:38:00,673.5631214330157,15.382829849876602,0
2023-01-05 06:39:00,691.1703107600108,18.760856826751002,0
2023-01-05 06:40:00,721.0975731608765,17.280806267271995,0
2023-01-05 06:41:00,760.4358708445712,17.477401510111093,0
2023-01-05 06:42:00,734.1583404552025,18.205634560928875,0
2023-01-05 06:43:00,633.783808157502,16.322733661091032,0
2023-01-05 06:44:00,691.808384107856,18.957447764060067,0
2023-01-05 06:45:00,711.9437206230699,16.98465228968674,0
2023-01-05 06:46:00,786.7470997447699,18.205000420536813,0
2023-01-05 06:47:00,698.7888891927921,16.165678593083708,0
2023-01-05 06:48:00,767.1091175052095,17.025560347096075,0
2023-01-05 06:49:00,683.3515129200116,18.216683699244975,0
2023-01-05 06:50:00,790.7296980072358,15.247574936787073,0
2023-01-05 06:51:00,739.3355553450816,17.26132524064241,0
2023-01-05 06:52:00,674.3015166864407,15.480170704311314,0
2023-01-05 06:53:00,692.6837605054244,18.358460990672764,0
2023-01-05 06:54:00,643.7705156316501,17.34106765822028,0
2023-01-05 06:55:00,708.4173232192974,16.354006507220785,0
2023-01-05 06:56:00,683.6930406230434,17.809954779895882,0
2023-01-05 06:57:00,794.0868966348603,16.57423721954872,0
2023-01-05 06:58:00,751.0262896334748,17.677567993436213,0
2023-01-05 06:59:00,773.6273005277023,16.946976809910645,0
2023-01-05 07:00:00,617.7383788667223,18.77089061212385,0
2023-01-05 07:01:00,668.9171243186883,19.01501575127856,0
2023-01-05 07:02:00,691.2368500320749,16.03095695233295,0
2023-01-05 07:03:00,778.2308606188545,16.817760023059627,0
2023-01-05 07:04:00,682.8454676437483,17.525968720632804,0
2023-01-05 07:05:00,790.6913834439433,16.321022336258878,0
2023-01-05 07:06:00,722.3897074160589,17.283297097992097,0
2023-01-05 07:07:00,768.6916871042646,17.858500384771045,0
2023-01-05 07:08:00,643.847609943165,15.57086386828398,0
2023-01-05 07:09:00,599.6650121548158,17.511515258310418,0
2023-01-05 07:10:00,649.278824112891,17.37965767592421,0
2023-01-05 07:11:00,735.1583289949477,16.414473974759314,0
2023-01-05 07:12:00,705.1776766844918,17.76332460311943,0
2023-01-05 07:13:00,704.5082737269867,17.730894963292716,0
2023-01-05 07:14:00,713.5139827964875,17.312747037161735,0
2023-01-05 07:15:00,815.332362389477,18.18076562912138,0
2023-01-05 07:16:00,663.7798858280318,17.22534322825164,0
2023-01-05 07:17:00,654.124525135923,16.034646237280988,0
2023-01-05 07:18:00,652.9515139665514,17.038365885256262,0
2023-01-05 07:19:00,655.9921803601832,15.563601684746459,0
2023-01-05 07:20:00,1133.0354492018064,17.30241883005618,0
2023-01-05 07:21:00,697.4422686245841,17.14930720137407,0
2023-01-05 07:22:00,720.8151883681901,16.985076670008493,0
2023-01-05 07:23:00,754.0663284748753,17.58765945318298,0
2023-01-05 07:24:00,659.2676846493906,17.688019341596537,0
2023-01-05 07:25:00,702.0307930531634,16.92675062604795,0
2023-01-05 07:26:00,687.6032095212977,14.831113332005955,0
2023-01-05 07:27:00,665.1318786954985,16.91662839123418,0
2023-01-05 07:28:00,772.0319823973939,18.379678477396126,0
2023-01-05 07:29:00,729.2399581755576,18.01561409646895,0
2023-01-05 07:30:00,731.5294928069819,17.502466785745902,0
2023-01-05 07:31:00,663.9303078579726,17.33980090714202,0
2023-01-05 07:32:00,737.1564385430818,16.809294700878006,0
2023-01-05 07:33:00,685.8209818348546,18.170959271923387,0
2023-01-05 07:34:00,694.3294019341914,15.94925981016162,0
2023-01-05 07:35:00,752.1971122095475,15.861498592365585,0
2023-01-05 07:36:00,751.3213424105958,16.172514634918915,0
2023-01-05 07:37:00,698.4634317841213,15.042443743571624,0
2023-01-05 07:38:00,638.4439998139466,16.707235467544987,0
2023-01-05 07:39:00,595.0808424791754,16.716359759188062,0
2023-01-05 07:40:00,714.0027336315488,18.421111740907065,0
2023-01-05 07:41:00,739.1554584781396,15.85056742147918,0
2023-01-05 07:42:00,682.9751419981136,16.53496916965993,0
2023-01-05 07:43:00,610.3225981804344,17.35298908969468,0
2023-01-05 07:44:00,651.3113960856007,17.64287657885682,0
2023-01-05 07:45:00,767.8745619967441,16.60667416696656,0
2023-01-05 07:46:00,635.0413902096799,18.006695213349808,0
2023-01-05 07:47:00,783.6102471681427,17.849282009933532,0
2023-01-05 07:48:00,666.045303410085,16.52229980683486,0
2023-01-05 07:49:00,728.511635041302,16.951045119287986,0
2023-01-05 07:50:00,575.9850456428334,17.238908251237596,0
2023-01-05 07:51:00,694.5157364581042,18.16986988834625,0
2023-01-05 07:52:00,640.1724540053347,15.959871743071124,0
2023-01-05 07:53:00,610.4594733424632,17.977164287226486,0
2023-01-05 07:54:00,689.0682799800755,17.74708400877978,0
2023-01-05 07:55:00,581.0903313459362,16.773249252419234,0
2023-01-05 07:56:00,563.1378388922858,18.37671118902985,0
2023-01-05 07:57:00,737.019383171466,18.295931860493504,0
2023-01-05 07:58:00,592.2405222845716,16.917313287100214,0
2023-01-05 07:59:00,642.1476525145828,16.393705578348413,0
2023-01-05 08:00:00,736.175889831225,16.223257478861974,0
2023-01-05 08:01:00,673.5425310253622,16.327770039384472,0
2023-01-05 08:02:00,705.2497785724996,16.488646341312798,0
2023-01-05 08:03:00,715.1671524093443,17.0039168342118,0
2023-01-05 08:04:00,694.4253912678562,15.84850181161291,0
2023-01-05 08:05:00,667.6344245813376,16.530563597642512,0
2023-01-05 08:06:00,596.0678201611785,17.839767212585016,0
2023-01-05 08:07:00,668.6518736502697,15.469733697745779,0
2023-01-05 08:08:00,748.1861711854177,16.387802786075248,0
2023-01-05 08:09:00,679.176949943154,16.314525470244316,0
2023-01-05 08:10:00,574.1853250231777,15.045702756041006,0
2023-01-05 08:11:00,704.2279099490858,17.568558492756384,0
2023-01-05 08:12:00,695.5900760368903,15.19718131612711,0
2023-01-05 08:13:00,663.9909981584794,18.11989646795204,0
2023-01-05 08:14:00,621.3726418680799,15.85700054960923,0
2023-01-05 08:15:00,720.4224933031688,16.821780226427425,0
2023-01-05 08:16:00,632.0688215692226,16.663059181501033,0
2023-01-05 08:17:00,756.7858697554072,16.46280042682853,0
2023-01-05 08:18:00,639.3362968024298,13.567596832438356,0
2023-01-05 08:19:00,655.0587794724348,17.909107809998975,0
2023-01-05 08:20:00,712.1252901319544,19.21142479315217,0
2023-01-05 08:21:00,724.8958739610791,15.992426695130476,0
2023-01-05 08:22:00,699.0541424753786,15.830447263579172,0
2023-01-05 08:23:00,734.4568634066386,15.871778674852424,0
2023-01-05 08:24:00,697.3804050400813,17.884005474804663,0
2023-01-05 08:25:00,710.8030738160991,18.106332328670106,0
2023-01-05 08:26:00,740.6957044992484,15.549093291284736,0
2023-01-05 08:27:00,663.373654854397,16.211714416896978,0
2023-01-05 08:28:00,556.6071949002051,14.709653400141416,0
2023-01-05 08:29:00,756.635388879902,15.730139523259963,0
2023-01-05 08:30:00,552.7488917580986,17.55502950404185,0
2023-01-05 08:31:00,715.2028256461865,16.887864682417142,0
2023-01-05 08:32:00,686.3655071207951,15.224029655420749,0
2023-01-05 08:33:00,672.8429517066651,17.346790146773454,0
2023-01-05 08:34:00,573.4498096952897,17.79883022553706,0
2023-01-05 08:35:00,694.6219063959986,16.05654691984437,0
2023-01-05 08:36:00,616.4256809816567,16.244405546605755,0
2023-01-05 08:37:00,605.1615789452705,15.982862933377268,0
2023-01-05 08:38:00,650.1282073999033,16.027331719017155,0
2023-01-05 08:39:00,679.4060509832956,17.571834959009667,0
2023-01-05 08:40:00,589.24633331188,16.693232023789733,0
2023-01-05 08:41:00,625.6365234315169,15.509535919319687,0
2023-01-05 08:42:00,647.9216678463185,17.240283829568483,0
2023-01-05 08:43:00,666.5422260334115,15.151463116061892,0
2023-01-05 08:44:00,637.2555626593515,15.94866023179025,0
2023-01-05 08:45:00,645.8611163734826,15.565161760573888,0
2023-01-05 08:46:00,660.725438971731,15.860476072751359,0
2023-01-05 08:47:00,668.3582142499106,15.699722362152709,0
2023-01-05 08:48:00,654.6495163156166,17.695020432116234,0
2023-01-05 08:49:00,654.2402229397123,15.774081206468644,0
2023-01-05 08:50:00,580.1134594170371,16.42947442763165,0
2023-01-05 08:51:00,576.920724618929,14.394065365696719,0
2023-01-05 08:52:00,667.6168346778852,17.79082863910005,0
2023-01-05 08:53:00,685.7527957609599,17.75184106289583,0
2023-01-05 08:54:00,650.5434669473565,17.2581209157,0
2023-01-05 08:55:00,715.0748958697533,13.938252575852685,0
2023-01-05 08:56:00,621.1134621709996,15.611276269311741,0
2023-01-05 08:57:00,681.0841183982494,16.374977040455462,0
2023-01-05 08:58:00,747.7164177323564,15.716192346653472,0
2023-01-05 08:59:00,652.6386492643218,14.67469790293405,0
2023-01-05 09:00:00,1038.0521439704896,16.26452548659691,0
2023-01-05 09:01:00,622.8865080585749,16.144196018958187,0
2023-01-05 09:02:00,646.2340909452533,16.511508552237835,0
2023-01-05 09:03:00,684.2297985880765,15.447494498767735,0
2023-01-05 09:04:00,591.1785978403146,15.836288214389041,0
2023-01-05 09:05:00,685.6252701131515,16.742253475310985,0
2023-01-05 09:06:00,688.7988679658204,15.808552925057048,0
2023-01-05 09:07:00,613.9416635948637,16.239561562544843,0
2023-01-05 09:08:00,661.1663277175422,17.55898560073952,0
2023-01-05 09:09:00,656.9034342833013,15.360812920315931,0
2023-01-05 09:10:00,632.8720279564353,16.44483003675878,0
2023-01-05 09:11:00,684.8086739326436,15.83868288113126,0
2023-01-05 09:12:00,635.8843896359415,15.65132776018429,0
2023-01-05 09:13:00,691.8711131288154,15.642412066360771,0
2023-01-05 09:14:00,570.664579365774,15.511010236078906,0
2023-01-05 09:15:00,598.305025818083,15.4480112685608,0
2023-01-05 09:16:00,621.7452203098059,17.535539681315967,0
2023-01-05 09:17:00,608.0499872509719,15.916202601851355,0
2023-01-05 09:18:00,656.8019208482826,15.904138471738545,0
2023-01-05 09:19:00,636.9509106696814,15.689505079003245,0
2023-01-05 09:20:00,651.7171868289554,15.831361953186256,0
2023-01-05 09:21:00,649.0324053956697,17.370698342970464,0
2023-01-05 09:22:00,656.8500986910472,15.695672245775302,0
2023-01-05 09:23:00,611.413840415372,17.728362595803297,0
2023-01-05 09:24:00,693.6208979030066,16.150338227425937,0
2023-01-05 09:25:00,627.1863453304808,15.875293764117695,0
2023-01-05 09:26:00,592.2549849288897,15.885483350325176,0
2023-01-05 09:27:00,660.3075222617077,15.680415206235956,0
2023-01-05 09:28:00,632.9413995724383,15.512766849645798,0
2023-01-05 09:29:00,592.6723683090146,14.845396135454251,0
2023-01-05 09:30:00,661.7449515952557,14.588064994986373,0
2023-01-05 09:31:00,621.5870660203827,13.318566840820154,0
2023-01-05 09:32:00,585.9413213190768,16.203020908684344,0
2023-01-05 09:33:00,634.6832245765422,17.312793037886895,0
2023-01-05 09:34:00,678.6040795386062,14.455420805649771,0
2023-01-05 09:35:00,614.7633975011701,15.862628298729081,0
2023-01-05 09:36:00,552.4376909302736,16.51495668348082,0
2023-01-05 09:37:00,643.5513201948453,14.666794407697587,0
2023-01-05 09:38:00,552.2653082012868,16.584735789469207,0
2023-01-05 09:39:00,535.1680539248807,16.0317834972002,0
2023-01-05 09:40:00,611.8935772485274,15.907545211944653,0
2023-01-05 09:41:00,677.2512153483004,16.379293284199893,0
2023-01-05 09:42:00,639.0259477407358,14.654641447399214,0
2023-01-05 09:43:00,604.5059508770786,15.034659574948046,0
2023-01-05 09:44:00,591.2531561797679,15.206709664599474,0
2023-01-05 09:45:00,595.172707275625,16.311966694419475,0
2023-01-05 09:46:00,607.7589984594244,15.592061090658722,0
2023-01-05 09:47:00,582.9686441140049,16.055205121859345,0
2023-01-05 09:48:00,662.5181094682189,15.726408076350364,0
2023-01-05 09:49:00,678.2418652239683,17.169596019700997,0
2023-01-05 09:50:00,607.5909100367079,16.339756099995203,0
2023-01-05 09:51:00,542.1092199289408,14.815010411378992,0
2023-01-05 09:52:00,482.4619704462575,17.429397672846097,0
2023-01-05 09:53:00,557.1675510785566,14.626296792697762,0
2023-01-05 09:54:00,548.7617053893986,16.121850128422025,0
2023-01-05 09:55:00,575.3956189597501,14.21884780530219,0
2023-01-05 09:56:00,648.1484385681146,14.831513322566883,0
2023-01-05 09:57:00,572.8394785973371,16.605969157281688,0
2023-01-05 09:58:00,585.5228615920249,15.638294537619052,0
2023-01-05 09:59:00,577.7734875932953,16.067329623450725,0
2023-01-05 10:00:00,623.3007243879443,14.757402235188632,0
2023-01-05 10:01:00,596.6787300243475,13.424991332675468,0
2023-01-05 10:02:00,578.2122361499186,14.843742446833131,0
2023-01-05 10:03:00,512.4323926294721,14.972272274419407,0
2023-01-05 10:04:00,576.228951826555,15.635759777044022,0
2023-01-05 10:05:00,645.4107509242344,15.391030637716867,0
2023-01-05 10:06:00,657.4502406905508,17.849469924260767,0
2023-01-05 10:07:00,606.1324820503512,15.71006517283298,0
2023-01-05 10:08:00,530.635154925458,15.81072131740803,0
2023-01-05 10:09:00,645.1955759442341,16.02825828981202,0
2023-01-05 10:10:00,630.7361248231465,14.444896762839951,0
2023-01-05 10:11:00,645.0780116137091,13.146551363183155,0
2023-01-05 10:12:00,582.7235520988997,15.388254156986276,0
2023-01-05 10:13:00,584.2375570266986,14.726205357195349,0
2023-01-05 10:14:00,678.6351055842537,17.421484318503584,0
2023-01-05 10:15:00,600.134093922598,15.609327197573664,0
2023-01-05 10:16:00,616.5024070776202,16.36304449700517,0
2023-01-05 10:17:00,493.709197178277,17.826831130511856,0
2023-01-05 10:18:00,584.9488977115348,16.45899758439616,0
2023-01-05 10:19:00,565.7327059771978,16.11291470026003,0
2023-01-05 10:20:00,671.3178174026511,16.432768887183503,0
2023-01-05 10:21:00,545.3047745474993,15.717427643009287,0
2023-01-05 10:22:00,606.398554426446,17.230634085190218,0
2023-01-05 10:23:00,547.1041954325473,15.346954562897205,0
2023-01-05 10:24:00,592.5950577055561,16.03466058351884,0
2023-01-05 10:25:00,634.3583793960994,16.597142464308735,0
2023-01-05 10:26:00,526.1942834884219,16.984335948905393,0
2023-01-05 10:27:00,622.3821328063271,16.72104338084045,0
2023-01-05 10:28:00,504.42292065657875,16.532052678425988,0
2023-01-05 10:29:00,574.3547145222886,15.396926621833375,0
2023-01-05 10:30:00,670.0358126052769,15.51840148561559,0
2023-01-05 10:31:00,590.7111895243445,17.535323387869404,0
2023-01-05 10:32:00,623.8839068206585,15.321962052426793,0
2023-01-05 10:33:00,623.9038209160815,15.950176738079154,0
2023-01-05 10:34:00,614.4990562930627,17.36146367795347,0
2023-01-05 10:35:00,592.9013608345928,15.809486166855619,0
2023-01-05 10:36:00,576.6708105591941,18.209435440552195,0
2023-01-05 10:37:00,637.3818523043864,14.452349909460894,0
2023-01-05 10:38:00,609.6968061830307,16.535734891618475,0
2023-01-05 10:39:00,549.4993660331552,16.207673684502353,0
2023-01-05 10:40:00,1115.7090968226858,14.829352480215977,0
2023-01-05 10:41:00,524.9081459410731,15.271488657081655,0
2023-01-05 10:42:00,584.6916063777595,15.626816876132233,0
2023-01-05 10:43:00,570.7730796909373,16.24114238488112,0
2023-01-05 10:44:00,564.067679671717,15.38958330863529,0
2023-01-05 10:45:00,510.8482203051723,15.528027700629742,0
2023-01-05 10:46:00,618.8746128504495,15.367568052758678,0
2023-01-05 10:47:00,514.6715983452722,14.725969791740237,0
2023-01-05 10:48:00,655.1278425581874,16.560495574200434,0
2023-01-05 10:49:00,521.0052475479988,14.77956882708892,0
2023-01-05 10:50:00,509.5750319836542,16.25764965537779,0
2023-01-05 10:51:00,617.3062133287536,13.820151062703255,0
2023-01-05 10:52:00,454.12865914062894,14.61599010712015,0
2023-01-05 10:53:00,666.5716210145247,14.675957241635764,0
2023-01-05 10:54:00,566.512494561057,14.359217359327692,0
2023-01-05 10:55:00,484.41563354973414,15.592091848296663,0
2023-01-05 10:56:00,583.3092005505317,14.796004754248814,0
2023-01-05 10:57:00,451.70204723126204,15.259386696660396,0
2023-01-05 10:58:00,475.79391217504815,14.622408020520815,0
2023-01-05 10:59:00,517.7905855332492,14.17664247477142,0
2023-01-05 11:00:00,560.2300795155534,15.43576681241623,0
2023-01-05 11:01:00,613.0985131540859,15.294982448698141,0
2023-01-05 11:02:00,544.722739875157,13.713080885856924,0
2023-01-05 11:03:00,554.4715372749783,14.93462457018558,0
2023-01-05 11:04:00,620.6582866652608,16.4051303460363,0
2023-01-05 11:05:00,573.3787346627495,15.134369522210065,0
2023-01-05 11:06:00,707.2953870693168,15.746572084544445,0
2023-01-05 11:07:00,510.5112659334884,16.308275037419694,0
2023-01-05 11:08:00,583.5958974454538,16.08854723403721,0
2023-01-05 11:09:00,535.6187479335786,14.894256523278514,0
2023-01-05 11:10:00,645.7724616168946,16.17477509917807,0
2023-01-05 11:11:00,594.354156727824,14.817153072489887,0
2023-01-05 11:12:00,537.9601960495568,14.352567162597614,0
2023-01-05 11:13:00,476.7291095371343,13.737919590435702,0
2023-01-05 11:14:00,524.4249230221353,17.626076738981965,0
2023-01-05 11:15:00,538.263186711844,16.241294936544094,0
2023-01-05 11:16:00,499.3378856086113,16.27835495601493,0
2023-01-05 11:17:00,528.573160840815,16.06704962807252,0
2023-01-05 11:18:00,560.1256990710873,15.103609027556484,0
2023-01-05 11:19:00,491.9040498728585,14.788989877370193,0
2023-01-05 11:20:00,504.5764978058569,15.572096244158448,0
2023-01-05 11:21:00,596.3546649574672,14.283606588613148,0
2023-01-05 11:22:00,508.1430398510508,13.490742868367361,0
2023-01-05 11:23:00,470.59021521768943,15.10619275796005,0
2023-01-05 11:24:00,516.4240951019801,15.206002128113301,0
2023-01-05 11:25:00,534.5282346777277,16.465216383888293,0
2023-01-05 11:26:00,483.1368259396993,15.741358696462687,0
2023-01-05 11:27:00,564.2493131190593,13.58138780601543,0
2023-01-05 11:28:00,518.2775459428802,13.922008249347808,0
2023-01-05 11:29:00,536.5191397290562,17.21831382597638,0
2023-01-05 11:30:00,520.2762506064898,16.37577330621862,0
2023-01-05 11:31:00,678.8738872603288,15.506282276263827,0
2023-01-05 11:32:00,555.1672435451333,14.956735594695777,0
2023-01-05 11:33:00,563.739443746499,16.316787771789958,0
2023-01-05 11:34:00,567.300719599058,16.25968051376778,0
2023-01-05 11:35:00,463.9501129110796,16.245554549996832,0
2023-01-05 11:36:00,491.1641539967975,15.010126907806374,0
2023-01-05 11:37:00,462.8691706771798,13.582315457489642,0
2023-01-05 11:38:00,491.20829246956566,13.779683977713015,0
2023-01-05 11:39:00,623.9288681757328,16.264324856433888,0
2023-01-05 11:40:00,561.6655282775848,14.825546253514045,0
2023-01-05 11:41:00,634.1908982014467,13.853936521926805,0
2023-01-05 11:42:00,512.5637716927592,15.88790295233257,0
2023-01-05 11:43:00,541.7407485361165,14.353487308850136,0
2023-01-05 11:44:00,605.6378889358882,16.430831728410126,0
2023-01-05 11:45:00,550.4976895511724,13.69032678435238,0
2023-01-05 11:46:00,524.8474585393575,13.887293779520343,0
2023-01-05 11:47:00,525.9015651810538,14.654648639335662,0
2023-01-05 11:48:00,550.5732909136009,15.404249761293068,0
2023-01-05 11:49:00,538.5403765588959,15.699273568433021,0
2023-01-05 11:50:00,554.3725204703483,15.034820514271443,0
2023-01-05 11:51:00,531.9727733822812,15.173120155261794,0
2023-01-05 11:52:00,491.867768255823,13.53434151388806,0
2023-01-05 11:53:00,504.4138803653002,16.599985920750072,0
2023-01-05 11:54:00,520.2034070749145,14.698838191906736,0
2023-01-05 11:55:00,538.5248058132674,15.674486209876894,0
2023-01-05 11:56:00,530.4253491196602,16.205506979604984,0
2023-01-05 11:57:00,474.9809412583343,14.231913518350883,0
2023-01-05 11:58:00,512.7774358669425,15.980429866512303,0
2023-01-05 11:59:00,537.2052448247995,15.453443406702261,0
2023-01-05 12:00:00,445.66304011679426,14.504094452119078,0
2023-01-05 12:01:00,516.2803967258483,15.34586079997324,0
2023-01-05 12:02:00,517.9664043246489,16.099811831303892,0
2023-01-05 12:03:00,500.00230366556747,15.213280484389164,0
2023-01-05 12:04:00,387.16313244646943,16.214335650007165,0
2023-01-05 12:05:00,563.8408087582354,15.559294146152077,0
2023-01-05 12:06:00,495.50585288907905,12.825155077609299,0
2023-01-05 12:07:00,531.2613706374398,14.785507415365872,0
2023-01-05 12:08:00,423.0676419641527,17.679832940720406,0
2023-01-05 12:09:00,504.30626919325783,13.679709802048064,0
2023-01-05 12:10:00,463.42228614487294,13.006307754674742,0
2023-01-05 12:11:00,631.8394559410274,14.975643802376462,0
2023-01-05 12:12:00,490.85014631475485,13.686066594824469,0
2023-01-05 12:13:00,440.2789699353714,14.356144840958832,0
2023-01-05 12:14:00,502.59863237745674,15.980554996085084,0
2023-01-05 12:15:00,448.58320379122284,15.181535930780319,0
2023-01-05 12:16:00,512.9496162765151,14.46607300896988,0
2023-01-05 12:17:00,450.5580099886265,14.91406493559714,0
2023-01-05 12:18:00,508.1810760746288,13.34576784935588,0
2023-01-05 12:19:00,470.2835820144746,14.91175066859264,0
2023-01-05 12:20:00,940.0428810138098,15.068785326766326,0
2023-01-05 12:21:00,497.30502818771754,14.75685505916824,0
2023-01-05 12:22:00,525.9114133127288,12.99271761015657,0
2023-01-05 12:23:00,478.5932622228899,15.4441828171784,0
2023-01-05 12:24:00,432.54048411770725,14.743805152075941,0
2023-01-05 12:25:00,532.4933044592448,14.535972704916391,0
2023-01-05 12:26:00,530.4492850211564,12.534017171367022,0
2023-01-05 12:27:00,480.49479127201266,16.841458974882855,0
2023-01-05 12:28:00,460.8330876345076,15.04030765844324,0
2023-01-05 12:29:00,512.9810331347799,15.014050766110062,0
2023-01-05 12:30:00,469.8317050766162,15.220977964590341,0
2023-01-05 12:31:00,443.8310451969436,16.906254270674996,0
2023-01-05 12:32:00,440.7806469554035,16.1291880731185,0
2023-01-05 12:33:00,420.17541969514247,13.789510538765073,0
2023-01-05 12:34:00,468.83409155197245,13.25950442320154,0
2023-01-05 12:35:00,453.5581950910523,14.016382888698212,0
2023-01-05 12:36:00,404.8682281870484,15.208677444705424,0
2023-01-05 12:37:00,433.1813626855231,15.4422168648291,0
2023-01-05 12:38:00,541.6183259617522,14.211257579732866,0
2023-01-05 12:39:00,510.332540924685,13.618638030812434,0
2023-01-05 12:40:00,403.4807424111551,14.676758978498938,0
2023-01-05 12:41:00,461.6738451183455,16.57108979597289,0
2023-01-05 12:42:00,567.832646138042,13.855484086173036,0
2023-01-05 12:43:00,504.9871960448167,16.559144033798777,0
2023-01-05 12:44:00,448.46355163069484,13.961320974713848,0
2023-01-05 12:45:00,497.79643654163976,15.510246732152604,0
2023-01-05 12:46:00,508.8163590164906,15.43389437052821,0
2023-01-05 12:47:00,427.02075891358976,12.910447576986634,0
2023-01-05 12:48:00,505.7931486107452,15.406821297172513,0
2023-01-05 12:49:00,494.8063440950602,13.988560807884424,0
2023-01-05 12:50:00,432.22503985288046,12.132644318238743,0
2023-01-05 12:51:00,425.54713142992756,14.104088855428227,0
2023-01-05 12:52:00,428.7435396242395,14.548764225891283,0
2023-01-05 12:53:00,420.53458030881137,14.41528067628146,0
2023-01-05 12:54:00,555.2518485865459,13.563917984834642,0
2023-01-05 12:55:00,499.4615768412138,15.489161942871403,0
2023-01-05 12:56:00,432.8637050184444,16.19056592205356,0
2023-01-05 12:57:00,469.7605357832407,16.469301233928622,0
2023-01-05 12:58:00,527.7489641841636,14.272805252027542,0
2023-01-05 12:59:00,474.7239996931442,13.734058879432924,0
2023-01-05 13:00:00,456.6034591189132,14.540409095719037,0
2023-01-05 13:01:00,417.34803728255514,12.449809443082103,0
2023-01-05 13:02:00,356.80386443456086,13.404472201217187,0
2023-01-05 13:03:00,429.72994086391657,13.47446237030753,0
2023-01-05 13:04:00,435.82560880440565,15.882674794499092,0
2023-01-05 13:05:00,479.91452273260705,15.330400710963174,0
2023-01-05 13:06:00,470.4027504072919,16.15149626818547,0
2023-01-05 13:07:00,509.91544148414573,15.362167650797279,0
2023-01-05 13:08:00,480.8815190164867,15.494880744936932,0
2023-01-05 13:09:00,464.67434332992485,13.989954749310606,0
2023-01-05 13:10:00,433.25592328107064,12.36018946682352,0
2023-01-05 13:11:00,541.3008095147217,13.789853247557609,0
2023-01-05 13:12:00,340.0346686827578,14.21972576716073,0
2023-01-05 13:13:00,477.4636418241162,12.758224704544634,0
2023-01-05 13:14:00,413.6396308917016,14.87378323475324,0
2023-01-05 13:15:00,389.430170268675,12.863651179845688,0
2023-01-05 13:16:00,401.72050756589385,12.931121972224393,0
2023-01-05 13:17:00,473.6814185070869,14.135426555619741,0
2023-01-05 13:18:00,392.18140790086386,13.399879737393732,0
2023-01-05 13:19:00,415.9499374301426,14.145843193163566,0
2023-01-05 13:20:00,505.38431394262824,15.569965917048755,0
2023-01-05 13:21:00,472.7833599754124,14.265170355967925,0
2023-01-05 13:22:00,314.65992252662966,15.374785955525171,0
2023-01-05 13:23:00,479.0417055035958,15.463788929331798,0
2023-01-05 13:24:00,406.44679654337585,14.820076093427362,0
2023-01-05 13:25:00,464.3606264288314,15.331847652621189,0
2023-01-05 13:26:00,390.559149896739,13.618974475641485,0
2023-01-05 13:27:00,457.9425865152866,14.118310383929725,0
2023-01-05 13:28:00,419.13973387216913,14.068710538098266,0
2023-01-05 13:29:00,480.0825753904674,15.495922339342012,0
2023-01-05 13:30:00,453.82272560325634,14.374950230570883,0
2023-01-05 13:31:00,325.7928678524079,16.712009412378734,0
2023-01-05 13:32:00,362.653897472453,14.366511030290821,0
2023-01-05 13:33:00,428.8188004358871,14.007183717678297,0
2023-01-05 13:34:00,487.22589828663297,15.142453446628735,0
2023-01-05 13:35:00,451.6323748303954,15.191237455639728,0
2023-01-05 13:36:00,435.47582417491105,15.157253390325215,0
2023-01-05 13:37:00,423.9369858253305,14.702728422737318,0
2023-01-05 13:38:00,401.51125358119026,14.18348096632759,0
2023-01-05 13:39:00,404.36689204722285,14.495156402585845,0
2023-01-05 13:40:00,442.51970683475736,11.773774623657127,0
2023-01-05 13:41:00,445.30677002179124,14.773021346941807,0
2023-01-05 13:42:00,394.1642906780305,14.033450999144302,0
2023-01-05 13:43:00,387.5442474221208,13.860137951813233,0
2023-01-05 13:44:00,517.0683323957202,14.742576300943941,0
2023-01-05 13:45:00,454.4124829615964,14.04448863672754,0
2023-01-05 13:46:00,482.8877625078866,14.543401417399638,0
2023-01-05 13:47:00,376.84349145975256,12.882819739843859,0
2023-01-05 13:48:00,424.10187380730054,15.685127518332017,0
2023-01-05 13:49:00,429.79894030172176,12.85615363262114,0
2023-01-05 13:50:00,448.95097792280984,15.28394171275558,0
2023-01-05 13:51:00,351.44021527857655,12.679347575026407,0
2023-01-05 13:52:00,397.78921757039444,14.159138390285289,0
2023-01-05 13:53:00,347.0632776774144,14.440481719534608,0
2023-01-05 13:54:00,413.31530906014444,13.977587107958698,0
2023-01-05 13:55:00,475.33973425568223,14.433054035373143,0
2023-01-05 13:56:00,334.0043303078546,11.498433104481073,0
2023-01-05 13:57:00,526.039200047389,14.749534686309175,0
2023-01-05 13:58:00,405.3574224029555,14.06860452207148,0
2023-01-05 13:59:00,357.87884451576656,14.337228895387561,0
2023-01-05 14:00:00,912.3809597092245,12.65611005180826,0
2023-01-05 14:01:00,379.63377731141713,15.942161382739705,0
2023-01-05 14:02:00,383.83771793216994,12.498566923995867,0
2023-01-05 14:03:00,393.163608853276,14.800319811486865,0
2023-01-05 14:04:00,483.572275739645,12.319569824456222,0
2023-01-05 14:05:00,374.1587424052773,13.112315227290336,0
2023-01-05 14:06:00,411.0158866796756,15.941050515660299,0
2023-01-05 14:07:00,456.75859518317884,14.600411101599,0
2023-01-05 14:08:00,371.11837295809977,14.640303573212684,0
2023-01-05 14:09:00,457.1439069910632,13.840753460175984,0
2023-01-05 14:10:00,445.5735009001604,12.461040454298127,0
2023-01-05 14:11:00,306.48932602436753,12.956444410869837,0
2023-01-05 14:12:00,306.89447475764297,14.957758669025964,0
2023-01-05 14:13:00,359.0512599160946,12.184342094840824,0
2023-01-05 14:14:00,403.9359332220339,14.775963630288384,0
2023-01-05 14:15:00,513.1585244023713,15.358168610837005,0
2023-01-05 14:16:00,463.2438984009096,11.386935306151912,0
2023-01-05 14:17:00,293.1865095216037,13.021364845626916,0
2023-01-05 14:18:00,447.8226386321355,14.644911542349282,0
2023-01-05 14:19:00,360.61241655731203,14.436878483349986,0
2023-01-05 14:20:00,338.5801983557091,13.273155714338461,0
2023-01-05 14:21:00,344.5486985851376,14.048763974653108,0
2023-01-05 14:22:00,406.89993785097187,13.991672471371743,0
2023-01-05 14:23:00,357.86889888352175,13.160603040177715,0
2023-01-05 14:24:00,387.1437832137645,12.723122840574613,0
2023-01-05 14:25:00,429.17431007873995,15.631908321503005,0
2023-01-05 14:26:00,394.8099027740632,12.180916352003752,0
2023-01-05 14:27:00,361.2035347258004,14.647453169757577,0
2023-01-05 14:28:00,368.4044359389285,13.984057533614667,0
2023-01-05 14:29:00,439.1744332226766,13.45815532288327,0
2023-01-05 14:30:00,366.3578564317131,16.126728568211075,0
2023-01-05 14:31:00,358.36235017948246,12.15773026591216,0
2023-01-05 14:32:00,404.6702953999258,13.498385909187624,0
2023-01-05 14:33:00,414.74737674834074,13.406959988714872,0
2023-01-05 14:34:00,352.10194219149054,13.092542693689293,0
2023-01-05 14:35:00,369.7176252765229,14.35034826122452,0
2023-01-05 14:36:00,402.41079141970596,12.975830755998706,0
2023-01-05 14:37:00,277.8765845535599,13.304429058047983,0
2023-01-05 14:38:00,458.6066653624791,14.552422509120298,0
2023-01-05 14:39:00,351.4283334952443,13.01681833261145,0
2023-01-05 14:40:00,418.0775625061421,13.98856498175674,0
2023-01-05 14:41:00,355.1033383396013,15.076528843320332,0
2023-01-05 14:42:00,466.379560097894,15.465378151912187,0
2023-01-05 14:43:00,352.63247948713365,14.474271660181905,0
2023-01-05 14:44:00,350.4427358042207,13.531137063782385,0
2023-01-05 14:45:00,446.6566773312937,15.879265036835044,0
2023-01-05 14:46:00,335.9755480495875,13.296522520634241,0
2023-01-05 14:47:00,364.5520209303448,15.674630193570852,0
2023-01-05 14:48:00,373.7595223892751,13.538348786930218,0
2023-01-05 14:49:00,410.8295312556346,12.914776734181865,0
2023-01-05 14:50:00,420.64079463020244,12.902753862904545,0
2023-01-05 14:51:00,286.47316776602474,14.821860841344726,0
2023-01-05 14:52:00,463.73477469439433,15.663770493146355,0
2023-01-05 14:53:00,405.4303146625438,13.878403770758135,0
2023-01-05 14:54:00,375.91472457426323,13.744158232919496,0
2023-01-05 14:55:00,428.42618594615993,14.63657707917275,0
2023-01-05 14:56:00,322.3987975551013,14.63162824532341,0
2023-01-05 14:57:00,418.5270788465211,13.56567470325636,0
2023-01-05 14:58:00,318.2199077116095,14.199714524039921,0
2023-01-05 14:59:00,392.9177520903583,13.520787135302081,0
2023-01-05 15:00:00,449.0605452431709,15.569266434478072,0
2023-01-05 15:01:00,306.5330946472231,14.302017412016792,0
2023-01-05 15:02:00,410.27744327873165,14.609337829290016,0
2023-01-05 15:03:00,385.1672008149317,12.7553530854966,0
2023-01-05 15:04:00,365.87712623656125,14.362695624363985,0
2023-01-05 15:05:00,326.9290845456854,13.638892247742215,0
2023-01-05 15:06:00,378.60450798088436,14.370354945028401,0
2023-01-05 15:07:00,217.57722069235615,13.526520577608075,0
2023-01-05 15:08:00,318.2539706482689,14.571904220814785,0
2023-01-05 15:09:00,246.56483548875042,13.03729256539049,0
2023-01-05 15:10:00,297.4801408536704,13.928011329609081,0
2023-01-05 15:11:00,296.9277117162602,13.831230442853315,0
2023-01-05 15:12:00,304.57808573490865,15.661175922891735,0
2023-01-05 15:13:00,373.09853450738035,13.774680268002887,0
2023-01-05 15:14:00,333.7930849215793,13.298659290016753,0
2023-01-05 15:15:00,360.1163221672087,13.239314854486848,0
2023-01-05 15:16:00,307.1675547310984,12.638154832224046,0
2023-01-05 15:17:00,352.59576789380424,13.632065170515574,0
2023-01-05 15:18:00,391.6046245468294,13.279277176295063,0
2023-01-05 15:19:00,382.64623955976333,14.475270265774004,0
2023-01-05 15:20:00,367.3419360160675,14.39405207580617,0
2023-01-05 15:21:00,321.7017844160132,12.561270631574153,0
2023-01-05 15:22:00,342.9526798743862,12.960196513488526,0
2023-01-05 15:23:00,341.1439612371697,13.088341076949408,0
2023-01-05 15:24:00,294.2499217017825,13.417249473715366,0
2023-01-05 15:25:00,322.7265305508378,13.900434397006686,0
2023-01-05 15:26:00,305.8838300918238,13.50902155680175,0
2023-01-05 15:27:00,401.36908352241244,16.638094489548962,0
2023-01-05 15:28:00,245.72683126580867,14.859312036452277,0
2023-01-05 15:29:00,270.74307785499605,12.434850608925105,0
2023-01-05 15:30:00,343.0618044386878,12.837656375714541,0
2023-01-05 15:31:00,326.2857715434751,12.509162987481627,0
2023-01-05 15:32:00,367.37998870928976,14.11962506685389,0
2023-01-05 15:33:00,343.08475848521783,12.752487316714074,0
2023-01-05 15:34:00,274.37945462747217,13.722437639099033,0
2023-01-05 15:35:00,348.67847754945893,12.496637140469609,0
2023-01-05 15:36:00,469.27607854004,13.777167727604795,0
2023-01-05 15:37:00,238.5883421099831,12.57581623788925,0
2023-01-05 15:38:00,356.07027203098124,13.70136998827429,0
2023-01-05 15:39:00,374.3794494799121,12.711383105823314,0
2023-01-05 15:40:00,869.4660158255546,14.608781656764558,0
2023-01-05 15:41:00,367.15564294737726,13.893690379887481,0
2023-01-05 15:42:00,359.28677721842257,12.645276785774149,0
2023-01-05 15:43:00,324.2117498141547,14.138871114324076,0
2023-01-05 15:44:00,392.25186292818,13.911260119667716,0
2023-01-05 15:45:00,393.21363605070115,13.55754051641618,0
2023-01-05 15:46:00,382.65283472561475,12.940156031715025,0
2023-01-05 15:47:00,257.7683431497909,14.587708878449561,0
2023-01-05 15:48:00,292.49268798573917,11.73935001603886,0
2023-01-05 15:49:00,352.9719671495549,13.785114624161578,0
2023-01-05 15:50:00,319.5002937095943,12.5323200289643,0
2023-01-05 15:51:00,307.9461320569687,12.785217690053626,0
2023-01-05 15:52:00,276.40576133816137,11.389128158376396,0
2023-01-05 15:53:00,406.41387774456297,15.388155750427876,0
2023-01-05 15:54:00,341.75246779439533,13.997722038706726,0
2023-01-05 15:55:00,232.46312674580355,13.743087600584758,0
2023-01-05 15:56:00,307.0727601478285,14.39551452983585,0
2023-01-05 15:57:00,326.55617453861674,14.244976220753797,0
2023-01-05 15:58:00,318.3281666051923,11.318889349861605,0
2023-01-05 15:59:00,304.59449720449726,14.563622401149551,0
2023-01-05 16:00:00,299.6466755963962,13.937556553370335,0
2023-01-05 16:01:00,317.01337486633645,13.052649681934716,0
2023-01-05 16:02:00,404.28427722414347,12.116009132317766,0
2023-01-05 16:03:00,352.894017774582,13.951468970315998,0
2023-01-05 16:04:00,381.5991450070385,13.6665373548903,0
2023-01-05 16:05:00,401.0607639673084,13.531797382689989,0
2023-01-05 16:06:00,333.36581671371357,13.972532845507535,0
2023-01-05 16:07:00,358.92454645066255,12.919997024779954,0
2023-01-05 16:08:00,438.35165135436495,11.268666279266903,0
2023-01-05 16:09:00,291.3535530667607,14.037697542594104,0
2023-01-05 16:10:00,320.9865716802028,11.952053134251193,0
2023-01-05 16:11:00,281.93728164351506,14.395453021800833,0
2023-01-05 16:12:00,403.25885396763385,14.154345474869471,0
2023-01-05 16:13:00,394.93672881697285,13.325758849987158,0
2023-01-05 16:14:00,306.0959862454764,14.243848821717451,0
2023-01-05 16:15:00,275.3501924342322,13.341181256125106,0
2023-01-05 16:16:00,309.76266244008985,11.474142967550067,0
2023-01-05 16:17:00,310.8867070867298,11.684823889721242,0
2023-01-05 16:18:00,343.46957456105764,12.93969814951849,0
2023-01-05 16:19:00,333.793031365788,11.841531958167927,0
2023-01-05 16:20:00,200.72014967493118,13.342987889197993,0
2023-01-05 16:21:00,378.2626336544702,13.987961021668635,0
2023-01-05 16:22:00,432.03086057984217,13.369087170110925,0
2023-01-05 16:23:00,298.18264527873293,13.995677608031993,0
2023-01-05 16:24:00,349.62286070115726,15.119023876359417,0
2023-01-05 16:25:00,257.2149089373334,13.2363625057523,0
2023-01-05 16:26:00,283.3413717614894,9.871893210315687,0
2023-01-05 16:27:00,312.59557009768463,13.202315634733408,0
2023-01-05 16:28:00,410.4901513026237,12.439776857688853,0
2023-01-05 16:29:00,297.9401623112948,13.569537524667622,0
2023-01-05 16:30:00,301.80130149510586,12.578868244965973,0
2023-01-05 16:31:00,365.0391904397971,14.165589354230265,0
2023-01-05 16:32:00,246.37493105934814,13.632436254979917,0
2023-01-05 16:33:00,400.02802574531665,11.900921525442039,0
2023-01-05 16:34:00,392.7469728511538,12.077571518229062,0
2023-01-05 16:35:00,271.2939111916871,10.705959885141459,0
2023-01-05 16:36:00,291.30857663621777,14.50761989868245,0
2023-01-05 16:37:00,295.7304007261,11.885040650801024,0
2023-01-05 16:38:00,361.0787095107536,12.220421522106927,0
2023-01-05 16:39:00,370.18925718643715,11.17778452233002,0
2023-01-05 16:40:00,346.45343691225764,11.993360165334025,0
2023-01-05 16:41:00,307.3381178998417,12.634071216215208,0
2023-01-05 16:42:00,314.06967207683107,13.26752241753533,0
2023-01-05 16:43:00,241.45627032258386,13.155419804385165,0
2023-01-05 16:44:00,405.00406559714656,10.902713138468155,0
2023-01-05 16:45:00,337.8914167527026,11.900407385716212,0
2023-01-05 16:46:00,295.21727127452147,12.794933676310094,0
2023-01-05 16:47:00,353.3884052512489,14.68991229055414,0
2023-01-05 16:48:00,312.03929937147706,12.4811639217536,0
2023-01-05 16:49:00,323.6372743721651,14.706566773304793,0
2023-01-05 16:50:00,351.49288762455143,12.09188430938964,0
2023-01-05 16:51:00,373.21791864231426,12.85162889031832,0
2023-01-05 16:52:00,285.83999955227335,12.213058051735768,0
2023-01-05 16:53:00,289.7065313635402,13.990258708484584,0
2023-01-05 16:54:00,297.6843158229426,13.806792258435921,0
2023-01-05 16:55:00,317.46735430778114,11.686243144060878,0
2023-01-05 16:56:00,234.57162112380945,16.021717369098607,0
2023-01-05 16:57:00,271.9342874351689,12.613440725812499,0
2023-01-05 16:58:00,391.3242154135687,14.108998861488137,0
2023-01-05 16:59:00,295.117267700273,11.78458106590533,0
2023-01-05 17:00:00,351.16099580734004,11.9717611121098,0
2023-01-05 17:01:00,250.83526503666795,12.413829306954517,0
2023-01-05 17:02:00,327.3064623351077,11.017254985374272,0
2023-01-05 17:03:00,270.95747461422707,12.010325266125482,0
2023-01-05 17:04:00,381.396383737888,13.917016619381421,0
2023-01-05 17:05:00,287.0782357970301,12.463094298763142,0
2023-01-05 17:06:00,261.1697210276043,11.327212748295167,0
2023-01-05 17:07:00,358.1822700522324,11.64663127506623,0
2023-01-05 17:08:00,303.2506149781068,12.41046067260301,0
2023-01-05 17:09:00,380.1035533687073,13.425880484902775,0
2023-01-05 17:10:00,353.45423054944,13.523070480530754,0
2023-01-05 17:11:00,294.3008758392015,12.81292082128585,0
2023-01-05 17:12:00,220.43108790861476,12.929873247843538,0
2023-01-05 17:13:00,352.8016826311957,13.69557555623683,0
2023-01-05 17:14:00,254.06432626745377,13.516682630098192,0
2023-01-05 17:15:00,357.2793082126666,11.06620501079251,0
2023-01-05 17:16:00,282.80964582259105,11.815241873948304,0
2023-01-05 17:17:00,329.01500931837097,12.956056280194705,0
2023-01-05 17:18:00,271.72004631775974,12.390580417512327,0
2023-01-05 17:19:00,334.75398734037907,13.830781117452698,0
2023-01-05 17:20:00,824.6669010991802,11.481735267247519,0
2023-01-05 17:21:00,416.6642719483582,12.594902611632511,0
2023-01-05 17:22:00,316.13620848739095,12.368732311656577,0
2023-01-05 17:23:00,316.55968840699194,13.790606402822297,0
2023-01-05 17:24:00,366.74945496576623,12.41934187501378,0
2023-01-05 17:25:00,235.4901372425487,12.387534465303801,0
2023-01-05 17:26:00,341.639006838992,11.64811464680783,0
2023-01-05 17:27:00,256.5763926568585,12.092152289994935,0
2023-01-05 17:28:00,283.44983164501616,13.289354072805596,0
2023-01-05 17:29:00,420.36050983128024,12.697790780178403,0
2023-01-05 17:30:00,363.31723841713506,11.572535479113057,0
2023-01-05 17:31:00,361.1059652664619,13.35122486202443,0
2023-01-05 17:32:00,375.86573017568145,12.35834042336429,0
2023-01-05 17:33:00,277.78667147471896,13.02335960568757,0
2023-01-05 17:34:00,381.3538183841356,11.342489947151723,0
2023-01-05 17:35:00,248.7115543618666,12.864017416076047,0
2023-01-05 17:36:00,381.6278575633403,11.67150689750019,0
2023-01-05 17:37:00,285.18791885145504,12.680934026251647,0
2023-01-05 17:38:00,212.38098365944967,12.357156504239642,0
2023-01-05 17:39:00,205.4603433721503,13.705112187370862,0
2023-01-05 17:40:00,292.4194113508913,12.311534982764861,0
2023-01-05 17:41:00,354.051127875446,12.803829652234539,0
2023-01-05 17:42:00,250.83915313114483,13.056310076359559,0
2023-01-05 17:43:00,382.65197217621426,13.326814758753184,0
2023-01-05 17:44:00,262.56824372298803,12.988883213207,0
2023-01-05 17:45:00,215.9223830972855,12.651091080240374,0
2023-01-05 17:46:00,348.2585777973099,11.956373340101706,0
2023-01-05 17:47:00,417.4711885438876,11.652549060656547,0
2023-01-05 17:48:00,318.2312726220449,11.459199231788944,0
2023-01-05 17:49:00,283.29497090333416,13.527995800488382,0
2023-01-05 17:50:00,349.7977696416929,12.469039283950671,0
2023-01-05 17:51:00,286.2158850093848,11.691983266053635,0
2023-01-05 17:52:00,257.1037711077628,12.244279571923084,0
2023-01-05 17:53:00,275.4489116071933,14.117949424669627,0
2023-01-05 17:54:00,233.02322426348053,12.872421164198034,0
2023-01-05 17:55:00,225.11219091866505,12.03849701459636,0
2023-01-05 17:56:00,215.1299051583282,13.589352417602479,0
2023-01-05 17:57:00,294.09434325544294,12.16823587010727,0
2023-01-05 17:58:00,269.04363543537676,12.406284674378657,0
2023-01-05 17:59:00,379.8210660249707,11.582729369563529,0
2023-01-05 18:00:00,251.59247424627364,13.54700036879472,0
2023-01-05 18:01:00,302.88922447676356,11.47164225456886,0
2023-01-05 18:02:00,360.2763440585226,14.014452930777624,0
2023-01-05 18:03:00,344.81825893326953,13.262229560904666,0
2023-01-05 18:04:00,282.15818610714217,11.169811419867202,0
2023-01-05 18:05:00,311.90733973179726,12.960222116238393,0
2023-01-05 18:06:00,339.5825618598968,12.515551882263157,0
2023-01-05 18:07:00,369.16882205519227,12.145059191553491,0
2023-01-05 18:08:00,321.288659171854,12.640746712884424,0
2023-01-05 18:09:00,347.1514006361775,11.437386131687836,0
2023-01-05 18:10:00,208.98871780080012,12.492494455763783,0
2023-01-05 18:11:00,256.1767065148881,13.483174334343603,0
2023-01-05 18:12:00,268.6343787054247,11.880776599061607,0
2023-01-05 18:13:00,335.8631309679173,13.06362069059798,0
2023-01-05 18:14:00,248.39696373312063,11.583474115454448,0
2023-01-05 18:15:00,316.5830886840147,13.907003455297897,0
2023-01-05 18:16:00,302.9451167827976,12.624012210585166,0
2023-01-05 18:17:00,279.3108869604425,14.097018579151126,0
2023-01-05 18:18:00,272.8690577535451,12.363316653878423,0
2023-01-05 18:19:00,355.3708326071051,9.744519962324004,0
2023-01-05 18:20:00,332.7974729784179,12.51157673995554,0
2023-01-05 18:21:00,247.7043490494232,12.657941518011446,0
2023-01-05 18:22:00,183.77660088472476,11.208644943261987,0
2023-01-05 18:23:00,334.6390334706295,12.697160968763338,0
2023-01-05 18:24:00,283.42660319567955,14.247033610264095,0
2023-01-05 18:25:00,236.8663845254459,12.304517007714297,0
2023-01-05 18:26:00,365.02758499702225,13.254352312998655,0
2023-01-05 18:27:00,327.533785946193,12.302930048776462,0
2023-01-05 18:28:00,260.0163115130827,11.449808089210764,0
2023-01-05 18:29:00,216.6668497777325,11.944941767604949,0
2023-01-05 18:30:00,263.323156717108,13.265413957716543,0
2023-01-05 18:31:00,380.1574071653954,12.601527528077463,0
2023-01-05 18:32:00,313.01726818141327,11.4442274511889,0
2023-01-05 18:33:00,266.15243422357264,11.130553705668747,0
2023-01-05 18:34:00,242.25660227108094,14.643907088510609,0
2023-01-05 18:35:00,286.1531869795745,12.109121030138143,0
2023-01-05 18:36:00,223.6582897465106,12.757132365585896,0
2023-01-05 18:37:00,272.52871007797864,13.209604670126962,0
2023-01-05 18:38:00,284.87713191312673,12.285551045105843,0
2023-01-05 18:39:00,264.703807888043,12.624462746075254,0
2023-01-05 18:40:00,376.90246939297714,12.396038677349305,0
2023-01-05 18:41:00,260.42717621067095,13.359000144189316,0
2023-01-05 18:42:00,232.58686015734452,12.303714470091837,0
2023-01-05 18:43:00,358.6574606920218,13.518646241996926,0
2023-01-05 18:44:00,296.5207810741422,12.878391125421095,0
2023-01-05 18:45:00,361.6576439544908,11.368179809392533,0
2023-01-05 18:46:00,283.71745805435654,11.577650082758574,0
2023-01-05 18:47:00,254.79261687024774,11.793259378345576,0
2023-01-05 18:48:00,447.77169177041,12.193185308255641,0
2023-01-05 18:49:00,386.0708389112219,12.988030060255175,0
2023-01-05 18:50:00,272.55631637793863,12.736411414352519,0
2023-01-05 18:51:00,317.2154114458864,11.403609202197762,0
2023-01-05 18:52:00,323.43833944290446,12.888391835921333,0
2023-01-05 18:53:00,263.64458745045914,10.411212295931104,0
2023-01-05 18:54:00,372.21246812146296,12.536721044779162,0
2023-01-05 18:55:00,312.1953071147332,11.999123328713669,0
2023-01-05 18:56:00,271.551259841404,13.442400010600522,0
2023-01-05 18:57:00,277.56518601620684,12.401652343837787,0
2023-01-05 18:58:00,338.53057020196155,12.848270441335723,0
2023-01-05 18:59:00,368.8554918223332,10.715222795275809,0
2023-01-05 19:00:00,827.184215051187,11.862497125581358,0
2023-01-05 19:01:00,266.06146086364936,12.466871310929214,0
2023-01-05 19:02:00,351.1280928851662,12.699747574222343,0
2023-01-05 19:03:00,252.81437801326578,13.124460067096114,0
2023-01-05 19:04:00,295.7629734790894,10.948571204192856,0
2023-01-05 19:05:00,356.1267534350234,12.946322399988135,0
2023-01-05 19:06:00,324.1884929838351,11.354993761657695,0
2023-01-05 19:07:00,331.71385693517345,11.860364753641724,0
2023-01-05 19:08:00,260.6453716808183,12.422795655699087,0
2023-01-05 19:09:00,214.64666329208438,11.807094157746162,0
2023-01-05 19:10:00,292.24057261072403,13.00774892080179,0
2023-01-05 19:11:00,377.442190138308,11.981592631744668,0
2023-01-05 19:12:00,231.7327942138662,12.105487725290832,0
2023-01-05 19:13:00,388.7974720557192,11.070346128308335,0
2023-01-05 19:14:00,232.90751447916435,11.6434787309929,0
2023-01-05 19:15:00,241.8900603031197,11.453250338115518,0
2023-01-05 19:16:00,345.4502576752164,11.764651546796756,0
2023-01-05 19:17:00,300.38737891842356,10.884880868174466,0
2023-01-05 19:18:00,267.3166012564271,11.414890466853056,0
2023-01-05 19:19:00,286.6493517679197,13.047477215925444,0
2023-01-05 19:20:00,249.53160152372152,11.176407297281628,0
2023-01-05 19:21:00,305.9711232216216,12.476147549923772,0
2023-01-05 19:22:00,334.9893458270383,10.928117705959755,0
2023-01-05 19:23:00,343.39604287874465,12.07214595688488,0
2023-01-05 19:24:00,265.22231648162494,11.275286371607972,0
2023-01-05 19:25:00,304.7708569080406,11.139617633599812,0
2023-01-05 19:26:00,405.6784390001902,12.167458650963798,0
2023-01-05 19:27:00,333.07000767844767,11.905849954981136,0
2023-01-05 19:28:00,320.40223396511857,13.51400766575942,0
2023-01-05 19:29:00,337.30994873712586,9.753280781211863,0
2023-01-05 19:30:00,427.14163820256925,11.805228118123715,0
2023-01-05 19:31:00,357.0109529283822,12.245107491233767,0
2023-01-05 19:32:00,289.15870932829233,12.502205213188713,0
2023-01-05 19:33:00,295.5453052110748,12.311850100287659,0
2023-01-05 19:34:00,299.78060470161444,14.00456574398415,0
2023-01-05 19:35:00,217.97677002757604,12.14953480343484,0
2023-01-05 19:36:00,329.63792691048775,11.873867697003481,0
2023-01-05 19:37:00,279.36918405968606,12.828497575809735,0
2023-01-05 19:38:00,284.47214932969564,12.85156999863097,0
2023-01-05 19:39:00,379.8704931859187,11.551532451892216,0
2023-01-05 19:40:00,297.616855338353,10.594738643790716,0
2023-01-05 19:41:00,368.3022517555738,10.53723415624539,0
2023-01-05 19:42:00,296.59755558851253,11.0373951413714,0
2023-01-05 19:43:00,290.6407881042131,10.226223062371336,0
2023-01-05 19:44:00,206.46935288281452,12.547501251226498,0
2023-01-05 19:45:00,391.2942705040686,11.048493939511163,0
2023-01-05 19:46:00,335.6566689473264,13.95703315531798,0
2023-01-05 19:47:00,271.51522715835404,11.193811151766784,0
2023-01-05 19:48:00,382.11850634413094,12.847469251394768,0
2023-01-05 19:49:00,340.25668021481084,12.16911673798982,0
2023-01-05 19:50:00,337.27405044875735,10.851906476182466,0
2023-01-05 19:51:00,336.08144681789304,13.176128814940487,0
2023-01-05 19:52:00,247.64727228852533,12.993410790892096,0
2023-01-05 19:53:00,382.43956054337514,13.319648482463899,0
2023-01-05 19:54:00,262.02634773762003,10.843734496592296,0
2023-01-05 19:55:00,336.2594714081699,12.338466508488679,0
2023-01-05 19:56:00,271.0314906862575,12.807116953932018,0
2023-01-05 19:57:00,335.86050320792765,11.559989287110167,0
2023-01-05 19:58:00,371.6242270650322,11.844382060039514,0
2023-01-05 19:59:00,327.7017187818356,13.911462193534753,0
2023-01-05 20:00:00,383.46988444826985,11.05756768549589,0
2023-01-05 20:01:00,350.9951411481996,10.24231913344249,0
2023-01-05 20:02:00,404.94002359037336,13.396565928054804,0
2023-01-05 20:03:00,281.5709279971852,12.903915712193363,0
2023-01-05 20:04:00,350.4816444180995,10.001544882155333,0
2023-01-05 20:05:00,348.34679275097665,14.83496518837412,0
2023-01-05 20:06:00,298.9277351576074,11.240180759893974,0
2023-01-05 20:07:00,385.0592032795582,11.917813030047077,0
2023-01-05 20:08:00,374.14830107654535,12.61470126810263,0
2023-01-05 20:09:00,291.1882454461101,12.098251838556967,0
2023-01-05 20:10:00,336.43449497535573,11.589947542486396,0
2023-01-05 20:11:00,257.77021822323525,12.271483284070301,0
2023-01-05 20:12:00,366.3521376834424,11.916552193385803,0
2023-01-05 20:13:00,337.729619289074,12.594669387886093,0
2023-01-05 20:14:00,332.4784072033837,12.728568046170817,0
2023-01-05 20:15:00,415.42779743578427,12.331062044149016,0
2023-01-05 20:16:00,400.82394446657514,12.07305400979841,0
2023-01-05 20:17:00,404.5892184114144,10.008591959611454,0
2023-01-05 20:18:00,321.92191499414736,12.182839405968318,0
2023-01-05 20:19:00,314.51988663148074,11.970716379699551,0
2023-01-05 20:20:00,303.3761978351371,13.63639055002384,0
2023-01-05 20:21:00,275.3422423236586,11.016140461955343,0
2023-01-05 20:22:00,330.3072510204901,11.570006823831338,0
2023-01-05 20:23:00,324.08665347975483,11.305622219091044,0
2023-01-05 20:24:00,396.54988276314725,10.862065799860298,0
2023-01-05 20:25:00,297.67399088099955,11.117356150861129,0
2023-01-05 20:26:00,362.749957209445,10.024757861454237,0
2023-01-05 20:27:00,256.53415873984943,10.967739997196885,0
2023-01-05 20:28:00,308.1077245967655,11.187326873673024,0
2023-01-05 20:29:00,356.5383923212859,11.770332416861507,0
2023-01-05 20:30:00,340.6659932650788,11.230875686005746,0
2023-01-05 20:31:00,295.6249930779077,10.512036895612619,0
2023-01-05 20:32:00,323.60757226867946,10.50038390784349,0
2023-01-05 20:33:00,360.49710254816557,13.274555509728712,0
2023-01-05 20:34:00,306.06897275041,12.00579578214499,0
2023-01-05 20:35:00,370.78277662507065,11.752665263224033,0
2023-01-05 20:36:00,351.08366804816643,11.01057754940558,0
2023-01-05 20:37:00,234.29126232564505,11.219831268857096,0
2023-01-05 20:38:00,349.85519014187605,13.29449627424338,0
2023-01-05 20:39:00,395.88480374771,10.09209897794671,0
2023-01-05 20:40:00,873.8247904932173,8.399499699831502,0
2023-01-05 20:41:00,279.8925495210076,12.302589945199738,0
2023-01-05 20:42:00,291.9464190308587,10.819097373330163,0
2023-01-05 20:43:00,401.54656838569883,10.655160061240556,0
2023-01-05 20:44:00,353.97589963572585,11.66285741364979,0
2023-01-05 20:45:00,341.173297723588,13.382975026341299,0
2023-01-05 20:46:00,364.25786114673707,10.955899834344052,0
2023-01-05 20:47:00,275.15271456930736,12.617180765733904,0
2023-01-05 20:48:00,373.12488367199626,10.080949649341225,0
2023-01-05 20:49:00,395.79116697548284,11.655690738528536,0
2023-01-05 20:50:00,395.11363744653664,13.891809339950797,0
2023-01-05 20:51:00,366.5370256422258,9.283785306022391,0
2023-01-05 20:52:00,321.8954245898883,11.793690574393638,0
2023-01-05 20:53:00,342.6881766490418,12.762612989834649,0
2023-01-05 20:54:00,309.27550047669087,10.932430610523081,0
2023-01-05 20:55:00,320.7778030608986,10.232090012636153,0
2023-01-05 20:56:00,405.58163067086144,11.613968195764068,0
2023-01-05 20:57:00,348.20321694281245,12.478967379189017,0
2023-01-05 20:58:00,417.8972268240824,10.748254792757796,0
2023-01-05 20:59:00,321.76640111748236,11.523434878743696,0
2023-01-05 21:00:00,274.39732307666293,11.132572048583457,0
2023-01-05 21:01:00,290.71024752466724,11.448869501794594,0
2023-01-05 21:02:00,406.27520964408546,11.408677567330953,0
2023-01-05 21:03:00,446.2949026204374,11.114129655471181,0
2023-01-05 21:04:00,451.6890939653086,11.947665647628442,0
2023-01-05 21:05:00,424.02650241592545,11.619536186342744,0
2023-01-05 21:06:00,298.9161823161386,11.305012216430006,0
2023-01-05 21:07:00,318.12765780443823,10.283021566086973,0
2023-01-05 21:08:00,349.76346125778645,12.01799591367025,0
2023-01-05 21:09:00,325.68277849429006,9.7428425546523,0
2023-01-05 21:10:00,372.75393365785266,12.18825745226574,0
2023-01-05 21:11:00,295.6541230779733,12.577816104158313,0
2023-01-05 21:12:00,360.45868778539585,12.026193877922829,0
2023-01-05 21:13:00,339.8631190166388,11.523810609086393,0
2023-01-05 21:14:00,366.7678950817617,11.548851055871346,0
2023-01-05 21:15:00,422.9644713179975,11.877598382830728,0
2023-01-05 21:16:00,390.1655993454235,11.53923197373594,0
2023-01-05 21:17:00,335.6597713541298,10.135871069539627,0
2023-01-05 21:18:00,366.9416741381639,11.425060929055666,0
2023-01-05 21:19:00,321.59372718658454,11.298693167233486,0
2023-01-05 21:20:00,432.958889985617,10.492130822589704,0
2023-01-05 21:21:00,397.55954942143154,12.486812370139047,0
2023-01-05 21:22:00,449.1967217107626,10.646967601262237,0
2023-01-05 21:23:00,382.37023436419014,10.407236753732317,0
2023-01-05 21:24:00,365.6421684920639,11.347207766230282,0
2023-01-05 21:25:00,342.4590458466557,12.245277044418296,0
2023-01-05 21:26:00,271.15148647557913,10.882637272537469,0
2023-01-05 21:27:00,366.26539195842037,11.474962679646502,0
2023-01-05 21:28:00,399.1848594899736,9.267401141128804,0
2023-01-05 21:29:00,365.6880006951517,13.279289046521708,0
2023-01-05 21:30:00,395.2320485554515,11.374252223738553,0
2023-01-05 21:31:00,444.4851210579659,12.041777039346107,0
2023-01-05 21:32:00,373.34794127247636,12.785765951746162,0
2023-01-05 21:33:00,434.53521527487544,10.408175002852985,0
2023-01-05 21:34:00,377.4343287519917,12.595589900562903,0
2023-01-05 21:35:00,326.2858439504836,9.766503292164032,0
2023-01-05 21:36:00,273.4076216951189,9.028140503273644,0
2023-01-05 21:37:00,331.1876869530096,9.269074051455416,0
2023-01-05 21:38:00,331.83454715800104,9.845692848953178,0
2023-01-05 21:39:00,416.1826524593981,11.083800617540332,0
2023-01-05 21:40:00,394.50225934677064,9.93343235889344,0
2023-01-05 21:41:00,368.1720500661679,9.521779885625806,0
2023-01-05 21:42:00,327.8931468620401,9.98933986071107,0
2023-01-05 21:43:00,372.28941761040113,11.10074593799139,0
2023-01-05 21:44:00,366.061105328492,12.117662083839797,0
2023-01-05 21:45:00,357.5117278190632,9.537232986033874,0
2023-01-05 21:46:00,358.9428862231266,11.095648117639106,0
2023-01-05 21:47:00,335.13319775255394,11.804433796009013,0
2023-01-05 21:48:00,331.83928461690556,12.394567078430681,0
2023-01-05 21:49:00,451.5235972670755,8.51847260030056,0
2023-01-05 21:50:00,391.5933908737718,10.76083312106759,0
2023-01-05 21:51:00,359.32607105096275,10.84871427803098,0
2023-01-05 21:52:00,454.2798227685681,10.159315329555945,0
2023-01-05 21:53:00,368.7856923089782,11.040558083087719,0
2023-01-05 21:54:00,372.5783752229061,10.965536758971759,0
2023-01-05 21:55:00,426.25485116139987,10.760220419008276,0
2023-01-05 21:56:00,406.15609665244295,11.181586263339938,0
2023-01-05 21:57:00,439.7155535975197,12.164561520201925,0
2023-01-05 21:58:00,409.74488789745493,10.35164329688368,0
2023-01-05 21:59:00,384.7437630288577,12.108882722121653,0
2023-01-05 22:00:00,398.9318071104209,9.780122985999816,0
2023-01-05 22:01:00,393.94677379218194,11.650983059330533,0
2023-01-05 22:02:00,437.39643592538073,9.732050621895723,0
2023-01-05 22:03:00,338.69758280257173,12.153084530274281,0
2023-01-05 22:04:00,313.0098870715551,11.99295409974841,0
2023-01-05 22:05:00,410.3050341709182,10.616814280607304,0
2023-01-05 22:06:00,408.8240575286474,8.957350312392734,0
2023-01-05 22:07:00,442.94965863625305,12.856717115840784,0
2023-01-05 22:08:00,541.8840896962479,9.835834041466203,0
2023-01-05 22:09:00,376.76542799999146,10.04390680694395,0
2023-01-05 22:10:00,401.3594043173303,11.601538174352743,0
2023-01-05 22:11:00,441.72094433941163,12.12398168066796,0
2023-01-05 22:12:00,403.8303027155866,10.188038419002275,0
2023-01-05 22:13:00,445.7968448998854,12.02489895930451,0
2023-01-05 22:14:00,418.66405298494647,12.981083718035826,0
2023-01-05 22:15:00,350.371676204526,11.251922074627231,0
2023-01-05 22:16:00,349.1872814520095,11.371909040673684,0
2023-01-05 22:17:00,444.40500729598494,10.344868000579803,0
2023-01-05 22:18:00,518.1101141230191,12.6535521422741,0
2023-01-05 22:19:00,420.12379938615305,12.607570791980173,0
2023-01-05 22:20:00,898.6961496884501,10.308796701984454,0
2023-01-05 22:21:00,379.75063917688675,11.66734422536281,0
2023-01-05 22:22:00,527.4634373441052,7.602533457396717,0
2023-01-05 22:23:00,459.0069584010754,11.340531051668528,0
2023-01-05 22:24:00,373.3701407616689,11.595662049408196,0
2023-01-05 22:25:00,427.6534384596523,11.00995489283671,0
2023-01-05 22:26:00,390.63425628832897,11.667922705170765,0
2023-01-05 22:27:00,415.37652364108175,9.301501077166222,0
2023-01-05 22:28:00,369.27887494333766,11.517540139045831,0
2023-01-05 22:29:00,452.40886166455925,10.645671108381677,0
2023-01-05 22:30:00,397.0550367765916,10.809153806718726,0
2023-01-05 22:31:00,399.02646695910056,10.232673116267103,0
2023-01-05 22:32:00,447.6551441364338,10.876016130519659,0
2023-01-05 22:33:00,491.75393022878677,11.617852646928332,0
2023-01-05 22:34:00,427.1329845127304,12.994925020062457,0
2023-01-05 22:35:00,392.57892718633286,12.114946300070486,0
2023-01-05 22:36:00,370.4540804381826,11.606135471449944,0
2023-01-05 22:37:00,353.6564426482446,12.165681132098083,0
2023-01-05 22:38:00,479.293352883745,10.13737749718717,0
2023-01-05 22:39:00,377.0171136836791,10.822244272778102,0
2023-01-05 22:40:00,371.937992839798,11.275675180158439,0
2023-01-05 22:41:00,429.3329156734875,11.23494982969549,0
2023-01-05 22:42:00,453.04120048353917,10.40055774873135,0
2023-01-05 22:43:00,497.71708568706384,12.066097813161505,0
2023-01-05 22:44:00,506.14412245632894,11.014213079341072,0
2023-01-05 22:45:00,429.85222162483905,12.549706238171355,0
2023-01-05 22:46:00,403.35210302925617,10.542443380920488,0
2023-01-05 22:47:00,382.07343217051476,11.207333334529139,0
2023-01-05 22:48:00,385.89599170874845,11.602149378735046,0
2023-01-05 22:49:00,400.5520814104648,11.694952958415383,0
2023-01-05 22:50:00,528.9374768368373,10.972684525519563,0
2023-01-05 22:51:00,440.1409541658312,11.789253930950357,0
2023-01-05 22:52:00,324.5623543657825,12.79261396388006,0
2023-01-05 22:53:00,519.5498022052692,9.480553717099113,0
2023-01-05 22:54:00,338.5741494143135,11.914795621805425,0
2023-01-05 22:55:00,351.4887428138034,12.031657513528842,0
2023-01-05 22:56:00,495.13467063307655,10.028241011769536,0
2023-01-05 22:57:00,377.1734996713219,11.39593826362266,0
2023-01-05 22:58:00,483.47248132088504,12.886153507085151,0
2023-01-05 22:59:00,426.626251017052,11.663476610561277,0
2023-01-05 23:00:00,481.74023442992086,9.685312582203707,0
2023-01-05 23:01:00,435.39066961685137,11.055558176139112,0
2023-01-05 23:02:00,390.75230198409025,10.215194343436591,0
2023-01-05 23:03:00,525.7621642696188,11.38719537826202,0
2023-01-05 23:04:00,429.482782743735,12.143331184157232,0
2023-01-05 23:05:00,426.7536504039614,11.412676904385775,0
2023-01-05 23:06:00,404.65644670943567,10.930746006107222,0
2023-01-05 23:07:00,438.32824332385803,10.55442007574649,0
2023-01-05 23:08:00,469.18311748712875,11.665872695039006,0
2023-01-05 23:09:00,538.2301398425956,10.474501945624379,0
2023-01-05 23:10:00,376.83972377650167,10.788311484803184,0
2023-01-05 23:11:00,425.34431396902033,10.372868034949363,0
2023-01-05 23:12:00,408.7222966971916,9.866754722693909,0
2023-01-05 23:13:00,428.1667753584761,9.747739378411794,0
2023-01-05 23:14:00,454.8257051233411,11.246236100409888,0
2023-01-05 23:15:00,498.52253183967787,9.63048900088722,0
2023-01-05 23:16:00,468.04260702603204,10.452104240402589,0
2023-01-05 23:17:00,437.0679551077355,9.559763868683785,0
2023-01-05 23:18:00,475.9634742340986,11.561012698011476,0
2023-01-05 23:19:00,415.0280901352985,13.15159049316545,0
2023-01-05 23:20:00,455.39072146112215,10.439865913258194,0
2023-01-05 23:21:00,500.3779067892509,12.95131810115812,0
2023-01-05 23:22:00,527.0957841574508,11.065839647719685,0
2023-01-05 23:23:00,439.41362726318914,11.061679923864038,0
2023-01-05 23:24:00,456.51009998744394,10.862128323115828,0
2023-01-05 23:25:00,535.3805525912976,9.840769879075612,0
2023-01-05 23:26:00,544.3031109805548,11.648437086634987,0
2023-01-05 23:27:00,481.45180919691654,11.995416285333395,0
2023-01-05 23:28:00,515.9623686191046,10.523343300617755,0
2023-01-05 23:29:00,474.6323429935091,10.801535363871409,0
2023-01-05 23:30:00,377.9570886369276,9.647810810656274,0
2023-01-05 23:31:00,604.0077119149286,10.910472053983863,0
2023-01-05 23:32:00,437.46271890934844,11.134224414258677,0
2023-01-05 23:33:00,472.3566059291092,9.427138556565602,0
2023-01-05 23:34:00,569.7916831870425,11.353779223289969,0
2023-01-05 23:35:00,449.8981717012982,9.292024159575655,0
2023-01-05 23:36:00,495.3476801932226,11.510938241335946,0
2023-01-05 23:37:00,427.53816799936294,9.265248996042011,0
2023-01-05 23:38:00,442.7523082016125,10.570949354057667,0
2023-01-05 23:39:00,478.8508862170284,9.740522564892311,0
2023-01-05 23:40:00,428.2795572590233,11.053545669243945,0
2023-01-05 23:41:00,535.6865562914271,12.016263615769322,0
2023-01-05 23:42:00,447.3937712558221,10.07747729704598,0
2023-01-05 23:43:00,523.6584416944113,11.350707853573619,0
2023-01-05 23:44:00,441.8657367781465,13.116536549034876,0
2023-01-05 23:45:00,494.46143605076384,9.748801220782848,0
2023-01-05 23:46:00,496.4788540996787,9.660710754554689,0
2023-01-05 23:47:00,485.51562831509773,10.370082135344122,0
2023-01-05 23:48:00,488.6918307510234,10.28313807568805,0
2023-01-05 23:49:00,521.7193831149416,12.962284818870518,0
2023-01-05 23:50:00,434.5305253456722,10.566391393539558,0
2023-01-05 23:51:00,511.2011259066977,9.966490417199541,0
2023-01-05 23:52:00,507.4251603490437,9.694864613223967,0
2023-01-05 23:53:00,489.43954061708655,13.174868914030165,0
2023-01-05 23:54:00,485.42696152742616,11.325141278436586,0
2023-01-05 23:55:00,438.10188833694104,10.733134559140993,0
2023-01-05 23:56:00,474.10622075943786,12.645493577678437,0
2023-01-05 23:57:00,474.6495777215736,11.697279046131003,0
2023-01-05 23:58:00,406.12034746317124,9.91865072514947,0
2023-01-05 23:59:00,523.2101219470812,10.904005056949297,0
2023-01-06 00:00:00,947.6985763211319,10.703490126560517,0
2023-01-06 00:01:00,435.5103186445297,13.509430239309262,0
2023-01-06 00:02:00,453.2719482215024,11.967123964937148,0
2023-01-06 00:03:00,509.5954201655502,10.828155194372929,0
2023-01-06 00:04:00,514.047625542675,11.421922554582697,0
2023-01-06 00:05:00,419.39591790963516,10.54829161855879,0
2023-01-06 00:06:00,572.3726751259125,9.735182797903517,0
2023-01-06 00:07:00,499.6632813711336,11.300243432046974,0
2023-01-06 00:08:00,494.6715410843004,8.566002219991093,0
2023-01-06 00:09:00,526.5344026289196,8.6224883521188,0
2023-01-06 00:10:00,494.2514023937124,10.541938535185363,0
2023-01-06 00:11:00,501.13479269277843,9.740362543449113,0
2023-01-06 00:12:00,505.0802832139188,12.702350497824604,0
2023-01-06 00:13:00,447.5627063396596,11.754861665570383,0
2023-01-06 00:14:00,517.430436019328,11.169129428442552,0
2023-01-06 00:15:00,540.4779731426729,9.827769644414811,0
2023-01-06 00:16:00,430.8782154350822,12.528837893405791,0
2023-01-06 00:17:00,525.1084573242473,10.57438964510835,0
2023-01-06 00:18:00,552.6498213122077,10.300835141748601,0
2023-01-06 00:19:00,543.9856849654611,10.680794998645698,0
2023-01-06 00:20:00,467.5526738310996,10.013539360878108,0
2023-01-06 00:21:00,465.29772474501306,10.38258552816962,0
2023-01-06 00:22:00,526.9540089370918,10.969409953114994,0
2023-01-06 00:23:00,535.9694336713961,11.394913962889193,0
2023-01-06 00:24:00,523.249742077882,8.510875797337372,0
2023-01-06 00:25:00,506.0966062466213,9.255644814314518,0
2023-01-06 00:26:00,527.8059231542313,11.086965401745706,0
2023-01-06 00:27:00,543.010915784443,10.775661580071933,0
2023-01-06 00:28:00,413.8367514737631,9.91004249412477,0
2023-01-06 00:29:00,498.34188254009365,10.113194852331558,0
2023-01-06 00:30:00,505.4797045747765,8.403956893485187,0
2023-01-06 00:31:00,516.3324245206613,12.433234750907294,0
2023-01-06 00:32:00,519.8039203825277,11.24173808680883,0
2023-01-06 00:33:00,488.8500794437048,10.10131125306268,0
2023-01-06 00:34:00,475.87734522757336,10.314641922641027,0
2023-01-06 00:35:00,660.3139183965887,10.048138702014072,0
2023-01-06 00:36:00,502.45018701018535,11.303551853792197,0
2023-01-06 00:37:00,572.1002432345474,10.563113000234072,0
2023-01-06 00:38:00,537.6097167446446,12.077336488685246,0
2023-01-06 00:39:00,544.604917802588,12.005564876160424,0
2023-01-06 00:40:00,504.3016813961425,9.79436919470238,0
2023-01-06 00:41:00,578.0061886914993,11.261830833715102,0
2023-01-06 00:42:00,444.2410866907769,9.598462270494148,0
2023-01-06 00:43:00,451.89132769358736,10.266117257729038,0
2023-01-06 00:44:00,587.9545656202828,9.490035095646567,0
2023-01-06 00:45:00,579.2539825404364,10.905537373270173,0
2023-01-06 00:46:00,538.1993730846666,9.306808457432329,0
2023-01-06 00:47:00,564.6721253093078,9.643821541558752,0
2023-01-06 00:48:00,474.0645076536054,9.360647882497448,0
2023-01-06 00:49:00,577.7442556692014,12.319074839373744,0
2023-01-06 00:50:00,505.9394213638328,9.164951759206406,0
2023-01-06 00:51:00,539.2879757610367,10.416092711746737,0
2023-01-06 00:52:00,616.221917002613,11.03268106927522,0
2023-01-06 00:53:00,535.1983772110209,10.106486072302918,0
2023-01-06 00:54:00,597.2605286518304,10.833399497070873,0
2023-01-06 00:55:00,524.690122088665,10.880048174284353,0
2023-01-06 00:56:00,556.0046005117298,9.124301920725902,0
2023-01-06 00:57:00,546.1775778408006,10.61219651907671,0
2023-01-06 00:58:00,563.0965281280866,10.96775343418113,0
2023-01-06 00:59:00,510.14377821583753,11.893466787943984,0
2023-01-06 01:00:00,596.8986726293081,9.061677831557288,0
2023-01-06 01:01:00,614.2222546678086,11.177370114725829,0
2023-01-06 01:02:00,469.52262073221175,10.807568573641968,0
2023-01-06 01:03:00,547.910251672,12.007846891685755,0
2023-01-06 01:04:00,588.8868976365122,10.963428119177335,0
2023-01-06 01:05:00,551.1676788752637,10.659514520038885,0
2023-01-06 01:06:00,628.7431491039395,11.023370841142349,0
2023-01-06 01:07:00,577.4940387709179,9.630695651986764,0
2023-01-06 01:08:00,507.36628782077713,8.141688732575204,0
2023-01-06 01:09:00,586.4738874847808,10.318744089370261,0
2023-01-06 01:10:00,448.7211801233648,10.875437822956142,0
2023-01-06 01:11:00,543.330538609546,9.570191151184687,0
2023-01-06 01:12:00,578.0033055098462,10.504565635990172,0
2023-01-06 01:13:00,516.9074377704164,9.890316096029293,0
2023-01-06 01:14:00,506.37688638550543,10.001186142396453,0
2023-01-06 01:15:00,601.9691919822646,10.261169391994951,0
2023-01-06 01:16:00,547.3005853525999,8.877417236366435,0
2023-01-06 01:17:00,522.2996621569686,10.366862667668306,0
2023-01-06 01:18:00,587.7354528392104,8.989732840186452,0
2023-01-06 01:19:00,494.37119406666915,11.781270582457656,0
2023-01-06 01:20:00,599.5431267276495,9.664484283732754,0
2023-01-06 01:21:00,623.2434883400481,9.653251947027766,0
2023-01-06 01:22:00,548.7439588865581,10.029311557003005,0
2023-01-06 01:23:00,659.0298203407353,10.362613542052543,0
2023-01-06 01:24:00,566.6136378698415,11.125331566097113,0
2023-01-06 01:25:00,536.0988954232027,12.312688821745866,0
2023-01-06 01:26:00,706.6481233030424,10.553274307461589,0
2023-01-06 01:27:00,531.3599757303817,9.878671892377195,0
2023-01-06 01:28:00,606.6452866953298,9.765147261644696,0
2023-01-06 01:29:00,638.5483880640154,10.061322413961511,0
2023-01-06 01:30:00,591.2579747790836,10.502463719569171,0
2023-01-06 01:31:00,508.7247740357809,9.974586552329002,0
2023-01-06 01:32:00,677.4857214866963,10.001730599460837,0
2023-01-06 01:33:00,542.5632245209632,11.599567047214668,0
2023-01-06 01:34:00,588.4525369528294,8.832990965192213,0
2023-01-06 01:35:00,627.57404265567,10.55615236261831,0
2023-01-06 01:36:00,619.9960649975053,9.559029707376316,0
2023-01-06 01:37:00,584.7085035358182,10.088201299687139,0
2023-01-06 01:38:00,606.9737621781969,9.132194356260186,0
2023-01-06 01:39:00,575.5795874524998,10.928789227350487,0
2023-01-06 01:40:00,1039.905621053832,10.652892683857749,0
2023-01-06 01:41:00,622.0676552811595,10.876051585016784,0
2023-01-06 01:42:00,598.7247697810508,10.455768524913944,0
2023-01-06 01:43:00,552.3210343591129,10.850487245012062,0
2023-01-06 01:44:00,543.0631882733512,11.015234631066717,0
2023-01-06 01:45:00,617.1288424810386,8.207230327750716,0
2023-01-06 01:46:00,631.8699319423939,9.69920665143579,0
2023-01-06 01:47:00,619.2471987749857,7.46649772582293,0
2023-01-06 01:48:00,640.7401528105103,9.694623983359742,0
2023-01-06 01:49:00,617.9919271105172,10.376805070198923,0
2023-01-06 01:50:00,631.9335469011095,10.275038434571561,0
2023-01-06 01:51:00,630.9681344100314,10.917621175146355,0
2023-01-06 01:52:00,612.6184021957134,9.463997305372272,0
2023-01-06 01:53:00,584.3145931536785,11.195854521244737,0
2023-01-06 01:54:00,614.7353131912673,7.982905250417399,0
2023-01-06 01:55:00,575.3222667564264,11.872557046099507,0
2023-01-06 01:56:00,589.5505871225769,10.44584813434985,0
2023-01-06 01:57:00,592.3082378698223,10.861718991720917,0
2023-01-06 01:58:00,644.9165955526965,12.165551328532318,0
2023-01-06 01:59:00,557.7510694746563,9.755032274426435,0
2023-01-06 02:00:00,604.4483604501413,9.359660761812684,0
2023-01-06 02:01:00,555.5644714469138,11.572505074692774,0
2023-01-06 02:02:00,613.8011626948334,10.101280378451214,0
2023-01-06 02:03:00,749.1260559510708,9.41011676550187,0
2023-01-06 02:04:00,586.2466294202528,11.797534033125055,0
2023-01-06 02:05:00,546.2673447991624,11.238294388840115,0
2023-01-06 02:06:00,632.1372434304847,9.96400047098444,0
2023-01-06 02:07:00,597.6887911666861,10.429168819066357,0
2023-01-06 02:08:00,622.2585492332307,9.820824990119243,0
2023-01-06 02:09:00,601.166870825858,8.276081491557997,0
2023-01-06 02:10:00,584.2568331633789,10.175541810455693,0
2023-01-06 02:11:00,554.5010407947452,11.272541763737522,0
2023-01-06 02:12:00,646.5024026154008,10.308737226154877,0
2023-01-06 02:13:00,647.7470902736177,9.868304353736978,0
2023-01-06 02:14:00,626.0054073778416,11.400133362764457,0
2023-01-06 02:15:00,566.0998749961483,11.243984284375538,0
2023-01-06 02:16:00,550.6446627788097,11.487595478976527,0
2023-01-06 02:17:00,580.9762796153136,9.64658797538636,0
2023-01-06 02:18:00,619.1850217009799,10.227364734807844,0
2023-01-06 02:19:00,613.6643878960436,10.435896180249195,0
2023-01-06 02:20:00,702.4018221780942,11.001529325446619,0
2023-01-06 02:21:00,638.0966319456943,10.457092016317171,0
2023-01-06 02:22:00,582.6174801459748,10.234420360767597,0
2023-01-06 02:23:00,552.8738696461326,10.959526153892384,0
2023-01-06 02:24:00,633.895175345002,9.051256593555681,0
2023-01-06 02:25:00,659.4353100612162,12.407409012595188,0
2023-01-06 02:26:00,654.4350571130913,10.078396551422612,0
2023-01-06 02:27:00,681.0018575393582,10.762399700744291,0
2023-01-06 02:28:00,575.3635070762705,9.819056348610138,0
2023-01-06 02:29:00,621.4408940784956,9.379196334003538,0
2023-01-06 02:30:00,614.3170975730264,11.294312328841992,0
2023-01-06 02:31:00,581.6086294827,12.027140734684666,0
2023-01-06 02:32:00,638.0008351118362,10.56368480548753,0
2023-01-06 02:33:00,637.9464550119797,8.636299178611516,0
2023-01-06 02:34:00,580.4166155966311,8.742810063971765,0
2023-01-06 02:35:00,567.1265306635444,8.95969578817881,0
2023-01-06 02:36:00,621.0073818638538,10.110191436748906,0
2023-01-06 02:37:00,689.0580221997133,10.062657566903525,0
2023-01-06 02:38:00,556.2653819086082,10.682942176666655,0
2023-01-06 02:39:00,721.4170272937374,10.832501532784367,0
2023-01-06 02:40:00,639.100622741366,10.870384398329227,0
2023-01-06 02:41:00,573.7621681310803,9.00926437937946,0
2023-01-06 02:42:00,616.335079687825,10.774220615347176,0
2023-01-06 02:43:00,566.9624117168123,10.554888001046265,0
2023-01-06 02:44:00,650.7476720435634,11.472069591117299,0
2023-01-06 02:45:00,659.8604742948914,10.171551247912543,0
2023-01-06 02:46:00,632.8461714006188,9.126830198314984,0
2023-01-06 02:47:00,634.8017214583906,9.996200351651872,0
2023-01-06 02:48:00,592.9236567094549,9.82705383458004,0
2023-01-06 02:49:00,626.3708453176437,10.697969812600363,0
2023-01-06 02:50:00,615.7267653406319,9.801946194024909,0
2023-01-06 02:51:00,651.0517411612414,10.784920384397186,0
2023-01-06 02:52:00,594.2330801985345,10.272447823380027,0
2023-01-06 02:53:00,657.827090755583,9.388511614426323,0
2023-01-06 02:54:00,664.0137004063934,9.895655512252391,0
2023-01-06 02:55:00,613.7500296676649,11.745249195513548,0
2023-01-06 02:56:00,768.427149756946,10.412100999015792,0
2023-01-06 02:57:00,677.3276385667276,8.419566249932611,0
2023-01-06 02:58:00,672.4984329042305,10.780747019026613,0
2023-01-06 02:59:00,612.2958494996077,9.22527408757089,0
2023-01-06 03:00:00,621.3310937344218,10.970480341617154,0
2023-01-06 03:01:00,598.4681889969486,9.228922244539968,0
2023-01-06 03:02:00,682.678309125251,11.529205191447211,0
2023-01-06 03:03:00,641.7970149727652,11.270637936962455,0
2023-01-06 03:04:00,647.6011390514062,9.938802222928048,0
2023-01-06 03:05:00,758.9729198934158,9.769428835691063,0
2023-01-06 03:06:00,682.924884658401,11.186010332602843,0
2023-01-06 03:07:00,645.9851478671868,10.502266599140235,0
2023-01-06 03:08:00,625.8416637956732,9.43137135102885,0
2023-01-06 03:09:00,619.1684317948562,9.383473519606868,0
2023-01-06 03:10:00,653.5776564062808,9.520904825870021,0
2023-01-06 03:11:00,557.7275541460345,10.572123176869923,0
2023-01-06 03:12:00,644.7164329819668,10.23235717693127,0
2023-01-06 03:13:00,633.5848095808337,9.86024349413744,0
2023-01-06 03:14:00,578.0648399373684,10.8405824940943,0
2023-01-06 03:15:00,600.0405472612127,8.839115181264882,0
2023-01-06 03:16:00,621.9459301054536,9.080165355794641,0
2023-01-06 03:17:00,569.6908210769611,10.708141469639175,0
2023-01-06 03:18:00,573.4160150879779,9.56966347160176,0
2023-01-06 03:19:00,598.6030598653449,9.846991033679474,0
2023-01-06 03:20:00,1132.1656321910882,10.681689887109371,0
2023-01-06 03:21:00,649.0512004208849,10.92439791670392,0
2023-01-06 03:22:00,633.9603848247259,8.073152305049515,0
2023-01-06 03:23:00,543.2113290552893,10.314715033179441,0
2023-01-06 03:24:00,543.1000497260841,9.816595973027052,0
2023-01-06 03:25:00,709.4941340555405,11.411006335541595,0
2023-01-06 03:26:00,698.9510985393142,10.943291324662093,0
2023-01-06 03:27:00,692.6670005199165,8.998758614326373,0
2023-01-06 03:28:00,701.4716021003684,10.485444790447051,0
2023-01-06 03:29:00,658.3754477381808,9.313617091308538,0
2023-01-06 03:30:00,706.9671947020298,10.709621945915586,0
2023-01-06 03:31:00,613.3446193775858,11.725936854185784,0
2023-01-06 03:32:00,578.5710456172856,8.701343847843152,0
2023-01-06 03:33:00,654.4835029798188,11.204010343655607,0
2023-01-06 03:34:00,724.74423041482,9.969384015138086,0
2023-01-06 03:35:00,733.5619465463432,10.192103442219917,0
2023-01-06 03:36:00,603.5943363623682,10.61954643530678,0
2023-01-06 03:37:00,632.3638010814458,10.81208291771265,0
2023-01-06 03:38:00,678.8660096348868,9.851160052447295,0
2023-01-06 03:39:00,780.7325000627344,8.89950187568288,0
2023-01-06 03:40:00,665.5963166926225,10.45007430346744,0
2023-01-06 03:41:00,632.679771914706,10.2901885743821,0
2023-01-06 03:42:00,723.2506588192161,8.736786531628413,0
2023-01-06 03:43:00,624.5785305972566,9.513906834287278,0
2023-01-06 03:44:00,708.5788716386256,10.38332811679765,0
2023-01-06 03:45:00,693.6532607059562,9.013551221742842,0
2023-01-06 03:46:00,612.8768978462783,10.857858337883851,0
2023-01-06 03:47:00,717.3052914581696,10.432007298528331,0
2023-01-06 03:48:00,669.6408175152695,9.391027724142548,0
2023-01-06 03:49:00,661.8536829230105,9.57979020651848,0
2023-01-06 03:50:00,630.8976145305865,12.08282677615716,0
2023-01-06 03:51:00,664.9844680163251,9.118512754574178,0
2023-01-06 03:52:00,684.8922450947235,10.587050845019585,0
2023-01-06 03:53:00,602.5224268170433,10.388195096407367,0
2023-01-06 03:54:00,744.1376795418367,9.352031897026967,0
2023-01-06 03:55:00,630.4488411238665,10.368708900797406,0
2023-01-06 03:56:00,640.8895926741459,10.66272160715582,0
2023-01-06 03:57:00,664.6811079979989,9.10771199013706,0
2023-01-06 03:58:00,695.0627394785798,9.48041105530756,0
2023-01-06 03:59:00,688.9728344140278,9.509793381873688,0
2023-01-06 04:00:00,754.7093647046245,9.752416776600183,0
2023-01-06 04:01:00,662.4598408197188,10.268528737471764,0
2023-01-06 04:02:00,646.1898893985608,8.578783034782584,0
2023-01-06 04:03:00,657.0228897239183,12.256715623641748,0
2023-01-06 04:04:00,616.096715500054,10.525085868597385,0
2023-01-06 04:05:00,741.3196362333211,11.895389394136682,0
2023-01-06 04:06:00,693.6806980867123,9.83394100910351,0
2023-01-06 04:07:00,686.9442386658765,7.567697095078252,0
2023-01-06 04:08:00,612.6124321361722,9.637242393747792,0
2023-01-06 04:09:00,690.0719152560321,11.372192408202224,0
2023-01-06 04:10:00,586.1959741485495,12.031838677646038,0
2023-01-06 04:11:00,626.2124138394471,8.130908044790159,0
2023-01-06 04:12:00,716.2022593913935,10.536725499639765,0
2023-01-06 04:13:00,613.3839727102157,9.371152751882873,0
2023-01-06 04:14:00,666.4942533584446,10.172406007974365,0
2023-01-06 04:15:00,638.9424388982815,11.329616197629356,0
2023-01-06 04:16:00,655.2017272061416,12.270481278438798,0
2023-01-06 04:17:00,746.8140903531269,8.826098352439299,0
2023-01-06 04:18:00,713.8730668087208,11.169263847396197,0
2023-01-06 04:19:00,646.9641045695939,9.786915986163969,0
2023-01-06 04:20:00,693.9488488101084,9.880328547751288,0
2023-01-06 04:21:00,738.5099738276717,10.020986622432728,0
2023-01-06 04:22:00,699.3375057949146,10.348463030798575,0
2023-01-06 04:23:00,741.8742448162434,10.279262821913008,0
2023-01-06 04:24:00,600.4869021259854,9.895025224845517,0
2023-01-06 04:25:00,618.3047964268475,10.22267186043814,0
2023-01-06 04:26:00,655.9841311887294,11.813353967490409,0
2023-01-06 04:27:00,654.8785522510118,8.934244891434432,0
2023-01-06 04:28:00,780.3040458941848,8.103991686461216,0
2023-01-06 04:29:00,671.0440809845045,10.259658231566313,0
2023-01-06 04:30:00,754.6091005613108,10.904713779655708,0
2023-01-06 04:31:00,677.9036825270408,9.159490517297668,0
2023-01-06 04:32:00,656.2383924309383,10.235496006989319,0
2023-01-06 04:33:00,666.8607481200412,10.142871840763917,0
2023-01-06 04:34:00,699.37027150977,9.765355296737066,0
2023-01-06 04:35:00,652.2564540040796,11.144178492222022,0
2023-01-06 04:36:00,713.0799884865384,8.908107857051482,0
2023-01-06 04:37:00,660.537622486826,9.511296394386648,0
2023-01-06 04:38:00,692.2629890288454,9.462184917245697,0
2023-01-06 04:39:00,722.0440904106121,11.136660389132134,0
2023-01-06 04:40:00,612.3217868578736,10.250269964725039,0
2023-01-06 04:41:00,637.5658499461912,10.508907957801892,0
2023-01-06 04:42:00,643.4668215753502,9.951693315889788,0
2023-01-06 04:43:00,658.0939646297218,10.332262745722383,0
2023-01-06 04:44:00,689.3382413832336,10.371979087494797,0
2023-01-06 04:45:00,679.0611432471586,11.20200215999891,0
2023-01-06 04:46:00,579.5636073126757,11.102140520503701,0
2023-01-06 04:47:00,778.8649628860538,9.358976274376936,0
2023-01-06 04:48:00,691.3996565498489,9.673769446066514,0
2023-01-06 04:49:00,647.7751479036446,10.820746075214801,0
2023-01-06 04:50:00,793.8553213069117,10.176358642608504,0
2023-01-06 04:51:00,693.9466005378715,10.380278278438999,0
2023-01-06 04:52:00,638.8787952276043,9.962206480499253,0
2023-01-06 04:53:00,722.6435047645405,11.053169233702521,0
2023-01-06 04:54:00,697.9424981363173,10.486611258381048,0
2023-01-06 04:55:00,737.2173233596395,10.395218695060931,0
2023-01-06 04:56:00,746.7713843983196,11.306475463888455,0
2023-01-06 04:57:00,679.3044712370739,10.331264328034285,0
2023-01-06 04:58:00,600.2345359244661,9.950764798383789,0
2023-01-06 04:59:00,695.3523952966898,10.378153406950366,0
2023-01-06 05:00:00,1234.6817552809125,9.420670353777773,0
2023-01-06 05:01:00,663.1299306169484,10.219786815941951,0
2023-01-06 05:02:00,772.0938529025407,10.141836174057502,0
2023-01-06 05:03:00,681.3623429622136,11.35957794874955,0
2023-01-06 05:04:00,722.0089863444011,10.452387884850666,0
2023-01-06 05:05:00,688.0908461859547,8.895244592000614,0
2023-01-06 05:06:00,736.2995560609836,10.894283832177035,0
2023-01-06 05:07:00,756.8105673597796,10.407642794158363,0
2023-01-06 05:08:00,640.9012712071354,9.253319842339787,0
2023-01-06 05:09:00,703.3576519958177,10.880985931834767,0
2023-01-06 05:10:00,710.6355352759945,8.859915393905775,0
2023-01-06 05:11:00,677.8216006607918,9.504569294722005,0
2023-01-06 05:12:00,683.7099140451392,10.098397223407359,0
2023-01-06 05:13:00,612.5825875935282,10.162119535346879,0
2023-01-06 05:14:00,726.7954816354353,12.549318488652125,0
2023-01-06 05:15:00,640.1438356377616,9.007401905046915,0
2023-01-06 05:16:00,674.1657559265326,11.660942608893889,0
2023-01-06 05:17:00,715.678846513942,9.429779459557759,0
2023-01-06 05:18:00,594.8870603497999,9.39380430845156,0
2023-01-06 05:19:00,652.7537305643266,9.14016721039098,0
2023-01-06 05:20:00,669.703953449368,9.189732795843524,0
2023-01-06 05:21:00,602.4733286769635,10.91466130748443,0
2023-01-06 05:22:00,604.4203738502093,9.904741192977157,0
2023-01-06 05:23:00,814.9549563790731,10.821791313358204,0
2023-01-06 05:24:00,669.47405563949,10.933964791197674,0
2023-01-06 05:25:00,642.9158477653743,10.4995301783942,0
2023-01-06 05:26:00,778.3627515336723,11.153059742343702,0
2023-01-06 05:27:00,702.2326883729479,9.029603637008526,0
2023-01-06 05:28:00,715.8745731215492,9.355831870067437,0
2023-01-06 05:29:00,612.0686773451404,8.09916452221901,0
2023-01-06 05:30:00,656.6782620155295,8.735430940931861,0
2023-01-06 05:31:00,732.0689922208841,9.632260636575047,0
2023-01-06 05:32:00,676.5055975285095,10.016815028091205,0
2023-01-06 05:33:00,711.5998645488427,10.948063189585174,0
2023-01-06 05:34:00,765.1974439384824,11.05921493704524,0
2023-01-06 05:35:00,712.2847032819178,11.991340863693875,0
2023-01-06 05:36:00,678.6906413192987,9.306164776679289,0
2023-01-06 05:37:00,768.9412836442363,10.71719570299348,0
2023-01-06 05:38:00,594.0403272090422,10.57587612054013,0
2023-01-06 05:39:00,703.761632440533,11.66609408826983,0
2023-01-06 05:40:00,707.5163229811805,9.691021884817117,0
2023-01-06 05:41:00,708.7698712648205,10.55296251929716,0
2023-01-06 05:42:00,671.8438501344912,11.002380064405177,0
2023-01-06 05:43:00,737.1743005746109,10.138538267923156,0
2023-01-06 05:44:00,742.3471137102918,9.553724492155592,0
2023-01-06 05:45:00,745.6472014636822,10.492489691079996,0
2023-01-06 05:46:00,591.4931175906896,9.178358994117055,0
2023-01-06 05:47:00,752.4301263985951,10.276300632086114,0
2023-01-06 05:48:00,636.1361490807286,10.676851580492935,0
2023-01-06 05:49:00,738.5238751029841,9.279511992284958,0
2023-01-06 05:50:00,675.8312793322816,10.019713025315633,0
2023-01-06 05:51:00,631.458594327851,10.020993949295448,0
2023-01-06 05:52:00,733.885569148965,10.41721123233335,0
2023-01-06 05:53:00,722.1140314704936,9.676141460967207,0
2023-01-06 05:54:00,747.7606442392492,11.11554587684064,0
2023-01-06 05:55:00,634.0688128723973,11.601869141074166,0
2023-01-06 05:56:00,705.4905132709816,10.221514884573741,0
2023-01-06 05:57:00,690.5538920063015,11.171899070260013,0
2023-01-06 05:58:00,606.4919767063543,8.08944072609824,0
2023-01-06 05:59:00,676.7458031810082,9.836579443229617,0
2023-01-06 06:00:00,661.0560694424186,9.352731374943282,0
2023-01-06 06:01:00,652.3960423472354,8.96988538120405,0
2023-01-06 06:02:00,705.0370450861076,10.347600607795103,0
2023-01-06 06:03:00,772.6863531065968,10.722843804705775,0
2023-01-06 06:04:00,705.1672750110828,9.428859909356031,0
2023-01-06 06:05:00,757.5177888970662,9.39715641876836,0
2023-01-06 06:06:00,759.448134707623,11.969480290102831,0
2023-01-06 06:07:00,688.2266203009684,10.079945022205445,0
2023-01-06 06:08:00,675.2523718267431,10.039344583279023,0
2023-01-06 06:09:00,746.4900289430557,9.44376157680683,0
2023-01-06 06:10:00,704.7336445493358,9.127320193331315,0
2023-01-06 06:11:00,762.1402604312931,10.89346994657716,0
2023-01-06 06:12:00,745.0462717600229,9.52676720978681,0
2023-01-06 06:13:00,619.0692049191247,10.266837549691283,0
2023-01-06 06:14:00,662.8779356758264,10.94727888071585,0
2023-01-06 06:15:00,704.9213136482881,9.306246921123556,0
2023-01-06 06:16:00,638.2499171891848,10.321542102647564,0
2023-01-06 06:17:00,727.7042113696466,9.516276993740325,0
2023-01-06 06:18:00,683.7103831040749,9.845548066294343,0
2023-01-06 06:19:00,690.9814090777031,8.672228645586113,0
2023-01-06 06:20:00,732.3534652767922,10.352794959119064,0
2023-01-06 06:21:00,799.6250239689135,10.324961757831645,0
2023-01-06 06:22:00,594.9203658370831,9.224868298726237,0
2023-01-06 06:23:00,629.0077243790128,10.307790305920365,0
2023-01-06 06:24:00,632.2725207605968,9.82558314054656,0
2023-01-06 06:25:00,671.235535172502,11.115950351425393,0
2023-01-06 06:26:00,701.7843201831125,10.926767452666587,0
2023-01-06 06:27:00,549.9614339855962,10.016055763569115,0
2023-01-06 06:28:00,769.158691147577,9.853540246690146,0
2023-01-06 06:29:00,675.9231825167378,10.239466016931281,0
2023-01-06 06:30:00,693.8435476346965,10.648296227000332,0
2023-01-06 06:31:00,679.4734631421669,10.474365268230999,0
2023-01-06 06:32:00,706.213749199278,9.544898603543244,0
2023-01-06 06:33:00,691.8523374457058,9.244871448760428,0
2023-01-06 06:34:00,734.8278282261329,9.600409591104665,0
2023-01-06 06:35:00,697.5864570044573,9.314675767936837,0
2023-01-06 06:36:00,744.2746070742774,9.74125794075921,0
2023-01-06 06:37:00,689.8468920387172,10.028884142062692,0
2023-01-06 06:38:00,636.53194252199,9.887213295720192,0
2023-01-06 06:39:00,656.2695525074128,10.321880200319114,0
2023-01-06 06:40:00,1143.0871391479882,9.6770212521069,0
2023-01-06 06:41:00,749.1118453370948,9.092084742153789,0
2023-01-06 06:42:00,761.9710641748503,9.63157216485534,0
2023-01-06 06:43:00,655.397133951093,10.616837592774917,0
2023-01-06 06:44:00,691.726009699715,8.38603788513096,0
2023-01-06 06:45:00,756.8778272608442,9.809539603553931,0
2023-01-06 06:46:00,710.6542247597148,10.157055827225447,0
2023-01-06 06:47:00,749.2096686886928,9.270333361069797,0
2023-01-06 06:48:00,656.6146751008665,8.120934348531437,0
2023-01-06 06:49:00,664.8766687960824,10.244083974926015,0
2023-01-06 06:50:00,704.0225681212673,10.586613121717967,0
2023-01-06 06:51:00,759.1947928906421,9.851273637131492,0
2023-01-06 06:52:00,692.3665206541363,8.840664415299257,0
2023-01-06 06:53:00,617.6691660676477,10.186644066963147,0
2023-01-06 06:54:00,702.327450085808,8.618214046183425,0
2023-01-06 06:55:00,669.474152422276,11.212619068305468,0
2023-01-06 06:56:00,643.9478310006108,11.418115433558029,0
2023-01-06 06:57:00,741.4695831288336,9.670033042560032,0
2023-01-06 06:58:00,749.068196773005,11.188108351581288,0
2023-01-06 06:59:00,693.6164574631429,9.067688507118037,0
2023-01-06 07:00:00,706.4792950147473,10.689104030983401,0
2023-01-06 07:01:00,751.8325777512134,9.743637211233683,0
2023-01-06 07:02:00,671.0774188570291,9.592704841402343,0
2023-01-06 07:03:00,609.5935213311229,10.749079298352662,0
2023-01-06 07:04:00,639.0229265163051,10.567818172481067,0
2023-01-06 07:05:00,639.2899805440347,11.108350121588188,0
2023-01-06 07:06:00,717.9034095260223,9.303705135527624,0
2023-01-06 07:07:00,752.537588259914,8.554181159072979,0
2023-01-06 07:08:00,714.6661802843272,9.300251070045821,0
2023-01-06 07:09:00,680.7467860794462,10.389150059751849,0
2023-01-06 07:10:00,691.3835616229326,9.694220768336193,0
2023-01-06 07:11:00,661.7186596756533,9.635274217800651,0
2023-01-06 07:12:00,689.6624801405757,10.009440168255379,0
2023-01-06 07:13:00,631.9734149251047,11.488880537834115,0
2023-01-06 07:14:00,681.3132206362142,8.538932617566552,0
2023-01-06 07:15:00,620.222593074014,10.366811649540546,0
2023-01-06 07:16:00,679.5728945993008,10.982995832729962,0
2023-01-06 07:17:00,624.9137958015867,9.808684661950373,0
2023-01-06 07:18:00,660.5359707716274,9.438325940977949,0
2023-01-06 07:19:00,657.3354550459667,10.128121989932868,0
2023-01-06 07:20:00,762.591966912863,10.81969168597512,0
2023-01-06 07:21:00,733.475101647958,11.214845335022787,0
2023-01-06 07:22:00,727.8383913817368,9.875336663286967,0
2023-01-06 07:23:00,598.23450668886,8.274561199412531,0
2023-01-06 07:24:00,706.8065337604144,10.800721012779835,0
2023-01-06 07:25:00,678.5424561674324,11.185525890553704,0
2023-01-06 07:26:00,732.5775704637848,9.620141452106056,0
2023-01-06 07:27:00,691.7897517729116,8.727517718683355,0
2023-01-06 07:28:00,578.4812357634544,10.618605721538774,0
2023-01-06 07:29:00,719.8040800109903,11.316429831810787,0
2023-01-06 07:30:00,725.709148032653,9.587197177646807,0
2023-01-06 07:31:00,690.4559387885212,10.24583047685891,0
2023-01-06 07:32:00,723.152007882247,9.966733705641037,0
2023-01-06 07:33:00,764.1611569133677,9.451083937663016,0
2023-01-06 07:34:00,672.6121953530064,10.165314577857565,0
2023-01-06 07:35:00,654.0602534426318,11.391904878182496,0
2023-01-06 07:36:00,639.9185952950986,10.670974157826555,0
2023-01-06 07:37:00,749.0078618491852,8.872774646465803,0
2023-01-06 07:38:00,719.1595136927814,10.264751077480414,0
2023-01-06 07:39:00,667.2028973234247,8.996979921240332,0
2023-01-06 07:40:00,704.1175775358918,9.838015892104783,0
2023-01-06 07:41:00,715.4281821144978,9.776628741768253,0
2023-01-06 07:42:00,683.7881590437236,9.736553561571077,0
2023-01-06 07:43:00,674.8260192835725,10.537653274805608,0
2023-01-06 07:44:00,708.5134890425626,10.204159008748016,0
2023-01-06 07:45:00,666.221323462351,9.036501522192387,0
2023-01-06 07:46:00,753.3272400871555,10.612492751200868,0
2023-01-06 07:47:00,640.6382999465437,9.213840304856749,0
2023-01-06 07:48:00,614.9485138171576,9.225493854923684,0
2023-01-06 07:49:00,649.6655053487896,11.120507652229842,0
2023-01-06 07:50:00,619.0461715659279,8.777640306030671,0
2023-01-06 07:51:00,640.2866142924197,10.913871986399014,0
2023-01-06 07:52:00,675.8912515460352,10.183014379690174,0
2023-01-06 07:53:00,663.6907036307099,10.287879413904674,0
2023-01-06 07:54:00,677.6173157507794,10.5878798219522,0
2023-01-06 07:55:00,682.1613859655437,9.907450443764963,0
2023-01-06 07:56:00,663.2693125155191,10.101450553234342,0
2023-01-06 07:57:00,651.9127070666373,9.18600196411562,0
2023-01-06 07:58:00,725.9855371134892,10.748299787449866,0
2023-01-06 07:59:00,595.4320914150636,10.114790314852886,0
2023-01-06 08:00:00,586.5463672276446,11.379205492045735,0
2023-01-06 08:01:00,677.8850530726754,12.00166137131695,0
2023-01-06 08:02:00,622.3343391737124,9.569999970619044,0
2023-01-06 08:03:00,678.3141664900892,8.576851852609876,0
2023-01-06 08:04:00,630.1589083387877,11.088740853293467,0
2023-01-06 08:05:00,668.5640328972638,10.40616672789536,0
2023-01-06 08:06:00,679.7628129465014,8.615486590695063,0
2023-01-06 08:07:00,648.4764996218757,8.712868025998201,0
2023-01-06 08:08:00,667.9176847988862,11.139015721442464,0
2023-01-06 08:09:00,719.2893069070038,11.741627546830788,0
2023-01-06 08:10:00,648.3380368977876,10.443031638968488,0
2023-01-06 08:11:00,639.2411853788053,9.088070356400522,0
2023-01-06 08:12:00,713.1316400344834,9.696248416287931,0
2023-01-06 08:13:00,681.5477676944736,10.7777533596445,0
2023-01-06 08:14:00,637.1864966072768,10.270362523571803,0
2023-01-06 08:15:00,593.4429071096614,10.246530395359606,0
2023-01-06 08:16:00,687.462620718899,10.376154266083038,0
2023-01-06 08:17:00,612.4947443484516,10.839742125750362,0
2023-01-06 08:18:00,645.4724157595156,9.03940674708231,0
2023-01-06 08:19:00,626.7934275418041,10.037735212979294,0
2023-01-06 08:20:00,1239.6201428594547,10.147057048303315,0
2023-01-06 08:21:00,679.184483404568,9.146053170062107,0
2023-01-06 08:22:00,615.0058532004647,9.018882390509772,0
2023-01-06 08:23:00,594.4831641752803,12.427624023900423,0
2023-01-06 08:24:00,664.2588037735366,9.493449395242312,0
2023-01-06 08:25:00,674.335390855089,9.787444905099496,0
2023-01-06 08:26:00,640.158932647995,8.596955612601585,0
2023-01-06 08:27:00,674.7719799263589,8.558681194448203,0
2023-01-06 08:28:00,676.6877631246756,9.862079488091405,0
2023-01-06 08:29:00,613.319245801999,9.099121252154184,0
2023-01-06 08:30:00,802.5508520748941,11.836167054813577,0
2023-01-06 08:31:00,708.5176014720453,8.85995837464583,0
2023-01-06 08:32:00,637.1016139286381,9.029258428310541,0
2023-01-06 08:33:00,563.786752546784,8.943316025936868,0
2023-01-06 08:34:00,693.4072244590683,10.07762717607689,0
2023-01-06 08:35:00,666.7817700041583,10.163525964345569,0
2023-01-06 08:36:00,635.8052125195009,10.247272670395215,0
2023-01-06 08:37:00,647.7986773352836,8.63353306313822,0
2023-01-06 08:38:00,671.960082925659,9.181003605126726,0
2023-01-06 08:39:00,634.8860130173296,8.95131081469419,0
2023-01-06 08:40:00,659.1416821758153,10.019466460358853,0
2023-01-06 08:41:00,666.104190668346,10.94573922198488,0
2023-01-06 08:42:00,586.7448010702208,9.785950754848372,0
2023-01-06 08:43:00,759.8277045070828,9.944815796246322,0
2023-01-06 08:44:00,692.8955971936663,9.596760258057875,0
2023-01-06 08:45:00,644.42653300515,10.679321152171372,0
2023-01-06 08:46:00,614.0417668714356,9.834829114248983,0
2023-01-06 08:47:00,683.3179008648126,10.649487786988706,0
2023-01-06 08:48:00,633.2864646727688,10.1691205877033,0
2023-01-06 08:49:00,611.1097673246366,7.978455341127758,0
2023-01-06 08:50:00,624.5226849315206,8.40272927436719,0
2023-01-06 08:51:00,638.6988853876853,9.987146257842124,0
2023-01-06 08:52:00,719.2479090240718,8.306074351483295,0
2023-01-06 08:53:00,622.2431248975765,9.50851588783156,0
2023-01-06 08:54:00,668.7859149085903,9.946664780093677,0
2023-01-06 08:55:00,666.3965171468758,9.108467619596077,0
2023-01-06 08:56:00,716.0496915448854,10.291169862081782,0
2023-01-06 08:57:00,661.1103656278252,10.353096577276286,0
2023-01-06 08:58:00,666.9763705403897,8.430570694742482,0
2023-01-06 08:59:00,644.1261133281413,9.96420888415373,0
2023-01-06 09:00:00,616.2624841775246,9.489515917905392,0
2023-01-06 09:01:00,595.8703678288069,10.3956975021475,0
2023-01-06 09:02:00,628.7881150617267,9.40452261428423,0
2023-01-06 09:03:00,668.952578998274,9.257159357524678,0
2023-01-06 09:04:00,563.6897369942401,9.790006485134436,0
2023-01-06 09:05:00,713.2948157688128,10.845022550227862,0
2023-01-06 09:06:00,685.4877304074605,9.2700052437952,0
2023-01-06 09:07:00,603.9584359102286,8.643896783398356,0
2023-01-06 09:08:00,678.1359760954741,9.633468808688338,0
2023-01-06 09:09:00,547.197974904032,10.285333880538499,0
2023-01-06 09:10:00,679.5075599527364,9.082210821140096,0
2023-01-06 09:11:00,666.9393932094538,7.589590881082328,0
2023-01-06 09:12:00,656.1457078625538,10.66143447648536,0
2023-01-06 09:13:00,567.290071201776,9.509047986749527,0
2023-01-06 09:14:00,737.7271494755391,9.776043831463284,0
2023-01-06 09:15:00,610.9116656724823,10.511066451254468,0
2023-01-06 09:16:00,579.575249176117,10.299019783419071,0
2023-01-06 09:17:00,579.906367605946,9.338448628555284,0
2023-01-06 09:18:00,581.4288242516365,10.061954857325485,0
2023-01-06 09:19:00,647.3160936770828,10.002216729417954,0
2023-01-06 09:20:00,596.4965376473589,11.023930193686581,0
2023-01-06 09:21:00,680.2540029276189,9.134667341767384,0
2023-01-06 09:22:00,729.6300537362729,9.169116166068232,0
2023-01-06 09:23:00,595.7378181464354,9.689871156979741,0
2023-01-06 09:24:00,632.8028044708897,11.04232210741249,0
2023-01-06 09:25:00,621.0655126015884,8.575510043046071,0
2023-01-06 09:26:00,514.124896260683,9.613962412402914,0
2023-01-06 09:27:00,635.3926406378564,12.776149806343133,0
2023-01-06 09:28:00,637.0873217171993,8.542117171459887,0
2023-01-06 09:29:00,650.2289391065781,11.61748872849379,0
2023-01-06 09:30:00,491.8017259397934,9.623632760898396,0
2023-01-06 09:31:00,514.189780045953,9.741813707153435,0
2023-01-06 09:32:00,736.616984584481,8.34266214935312,0
2023-01-06 09:33:00,631.4460123682525,11.915865817974336,0
2023-01-06 09:34:00,649.1937901014912,10.345426836067732,0
2023-01-06 09:35:00,617.9211674603279,9.67186787915394,0
2023-01-06 09:36:00,653.15178447684,11.50316017847908,0
2023-01-06 09:37:00,599.2497314516775,11.8917567820774,0
2023-01-06 09:38:00,625.4860018413175,11.59058023386582,0
2023-01-06 09:39:00,706.7536449272051,8.29657300597522,0
2023-01-06 09:40:00,620.0939803007299,10.487836732504968,0
2023-01-06 09:41:00,531.3632551788774,10.668865691380073,0
2023-01-06 09:42:00,625.6828410167697,11.326175654337781,0
2023-01-06 09:43:00,560.838793525377,10.092957400048903,0
2023-01-06 09:44:00,602.1155927560646,9.492564950076225,0
2023-01-06 09:45:00,608.8465065612797,10.106436270045652,0
2023-01-06 09:46:00,623.4885487059615,8.72524160378348,0
2023-01-06 09:47:00,595.0323290869691,10.456794616972864,0
2023-01-06 09:48:00,653.2926790784387,9.005431865768628,0
2023-01-06 09:49:00,562.0668690910403,12.090766411418613,0
2023-01-06 09:50:00,675.5779014157351,8.857573254292204,0
2023-01-06 09:51:00,617.4562553553216,11.826484315196172,0
2023-01-06 09:52:00,578.909979885467,9.585907364994574,0
2023-01-06 09:53:00,609.9409358008176,12.219119446500368,0
2023-01-06 09:54:00,640.8610632999286,10.134750537033774,0
2023-01-06 09:55:00,660.4116987061084,9.572244157169843,0
2023-01-06 09:56:00,638.594427920297,9.707945790995106,0
2023-01-06 09:57:00,509.93677695558904,9.943516791356675,0
2023-01-06 09:58:00,556.4884775540673,9.184527281904314,0
2023-01-06 09:59:00,595.5030656220005,11.287809371693708,0
2023-01-06 10:00:00,1118.9385211903436,8.17142566049943,0
2023-01-06 10:01:00,580.7641627994054,9.205224846208854,0
2023-01-06 10:02:00,810.6017058316005,10.279516273211009,0
2023-01-06 10:03:00,575.1934664366448,11.801797949235873,0
2023-01-06 10:04:00,565.9384538960076,10.100818882031902,0
2023-01-06 10:05:00,526.663286293803,11.25815063908497,0
2023-01-06 10:06:00,543.622229235138,9.91977095668923,0
2023-01-06 10:07:00,608.6339555085888,10.335116617134773,0
2023-01-06 10:08:00,531.1579430886907,12.570546924460292,0
2023-01-06 10:09:00,637.8814783101384,10.129159018757655,0
2023-01-06 10:10:00,515.7239173895423,9.093535088929057,0
2023-01-06 10:11:00,613.0266176676222,10.934339682977605,0
2023-01-06 10:12:00,685.7290037393959,9.194274322898103,0
2023-01-06 10:13:00,560.5290223037291,9.579075284688942,0
2023-01-06 10:14:00,563.6102030399564,8.913232931897017,0
2023-01-06 10:15:00,662.0838626249507,11.700929722698824,0
2023-01-06 10:16:00,624.0002890636483,11.74996669875964,0
2023-01-06 10:17:00,526.4998789507306,11.048918746636623,0
2023-01-06 10:18:00,594.6272923260299,9.506514319642797,0
2023-01-06 10:19:00,547.4489460981054,10.27454872794001,0
2023-01-06 10:20:00,514.074786695492,10.851234637264026,0
2023-01-06 10:21:00,674.3874165270568,10.72034389005734,0
2023-01-06 10:22:00,536.3037152778044,11.853770662427547,0
2023-01-06 10:23:00,597.6594230989634,9.589804179206519,0
2023-01-06 10:24:00,546.564674948156,7.683447338508325,0
2023-01-06 10:25:00,580.968050445298,9.293754333190192,0
2023-01-06 10:26:00,578.3111200752028,10.275057266530904,0
2023-01-06 10:27:00,652.281974490163,8.24835431244175,0
2023-01-06 10:28:00,620.2789268659685,11.89455821976006,0
2023-01-06 10:29:00,550.7418021919447,11.196936658894744,0
2023-01-06 10:30:00,567.8574108676056,7.956439289385672,0
2023-01-06 10:31:00,574.295882230034,10.025095218589847,0
2023-01-06 10:32:00,555.4492759849313,11.15458457378758,0
2023-01-06 10:33:00,614.6017937043226,9.982053881285921,0
2023-01-06 10:34:00,548.8226228717824,10.111795973432606,0
2023-01-06 10:35:00,713.6544808472016,9.747553729842883,0
2023-01-06 10:36:00,605.682965682785,10.12319573596273,0
2023-01-06 10:37:00,618.1164695047628,10.095022996265076,0
2023-01-06 10:38:00,614.4944615200411,10.315829156928846,0
2023-01-06 10:39:00,593.9706971435955,11.219653204033172,0
2023-01-06 10:40:00,510.48909647356413,12.094728686665038,0
2023-01-06 10:41:00,530.2996647083359,8.943618860187488,0
2023-01-06 10:42:00,561.3750582711224,11.271100076380126,0
2023-01-06 10:43:00,587.6017146345998,12.078461784933804,0
2023-01-06 10:44:00,520.5210988730114,8.91032240496651,0
2023-01-06 10:45:00,656.9630494825391,10.103714754547836,0
2023-01-06 10:46:00,511.5987221495651,10.012942327877683,0
2023-01-06 10:47:00,631.4440640393088,9.277489157278056,0
2023-01-06 10:48:00,664.9344964353892,10.473466511459483,0
2023-01-06 10:49:00,573.9664259828862,9.932199806803496,0
2023-01-06 10:50:00,556.8044533101001,12.163002077557719,0
2023-01-06 10:51:00,558.2068148697231,9.79384898689433,0
2023-01-06 10:52:00,565.0543122345376,11.057012345653558,0
2023-01-06 10:53:00,529.3707694741896,10.3932982821859,0
2023-01-06 10:54:00,508.67823964252915,10.67947573843608,0
2023-01-06 10:55:00,638.1346150343737,10.48284997013157,0
2023-01-06 10:56:00,453.6225557570533,8.763573269715383,0
2023-01-06 10:57:00,525.2108355477293,11.323626746276835,0
2023-01-06 10:58:00,599.0865702407801,10.572884023216496,0
2023-01-06 10:59:00,532.3058663717009,12.483638408509131,0
2023-01-06 11:00:00,482.8320179099598,10.538442143249243,0
2023-01-06 11:01:00,555.3980124570107,11.163671394509324,0
2023-01-06 11:02:00,581.0030956224437,11.172865604994508,0
2023-01-06 11:03:00,549.7545849589286,8.497986769582775,0
2023-01-06 11:04:00,595.9690367885588,10.906664599414649,0
2023-01-06 11:05:00,563.3112481799375,11.868799714537024,0
2023-01-06 11:06:00,503.11716092442686,11.631215055437082,0
2023-01-06 11:07:00,504.2422260548951,10.712227529587837,0
2023-01-06 11:08:00,422.53887521329864,7.755229702031394,0
2023-01-06 11:09:00,425.86768298430127,10.72653218118526,0
2023-01-06 11:10:00,531.3802158042074,9.641083666200629,0
2023-01-06 11:11:00,577.7444139054751,9.939563101934269,0
2023-01-06 11:12:00,610.9777070025182,10.027064302673924,0
2023-01-06 11:13:00,556.6964853144764,9.626318373322855,0
2023-01-06 11:14:00,589.1260900236623,9.402564588594673,0
2023-01-06 11:15:00,505.7740583906473,10.542361396117366,0
2023-01-06 11:16:00,438.16582668950105,11.121756107159898,0
2023-01-06 11:17:00,582.1742494065436,10.422098709459416,0
2023-01-06 11:18:00,501.8309151872519,9.443008087594926,0
2023-01-06 11:19:00,504.99086666097423,10.092139986463064,0
2023-01-06 11:20:00,574.7567858115949,10.390301055873326,0
2023-01-06 11:21:00,492.9141426726837,11.17482807666717,0
2023-01-06 11:22:00,531.075765935981,10.692279809950394,0
2023-01-06 11:23:00,364.05908665877956,10.053891893731034,0
2023-01-06 11:24:00,550.5061232688971,9.633080985408405,0
2023-01-06 11:25:00,428.57303981247986,12.569267776033628,0
2023-01-06 11:26:00,530.3784956854566,10.427971714779918,0
2023-01-06 11:27:00,550.263799986628,9.360324796034755,0
2023-01-06 11:28:00,476.42523555162484,11.292392949020664,0
2023-01-06 11:29:00,545.9717210166198,9.447305816127201,0
2023-01-06 11:30:00,571.309385694679,8.619435510746598,0
2023-01-06 11:31:00,475.8236204602012,10.330018901198695,0
2023-01-06 11:32:00,509.01528423003595,10.207140696092079,0
2023-01-06 11:33:00,548.2207817784175,11.060573650317293,0
2023-01-06 11:34:00,564.3728934039183,10.92762003536494,0
2023-01-06 11:35:00,556.4922422070979,10.321397977641903,0
2023-01-06 11:36:00,644.3349530679515,11.345481045416008,0
2023-01-06 11:37:00,544.1423373921549,9.019663626403961,0
2023-01-06 11:38:00,530.465279987651,11.43070880628009,0
2023-01-06 11:39:00,431.73835820748883,11.020032675348855,0
2023-01-06 11:40:00,1003.437044733542,10.665391006178517,0
2023-01-06 11:41:00,446.3666278091592,10.370038458105801,0
2023-01-06 11:42:00,442.5441395124959,10.424168969141414,0
2023-01-06 11:43:00,512.7937537201417,9.42596637496169,0
2023-01-06 11:44:00,619.1499543205915,11.889403334203857,0
2023-01-06 11:45:00,558.8362791328909,9.143668873023483,0
2023-01-06 11:46:00,502.6854533673506,10.589077183142797,0
2023-01-06 11:47:00,513.8328540287577,11.96269139782512,0
2023-01-06 11:48:00,508.38882101223055,9.95317062830432,0
2023-01-06 11:49:00,609.9776632291506,9.556177224281228,0
2023-01-06 11:50:00,521.1056861426948,10.35716265338289,0
2023-01-06 11:51:00,593.549397228271,11.028213102672433,0
2023-01-06 11:52:00,444.6926891267329,10.90668050375204,0
2023-01-06 11:53:00,460.53349061102267,11.111417720870957,0
2023-01-06 11:54:00,450.86538301494784,11.23659007334011,0
2023-01-06 11:55:00,528.0438782430604,13.351901273705174,0
2023-01-06 11:56:00,533.0241304792233,11.303109630815557,0
2023-01-06 11:57:00,487.5848067050141,9.998307768897577,0
2023-01-06 11:58:00,582.7044750359278,13.042352913815705,0
2023-01-06 11:59:00,556.7525658641491,9.721409679053147,0
2023-01-06 12:00:00,566.7625757517075,9.667201195865387,0
2023-01-06 12:01:00,385.47059151391505,9.941920641262374,0
2023-01-06 12:02:00,549.581946569431,11.460701867547998,0
2023-01-06 12:03:00,407.77302446417036,10.131990728010022,0
2023-01-06 12:04:00,520.2186378837425,12.30797208656298,0
2023-01-06 12:05:00,499.7343951921876,9.6225493200681,0
2023-01-06 12:06:00,475.2044630890327,12.707053660307228,0
2023-01-06 12:07:00,517.0457673190502,11.518927834586398,0
2023-01-06 12:08:00,564.5445431521064,9.727607521860104,0
2023-01-06 12:09:00,456.3423961048088,8.91129239552545,0
2023-01-06 12:10:00,516.8963010675052,9.746948145264849,0
2023-01-06 12:11:00,395.3237904283079,9.802465904831461,0
2023-01-06 12:12:00,495.4334464691003,10.807380078427324,0
2023-01-06 12:13:00,570.482355583815,10.522294747170893,0
2023-01-06 12:14:00,598.5358728912533,11.284641008568505,0
2023-01-06 12:15:00,485.3567209435535,8.503316060262627,0
2023-01-06 12:16:00,486.7466599656992,11.572099971675653,0
2023-01-06 12:17:00,454.18891272226364,10.715286097865683,0
2023-01-06 12:18:00,506.90941028405854,11.063788481475877,0
2023-01-06 12:19:00,511.9889409234895,8.809362377945762,0
2023-01-06 12:20:00,572.6629196675649,9.712938660385479,0
2023-01-06 12:21:00,443.98678744399723,10.019148897211911,0
2023-01-06 12:22:00,479.41355057797057,9.687085054238066,0
2023-01-06 12:23:00,413.28482568547645,12.415695221755016,0
2023-01-06 12:24:00,425.65097223655357,11.428875764963257,0
2023-01-06 12:25:00,536.1693519286567,9.77561037037201,0
2023-01-06 12:26:00,457.62485137587964,12.880699544982583,0
2023-01-06 12:27:00,507.304955902074,11.092185133982529,0
2023-01-06 12:28:00,513.2032805991296,10.211248699691614,0
2023-01-06 12:29:00,448.726621221196,9.723826044982012,0
2023-01-06 12:30:00,494.0581687472761,11.696991937611463,0
2023-01-06 12:31:00,439.8021160639217,10.287043994166948,0
2023-01-06 12:32:00,468.3822437966369,9.989193904143677,0
2023-01-06 12:33:00,521.2521078022417,10.994764346103231,0
2023-01-06 12:34:00,488.6163066971215,11.485079257642314,0
2023-01-06 12:35:00,383.41460547871037,10.378731156476272,0
2023-01-06 12:36:00,428.9873360142849,11.938345853253027,0
2023-01-06 12:37:00,479.6593192121025,10.872715566445786,0
2023-01-06 12:38:00,487.28001194199896,10.759727184987094,0
2023-01-06 12:39:00,500.111547093575,9.357684029012947,0
2023-01-06 12:40:00,492.90693148963135,11.23818337505224,0
2023-01-06 12:41:00,447.65747697801453,11.102984619582948,0
2023-01-06 12:42:00,479.69932361069215,9.891815342640307,0
2023-01-06 12:43:00,582.9643456613346,10.596383890474304,0
2023-01-06 12:44:00,423.8001883418583,10.681271416805384,0
2023-01-06 12:45:00,505.989590643449,9.27236351359999,0
2023-01-06 12:46:00,434.51960369762185,9.21479177122616,0
2023-01-06 12:47:00,440.3400624304558,11.56197577014725,0
2023-01-06 12:48:00,491.15010091178925,10.903707875440777,0
2023-01-06 12:49:00,430.6631154494228,12.89314659355594,0
2023-01-06 12:50:00,364.70572609662014,9.71425295626076,0
2023-01-06 12:51:00,519.695665166587,11.086727310283377,0
2023-01-06 12:52:00,418.68599695216795,10.418909014089435,0
2023-01-06 12:53:00,496.499341246167,10.73973300228753,0
2023-01-06 12:54:00,513.844226215054,11.346867447259944,0
2023-01-06 12:55:00,482.70954916307517,9.143923019917054,0
2023-01-06 12:56:00,454.3961907021306,10.205739353480414,0
2023-01-06 12:57:00,503.3216467994049,10.290599898074849,0
2023-01-06 12:58:00,457.20731335480184,10.412407535093795,0
2023-01-06 12:59:00,371.14869756918733,10.202957893201717,0
2023-01-06 13:00:00,354.61626105222814,12.905503350725859,0
2023-01-06 13:01:00,482.547149391069,10.50394708103185,0
2023-01-06 13:02:00,491.80284728495343,9.960005871588756,0
2023-01-06 13:03:00,475.40370533861966,11.778551839880821,0
2023-01-06 13:04:00,454.1521502441762,10.794511474182439,0
2023-01-06 13:05:00,459.246599799194,8.579823802802737,0
2023-01-06 13:06:00,375.64430786232185,12.142031284130839,0
2023-01-06 13:07:00,514.770345999762,10.00057237325985,0
2023-01-06 13:08:00,469.57676900528304,10.653266691914936,0
2023-01-06 13:09:00,472.98676396788994,10.967339813199178,0
2023-01-06 13:10:00,483.34082078976525,11.71358724367764,0
2023-01-06 13:11:00,468.7243953916974,11.774353456151458,0
2023-01-06 13:12:00,426.5379675237824,9.766565827367943,0
2023-01-06 13:13:00,328.00690044074673,9.90470625850634,0
2023-01-06 13:14:00,434.03195802126703,9.765581271014367,0
2023-01-06 13:15:00,364.65470154027145,12.661100289969557,0
2023-01-06 13:16:00,436.0504481258128,11.111734760724824,0
2023-01-06 13:17:00,499.1916110568982,10.298573702812606,0
2023-01-06 13:18:00,480.3033404941698,10.249061189447815,0
2023-01-06 13:19:00,401.58974047532865,12.188821203405144,0
2023-01-06 13:20:00,934.1474412906632,11.174143328570098,0
2023-01-06 13:21:00,536.4113046645007,11.637229825696595,0
2023-01-06 13:22:00,375.0590321674858,7.4567597132011185,0
2023-01-06 13:23:00,441.65739706555587,10.959039420413218,0
2023-01-06 13:24:00,439.7308450127835,9.479122369922546,0
2023-01-06 13:25:00,373.6128376024,9.63773133354746,0
2023-01-06 13:26:00,500.66479526669116,9.35609165019732,0
2023-01-06 13:27:00,468.379513322574,10.694106988355166,0
2023-01-06 13:28:00,369.8964006473982,10.256048781177196,0
2023-01-06 13:29:00,464.6023762229061,10.655527439013492,0
2023-01-06 13:30:00,436.9351265889785,11.62874002485557,0
2023-01-06 13:31:00,421.297046716114,8.920111990980104,0
2023-01-06 13:32:00,387.58461464564095,11.886364979876573,0
2023-01-06 13:33:00,454.6497549631936,11.54017112729921,0
2023-01-06 13:34:00,467.55356305035195,12.741614980339495,0
2023-01-06 13:35:00,425.55101348425745,10.83513838199771,0
2023-01-06 13:36:00,485.62853378002876,9.427204159980352,0
2023-01-06 13:37:00,469.2720246032602,9.437962803708388,0
2023-01-06 13:38:00,452.48241095722585,11.787800376496026,0
2023-01-06 13:39:00,458.0394879339784,12.318786230046697,0
2023-01-06 13:40:00,363.1434383845743,11.039089577441448,0
2023-01-06 13:41:00,475.2190777732898,9.910786286495604,0
2023-01-06 13:42:00,490.7224432086263,10.81741437510477,0
2023-01-06 13:43:00,365.8747422438126,11.011753035782899,0
2023-01-06 13:44:00,421.85817397147036,9.600351824269461,0
2023-01-06 13:45:00,427.05112460666294,10.659748596991024,0
2023-01-06 13:46:00,367.9087267790119,12.072823137829456,0
2023-01-06 13:47:00,411.4865763716976,12.19981325168639,0
2023-01-06 13:48:00,397.2349660196623,11.382998250460853,0
2023-01-06 13:49:00,472.20319949919843,12.988666170880565,0
2023-01-06 13:50:00,454.4925026559989,10.699226594346838,0
2023-01-06 13:51:00,428.2362523227742,10.339359048253524,0
2023-01-06 13:52:00,365.3049623487862,11.000639186958745,0
2023-01-06 13:53:00,304.9469774566734,10.374286218988141,0
2023-01-06 13:54:00,439.24944419582505,11.799909201670875,0
2023-01-06 13:55:00,419.92563805949607,11.451769136965064,0
2023-01-06 13:56:00,468.9598944799683,11.555535781600458,0
2023-01-06 13:57:00,358.99316945937056,10.51002332825647,0
2023-01-06 13:58:00,423.5754458424037,12.033639208702112,0
2023-01-06 13:59:00,436.1320497117795,12.054726745289365,0
2023-01-06 14:00:00,442.5384726721136,11.790695366218795,0
2023-01-06 14:01:00,425.1151130331924,12.493030065030677,0
2023-01-06 14:02:00,460.3003754639578,10.452721421951882,0
2023-01-06 14:03:00,399.70697984260164,10.368810591433892,0
2023-01-06 14:04:00,388.36738937141223,8.992835651156378,0
2023-01-06 14:05:00,379.058407944347,11.367494163495538,0
2023-01-06 14:06:00,370.624005440241,9.720613983041027,0
2023-01-06 14:07:00,412.1959247314871,9.41348274570711,0
2023-01-06 14:08:00,418.39420859114546,11.410099261000761,0
2023-01-06 14:09:00,441.6568404049108,10.891958084030021,0
2023-01-06 14:10:00,374.404496712192,11.867120391415117,0
2023-01-06 14:11:00,338.053150434852,11.645704009695214,0
2023-01-06 14:12:00,328.20448610289475,11.397170052284984,0
2023-01-06 14:13:00,324.7700426685683,11.370728044154498,0
2023-01-06 14:14:00,438.779623764369,11.12505372137343,0
2023-01-06 14:15:00,357.2112432485542,12.649202675913815,0
2023-01-06 14:16:00,319.5877592943653,9.790132650522851,0
2023-01-06 14:17:00,407.618251776387,12.268362301007606,0
2023-01-06 14:18:00,313.1627264628707,11.902996410009193,0
2023-01-06 14:19:00,405.855276050707,10.789959572168103,0
2023-01-06 14:20:00,332.090555810796,11.816676403133075,0
2023-01-06 14:21:00,417.53195847325617,11.91784519369771,0
2023-01-06 14:22:00,343.7982753079031,11.252166956944444,0
2023-01-06 14:23:00,372.8923386123659,11.161257794387437,0
2023-01-06 14:24:00,358.0489846228719,12.14229986880822,0
2023-01-06 14:25:00,396.1542521434702,10.709019654923331,0
2023-01-06 14:26:00,377.5044393507619,11.967645914651829,0
2023-01-06 14:27:00,376.236474250724,10.634143028032742,0
2023-01-06 14:28:00,377.5094306843851,11.359779289553064,0
2023-01-06 14:29:00,280.7712075833673,11.312069769579345,0
2023-01-06 14:30:00,391.0013913111605,12.463598977356208,0
2023-01-06 14:31:00,398.18119658086084,11.258606464733948,0
2023-01-06 14:32:00,410.79953864296596,12.454208575635478,0
2023-01-06 14:33:00,308.72916797870005,10.71249671838622,0
2023-01-06 14:34:00,336.76434452090433,12.436758530924681,0
2023-01-06 14:35:00,390.4878700555542,11.021626579528295,0
2023-01-06 14:36:00,376.5139408771798,11.75431032246001,0
2023-01-06 14:37:00,374.99303961258215,11.913510218069906,0
2023-01-06 14:38:00,357.9451319423287,11.070970553112158,0
2023-01-06 14:39:00,357.78649489845367,11.65759500468195,0
2023-01-06 14:40:00,330.0762144881585,11.661688193639439,0
2023-01-06 14:41:00,329.3558662658968,9.971372125910499,0
2023-01-06 14:42:00,321.03166095361973,10.736611159163653,0
2023-01-06 14:43:00,337.71954365562425,12.14523222699205,0
2023-01-06 14:44:00,440.7721706211982,12.263128659009334,0
2023-01-06 14:45:00,367.3592910194773,12.954795880564852,0
2023-01-06 14:46:00,336.5659565604459,10.82470122191804,0
2023-01-06 14:47:00,288.9072860752571,10.545617083364222,0
2023-01-06 14:48:00,431.96177097594136,12.80931287317373,0
2023-01-06 14:49:00,376.0105801486646,12.735346800911046,0
2023-01-06 14:50:00,359.1921169811482,11.323691226624991,0
2023-01-06 14:51:00,263.95747285867674,13.015948107682862,0
2023-01-06 14:52:00,394.49747645278995,9.900151782379552,0
2023-01-06 14:53:00,273.69840015370414,11.145100295291579,0
2023-01-06 14:54:00,274.73051723149104,9.975664145217515,0
2023-01-06 14:55:00,413.180688048076,10.31542630074899,0
2023-01-06 14:56:00,367.6783042083867,10.54216259859727,0
2023-01-06 14:57:00,305.3523006017342,11.881731305892258,0
2023-01-06 14:58:00,456.19297208149914,9.513384264257152,0
2023-01-06 14:59:00,338.47659193159166,10.174051788696033,0
2023-01-06 15:00:00,754.7180136217679,10.231960040356846,0
2023-01-06 15:01:00,357.5074680292884,12.754712275656804,0
2023-01-06 15:02:00,420.5935047609124,11.6863869150388,0
2023-01-06 15:03:00,391.34098813027794,12.648755146116724,0
2023-01-06 15:04:00,266.4670366367329,10.442706435075172,0
2023-01-06 15:05:00,435.3310670497764,11.647521679029342,0
2023-01-06 15:06:00,406.92979224673155,10.775203562844608,0
2023-01-06 15:07:00,326.81388404200595,13.272456333065286,0
2023-01-06 15:08:00,329.70606498455993,10.230093458130693,0
2023-01-06 15:09:00,311.4901886993601,9.995929206513027,0
2023-01-06 15:10:00,428.0179482269364,11.469264281498079,0
2023-01-06 15:11:00,389.2310566910397,12.55483927058844,0
2023-01-06 15:12:00,389.45841241590097,10.479806453859199,0
2023-01-06 15:13:00,303.037223287521,12.18305316889198,0
2023-01-06 15:14:00,260.9758527172946,11.736740045712944,0
2023-01-06 15:15:00,400.05650920068103,12.483903589228214,0
2023-01-06 15:16:00,321.8840922090866,13.246547058146023,0
2023-01-06 15:17:00,449.49312007692777,9.809985656181087,0
2023-01-06 15:18:00,426.8937757578366,12.40102539276372,0
2023-01-06 15:19:00,274.05254165739336,12.932344963193366,0
2023-01-06 15:20:00,423.0782878908692,14.690799543136661,0
2023-01-06 15:21:00,422.1936406783859,10.820713440119704,0
2023-01-06 15:22:00,285.2050403072831,11.303291824156943,0
2023-01-06 15:23:00,358.7078052840197,11.659581980244997,0
2023-01-06 15:24:00,365.20288130114756,12.015961848027247,0
2023-01-06 15:25:00,322.3891409464845,13.234815267878735,0
2023-01-06 15:26:00,386.01144024915175,10.819673566182695,0
2023-01-06 15:27:00,244.64698818778868,11.355396840241559,0
2023-01-06 15:28:00,324.49572222563125,12.203806195523947,0
2023-01-06 15:29:00,305.5440862361175,10.764254784735217,0
2023-01-06 15:30:00,345.08059633142733,14.372881112400973,0
2023-01-06 15:31:00,395.9608226669609,12.08629733992873,0
2023-01-06 15:32:00,414.338119863679,12.788032153281092,0
2023-01-06 15:33:00,295.2896096135022,10.63754136105995,0
2023-01-06 15:34:00,316.2755076274428,11.646056670528088,0
2023-01-06 15:35:00,311.008308843604,11.802495029447062,0
2023-01-06 15:36:00,268.9868577047166,11.92766027719942,0
2023-01-06 15:37:00,255.8739316626848,10.836875107298848,0
2023-01-06 15:38:00,254.6517904810755,12.176729046175963,0
2023-01-06 15:39:00,283.8164336016295,12.463972342869884,0
2023-01-06 15:40:00,304.9856720878092,11.91149473366099,0
2023-01-06 15:41:00,315.6783646849268,12.835002932862478,0
2023-01-06 15:42:00,343.9354137142943,11.449198435981794,0
2023-01-06 15:43:00,304.8397025761938,12.259662530162247,0
2023-01-06 15:44:00,419.372144780426,11.968307784402427,0
2023-01-06 15:45:00,293.67935925226794,10.822745002837092,0
2023-01-06 15:46:00,395.33683841511436,11.309327439930023,0
2023-01-06 15:47:00,389.4083665741623,12.986170631521372,0
2023-01-06 15:48:00,362.20453126444556,13.82783371766006,0
2023-01-06 15:49:00,352.35302160873175,12.061911863881763,0
2023-01-06 15:50:00,260.3014437454292,11.56245447715802,0
2023-01-06 15:51:00,205.44774809322843,11.569820493452923,0
2023-01-06 15:52:00,314.70523498274525,11.298467917756845,0
2023-01-06 15:53:00,378.0616037737053,11.686935706057737,0
2023-01-06 15:54:00,301.8691484058193,11.038033226433987,0
2023-01-06 15:55:00,325.76577311625016,12.695773350408531,0
2023-01-06 15:56:00,277.2831706582083,9.787472197024249,0
2023-01-06 15:57:00,358.79240163293275,11.491093917394139,0
2023-01-06 15:58:00,399.26030675940297,12.04076852028121,0
2023-01-06 15:59:00,270.6158674024417,10.883514434389815,0
2023-01-06 16:00:00,390.5971689791998,11.08545842505847,0
2023-01-06 16:01:00,308.55702022706134,9.740549416922477,0
2023-01-06 16:02:00,270.2203178568741,10.617871927405195,0
2023-01-06 16:03:00,282.8616547208355,12.365593337321526,0
2023-01-06 16:04:00,326.36438620850396,13.225572941963383,0
2023-01-06 16:05:00,339.7559763391479,10.937676503398313,0
2023-01-06 16:06:00,288.91322243867216,12.409419490617672,0
2023-01-06 16:07:00,299.61768485329003,11.259841127187048,0
2023-01-06 16:08:00,370.81477087574405,12.608602862510262,0
2023-01-06 16:09:00,259.5957873641938,11.641661844848262,0
2023-01-06 16:10:00,373.98874948641037,12.183552383375645,0
2023-01-06 16:11:00,292.588604682807,13.2870620126087,0
2023-01-06 16:12:00,239.6017431347779,13.693110648811986,0
2023-01-06 16:13:00,414.4560487801218,11.552705638015594,0
2023-01-06 16:14:00,262.67218053780294,11.17857514148597,0
2023-01-06 16:15:00,317.1094213856707,11.465937055414363,0
2023-01-06 16:16:00,373.37344643853584,12.287081113027646,0
2023-01-06 16:17:00,395.4492517822181,12.666759988110245,0
2023-01-06 16:18:00,337.3753773299592,11.63669097728755,0
2023-01-06 16:19:00,363.99737382744513,13.305978805154087,0
2023-01-06 16:20:00,296.472657205183,11.860805767769202,0
2023-01-06 16:21:00,342.71727277275454,11.069444963618652,0
2023-01-06 16:22:00,284.85196158019176,11.38252884903206,0
2023-01-06 16:23:00,322.9843365346866,12.36942360624173,0
2023-01-06 16:24:00,367.0540651018668,10.66452430189591,0
2023-01-06 16:25:00,414.2967171825471,10.957531624555703,0
2023-01-06 16:26:00,369.31193038281094,9.246290530259856,0
2023-01-06 16:27:00,300.76156160618143,11.593406484167085,0
2023-01-06 16:28:00,384.5370851443587,13.589462136909646,0
2023-01-06 16:29:00,359.6795254586096,11.549187830793999,0
2023-01-06 16:30:00,279.80581289671323,10.593585428431602,0
2023-01-06 16:31:00,336.3112907736727,10.902574032380802,0
2023-01-06 16:32:00,306.17388739237674,11.429909610270357,0
2023-01-06 16:33:00,245.95418001460433,10.503819213281716,0
2023-01-06 16:34:00,355.28906436479053,12.253666241200323,0
2023-01-06 16:35:00,330.7786370826312,9.889090296442642,0
2023-01-06 16:36:00,295.1083113232003,11.728800955962601,0
2023-01-06 16:37:00,304.0309346899871,12.577144391662921,0
2023-01-06 16:38:00,325.67917704539354,11.78028647126918,0
2023-01-06 16:39:00,354.46471403417604,11.014904940424646,0
2023-01-06 16:40:00,816.0827301457161,11.493495319436636,0
2023-01-06 16:41:00,271.90913497710113,11.682584634327734,0
2023-01-06 16:42:00,286.69975888905793,12.943333294720917,0
2023-01-06 16:43:00,374.39601858358884,12.093549016015835,0
2023-01-06 16:44:00,329.57031989776544,11.70661352777302,0
2023-01-06 16:45:00,231.26137371551977,12.360846933040833,0
2023-01-06 16:46:00,298.2472360106763,11.410332806295092,0
2023-01-06 16:47:00,250.68976723445795,11.6636991686739,0
2023-01-06 16:48:00,311.16961400342615,12.509287977235669,0
2023-01-06 16:49:00,295.20939478468955,12.706024163840556,0
2023-01-06 16:50:00,264.6610861820043,10.947144229117189,0
2023-01-06 16:51:00,204.74896116492548,10.607146597515477,0
2023-01-06 16:52:00,415.56709155929764,11.288893097340141,0
2023-01-06 16:53:00,291.9696236928602,11.177223966940256,0
2023-01-06 16:54:00,310.26122471459513,13.429702341195512,0
2023-01-06 16:55:00,241.25765238156762,11.894498660736708,0
2023-01-06 16:56:00,380.18218704180106,12.055173212268778,0
2023-01-06 16:57:00,325.41394454776264,11.032938456868317,0
2023-01-06 16:58:00,327.02358956952355,10.734068032339518,0
2023-01-06 16:59:00,234.80567560629729,11.489980310582801,0
2023-01-06 17:00:00,357.66942099571514,12.018122791229809,0
2023-01-06 17:01:00,210.65754285593715,11.664495949902793,0
2023-01-06 17:02:00,322.49964324249254,11.492020692596629,0
2023-01-06 17:03:00,216.475705680764,10.058796275230652,0
2023-01-06 17:04:00,219.49662184826332,12.514837571521964,0
2023-01-06 17:05:00,324.1198794842448,13.062813323867102,0
2023-01-06 17:06:00,332.66232979489826,13.196158348301797,0
2023-01-06 17:07:00,333.5630045077075,11.504730035890413,0
2023-01-06 17:08:00,313.19851415859,11.373897051885294,0
2023-01-06 17:09:00,419.8888928041764,11.744779529164278,0
2023-01-06 17:10:00,357.0165076929155,12.252328791203633,0
2023-01-06 17:11:00,322.2089384667716,13.457141006328015,0
2023-01-06 17:12:00,294.47138944357977,11.867839774493588,0
2023-01-06 17:13:00,367.42516004292577,11.136268516323018,0
2023-01-06 17:14:00,353.85430934748746,12.160145100522264,0
2023-01-06 17:15:00,301.1410699867336,13.209299328860338,0
2023-01-06 17:16:00,317.62273292779275,12.947465090931438,0
2023-01-06 17:17:00,345.7733894633737,11.0168226058395,0
2023-01-06 17:18:00,192.43839980703655,12.078856288321601,0
2023-01-06 17:19:00,265.4551437317689,11.41348416859715,0
2023-01-06 17:20:00,312.74762286520524,12.449166381031642,0
2023-01-06 17:21:00,295.7805093036049,12.451687871522246,0
2023-01-06 17:22:00,363.94794965646247,13.088651746079133,0
2023-01-06 17:23:00,293.72632813498655,11.323663639001703,0
2023-01-06 17:24:00,337.4338865632846,11.840817559813122,0
2023-01-06 17:25:00,376.8677963958299,12.612045846798846,0
2023-01-06 17:26:00,204.0111161464041,13.047034647401968,0
2023-01-06 17:27:00,341.6979076344405,11.711949702793392,0
2023-01-06 17:28:00,271.96257606528593,11.979023481736158,0
2023-01-06 17:29:00,217.80192268177774,11.6619131802432,0
2023-01-06 17:30:00,275.1565351203359,14.373066464044465,0
2023-01-06 17:31:00,302.40011112932604,11.488963715802877,0
2023-01-06 17:32:00,311.95317016773237,11.134582905649456,0
2023-01-06 17:33:00,244.5215563796932,12.522275432705918,0
2023-01-06 17:34:00,236.98529480692486,14.744515282639522,0
2023-01-06 17:35:00,278.0407160207123,10.957433597947261,0
2023-01-06 17:36:00,355.66242070043523,14.121839336584825,0
2023-01-06 17:37:00,303.14533646242415,12.13427125107732,0
2023-01-06 17:38:00,359.6286395353916,11.480036169066157,0
2023-01-06 17:39:00,350.67447255169657,12.63637588450792,0
2023-01-06 17:40:00,319.13118553052516,11.890524475958452,0
2023-01-06 17:41:00,272.51371832372007,12.889180641752253,0
2023-01-06 17:42:00,257.4502597184868,12.353611766651811,0
2023-01-06 17:43:00,185.00345631241777,9.895932417236658,0
2023-01-06 17:44:00,252.92858958894192,12.35971494083521,0
2023-01-06 17:45:00,316.17855540046054,11.035689301571981,0
2023-01-06 17:46:00,288.47479112184783,10.91753744269006,0
2023-01-06 17:47:00,328.0244536800464,11.819880822189429,0
2023-01-06 17:48:00,303.0667260166738,11.749419683028378,0
2023-01-06 17:49:00,338.4270177785953,12.034148714637785,0
2023-01-06 17:50:00,264.29504328277005,12.263071972293353,0
2023-01-06 17:51:00,323.0750033712973,12.683341632923732,0
2023-01-06 17:52:00,230.52699847753217,11.412581004442119,0
2023-01-06 17:53:00,339.6592995164615,12.471364327989845,0
2023-01-06 17:54:00,226.7811471817621,14.090910487633794,0
2023-01-06 17:55:00,373.178187883975,13.175582164992754,0
2023-01-06 17:56:00,341.45739703494326,13.080706420968216,0
2023-01-06 17:57:00,228.81514919961546,12.770039603887025,0
2023-01-06 17:58:00,349.8711501042247,11.995467500007473,0
2023-01-06 17:59:00,296.23586661124506,13.377079463011146,0
2023-01-06 18:00:00,270.5184512453627,13.327835921864766,0
2023-01-06 18:01:00,266.00290741009167,9.728672107648277,0
2023-01-06 18:02:00,319.0074670643265,11.07095020406937,0
2023-01-06 18:03:00,315.6374519435641,10.370371029269787,0
2023-01-06 18:04:00,252.83609948822468,12.0177929551601,0
2023-01-06 18:05:00,261.7422956066564,12.848655360672321,0
2023-01-06 18:06:00,241.4149087848706,11.914990583338438,0
2023-01-06 18:07:00,354.06479296193453,11.979186089837983,0
2023-01-06 18:08:00,304.0623030272468,11.474060002091525,0
2023-01-06 18:09:00,314.9257228338924,13.845364483820953,0
2023-01-06 18:10:00,259.55160809457533,12.611497126827084,0
2023-01-06 18:11:00,283.76278191722923,12.699367728660922,0
2023-01-06 18:12:00,340.86202118083975,10.61641495078352,0
2023-01-06 18:13:00,259.63236857243146,11.876149187084645,0
2023-01-06 18:14:00,350.5444889909754,10.771201811858855,0
2023-01-06 18:15:00,247.0434174125951,13.271122054848597,0
2023-01-06 18:16:00,366.11459144601014,12.11326242884663,0
2023-01-06 18:17:00,319.41962390414983,12.616671979682996,0
2023-01-06 18:18:00,317.1998666184922,10.706056027646513,0
2023-01-06 18:19:00,325.66210664624055,12.124664463245782,0
2023-01-06 18:20:00,896.1505191383544,10.474280230720623,0
2023-01-06 18:21:00,343.4570108020246,11.370511013134598,0
2023-01-06 18:22:00,249.65144360378073,12.982480577731426,0
2023-01-06 18:23:00,233.88629683007008,12.200562029702876,0
2023-01-06 18:24:00,313.9276117381427,14.260583535455524,0
2023-01-06 18:25:00,339.63030010132246,13.774429355414338,0
2023-01-06 18:26:00,172.4553670603784,12.90437157440277,0
2023-01-06 18:27:00,261.22521633546455,12.638997259184611,0
2023-01-06 18:28:00,297.9740529053535,12.713381487979595,0
2023-01-06 18:29:00,265.7680912619604,12.240515237224871,0
2023-01-06 18:30:00,327.11161743887004,12.257585001866035,0
2023-01-06 18:31:00,334.59548546576775,13.650431868902725,0
2023-01-06 18:32:00,255.25743830789375,10.23239433569826,0
2023-01-06 18:33:00,335.02829065607546,12.838599410707836,0
2023-01-06 18:34:00,273.8567009298361,12.559520153761877,0
2023-01-06 18:35:00,278.6111153747429,11.327905254767701,0
2023-01-06 18:36:00,385.6808176744304,13.040673487067812,0
2023-01-06 18:37:00,255.8391560978754,12.246082632354135,0
2023-01-06 18:38:00,368.6694490505845,12.287488640936862,0
2023-01-06 18:39:00,385.18649425453134,12.42602231100688,0
2023-01-06 18:40:00,341.40243407575235,12.232213511859632,0
2023-01-06 18:41:00,348.1906364859483,13.786830832115323,0
2023-01-06 18:42:00,319.1549721710668,10.546255490201197,0
2023-01-06 18:43:00,321.9036766391246,13.56996751421272,0
2023-01-06 18:44:00,301.6135784043847,13.52219839835761,0
2023-01-06 18:45:00,248.17974505075364,10.992342777630586,0
2023-01-06 18:46:00,312.2280261210752,12.394367427218686,0
2023-01-06 18:47:00,229.69135388011168,14.09274649354639,0
2023-01-06 18:48:00,297.96926702165626,13.675079351401674,0
2023-01-06 18:49:00,361.6654090120891,14.14321178436294,0
2023-01-06 18:50:00,328.0693443774484,13.668359555182581,0
2023-01-06 18:51:00,392.5181606019479,12.05426009789201,0
2023-01-06 18:52:00,263.9880182569925,14.563796823028722,0
2023-01-06 18:53:00,239.8770487366171,12.826808166754521,0
2023-01-06 18:54:00,287.4780772158699,11.514771935197796,0
2023-01-06 18:55:00,343.2647921692597,11.548964748560488,0
2023-01-06 18:56:00,395.0455347991402,13.726391392135582,0
2023-01-06 18:57:00,238.6579001067425,11.472829219967263,0
2023-01-06 18:58:00,246.29435238331718,13.378814156346534,0
2023-01-06 18:59:00,413.00220798569904,11.964107983900872,0
2023-01-06 19:00:00,292.4275475649657,12.411866355467016,0
2023-01-06 19:01:00,195.19023507555679,11.963424971224006,0
2023-01-06 19:02:00,327.2939160685271,12.806801713951435,0
2023-01-06 19:03:00,313.4979443925424,13.057152914829304,0
2023-01-06 19:04:00,266.6820435018041,12.248171244745238,0
2023-01-06 19:05:00,385.00369325182726,13.095778609039382,0
2023-01-06 19:06:00,369.6901283374683,14.41937863614138,0
2023-01-06 19:07:00,322.4207231006169,13.35846441964544,0
2023-01-06 19:08:00,278.1774476940838,13.290567534121791,0
2023-01-06 19:09:00,324.48127255405996,11.98529394342573,0
2023-01-06 19:10:00,367.7655495472141,11.906260516361128,0
2023-01-06 19:11:00,377.09222003131515,12.607375442710316,0
2023-01-06 19:12:00,234.04106409021034,12.106256170856572,0
2023-01-06 19:13:00,344.978970835121,12.396205749117136,0
2023-01-06 19:14:00,315.1448198892338,11.822121079524925,0
2023-01-06 19:15:00,304.07573388701866,14.50268986386628,0
2023-01-06 19:16:00,299.00486573980095,13.302449372310289,0
2023-01-06 19:17:00,299.1173685434507,13.558325510194518,0
2023-01-06 19:18:00,300.6755450866988,13.431740966239289,0
2023-01-06 19:19:00,368.7966243765012,13.250872125869384,0
2023-01-06 19:20:00,297.3215960388234,12.747125746076156,0
2023-01-06 19:21:00,319.24590556389165,13.561967618762216,0
2023-01-06 19:22:00,306.8163728547113,11.92869430365425,0
2023-01-06 19:23:00,324.7739543532755,13.763996656612587,0
2023-01-06 19:24:00,327.1926424075418,14.047358271731548,0
2023-01-06 19:25:00,311.799644505781,12.584066796959565,0
2023-01-06 19:26:00,307.9032706271081,13.16474416378479,0
2023-01-06 19:27:00,284.4457325501879,12.318809474368072,0
2023-01-06 19:28:00,346.7178982959576,14.71423909531161,0
2023-01-06 19:29:00,340.65289071472,12.276059866476583,0
2023-01-06 19:30:00,229.66937514155705,14.840514156720626,0
2023-01-06 19:31:00,221.46607648866635,12.178519764537349,0
2023-01-06 19:32:00,368.6175084149508,11.749662298381248,0
2023-01-06 19:33:00,350.46306237080404,14.262066271339869,0
2023-01-06 19:34:00,320.9658015897356,12.848281333552935,0
2023-01-06 19:35:00,347.7723818516551,11.859722953500293,0
2023-01-06 19:36:00,289.63856277523104,12.946083434042848,0
2023-01-06 19:37:00,412.5313726497833,13.378159328818214,0
2023-01-06 19:38:00,326.5377423415931,10.302014022552429,0
2023-01-06 19:39:00,339.86242981992285,13.106361230898774,0
2023-01-06 19:40:00,324.5583886097818,14.02170675738679,0
2023-01-06 19:41:00,306.97510888692244,13.719207130445936,0
2023-01-06 19:42:00,278.74962599909367,13.797302125558396,0
2023-01-06 19:43:00,365.8123339345914,14.892333079508573,0
2023-01-06 19:44:00,335.184620468948,10.793973742987697,0
2023-01-06 19:45:00,423.10524689686986,13.913548231163196,0
2023-01-06 19:46:00,334.7902734843592,12.204994716874529,0
2023-01-06 19:47:00,332.1221004056773,13.884962161606365,0
2023-01-06 19:48:00,220.86184936724413,15.276400419721305,0
2023-01-06 19:49:00,404.86614658785834,12.641521506439611,0
2023-01-06 19:50:00,256.6806868955597,13.734263685636899,0
2023-01-06 19:51:00,297.87761704466834,14.726253530160765,0
2023-01-06 19:52:00,300.13543306545597,14.802194247809702,0
2023-01-06 19:53:00,361.41533036340854,11.738851363331905,0
2023-01-06 19:54:00,349.58287970965756,14.050572645890567,0
2023-01-06 19:55:00,251.43511652453196,14.44427483480651,0
2023-01-06 19:56:00,393.246752914135,12.402242880371858,0
2023-01-06 19:57:00,304.85263579403795,13.651355484353354,0
2023-01-06 19:58:00,290.7103835483811,11.993274280230091,0
2023-01-06 19:59:00,326.53681107048135,13.620988526652644,0
2023-01-06 20:00:00,889.9929259887366,12.846168008697886,0
2023-01-06 20:01:00,269.86948269827315,13.48825862912233,0
2023-01-06 20:02:00,182.22497263005366,12.832480538193156,0
2023-01-06 20:03:00,276.6649246905422,13.514127933198804,0
2023-01-06 20:04:00,289.24679870403367,13.875188087090788,0
2023-01-06 20:05:00,347.2352712117093,14.115732824072467,0
2023-01-06 20:06:00,372.7852283917076,13.29091833138005,0
2023-01-06 20:07:00,337.3546105803675,13.691405033822107,0
2023-01-06 20:08:00,313.80638722724103,13.602059443813474,0
2023-01-06 20:09:00,298.3665190774329,14.979308076190161,0
2023-01-06 20:10:00,326.91910468353825,14.627624260029348,0
2023-01-06 20:11:00,336.80175879981425,12.738431818178679,0
2023-01-06 20:12:00,384.36643787891575,12.85226123844938,0
2023-01-06 20:13:00,309.4135925618802,12.461355882241673,0
2023-01-06 20:14:00,390.4409960122567,15.220842330693353,0
2023-01-06 20:15:00,281.05098776765385,14.46234195777815,0
2023-01-06 20:16:00,343.9920215178385,15.345589206342058,0
2023-01-06 20:17:00,406.235131399853,13.45086905061083,0
2023-01-06 20:18:00,481.5643984915919,13.196406525808323,0
2023-01-06 20:19:00,349.9295799256038,13.416034471493218,0
2023-01-06 20:20:00,372.9731856105148,14.87720228355803,0
2023-01-06 20:21:00,342.70274481230507,12.787298721486946,0
2023-01-06 20:22:00,265.8221845871746,12.537959752678033,0
2023-01-06 20:23:00,330.86997118429554,13.050783106445792,0
2023-01-06 20:24:00,304.6067396494605,11.787285952070311,0
2023-01-06 20:25:00,348.0324921657564,12.647540255444756,0
2023-01-06 20:26:00,412.65774764250386,14.03620940270749,0
2023-01-06 20:27:00,334.2114653457568,12.294947221665463,0
2023-01-06 20:28:00,411.13713097735643,15.200517386216516,0
2023-01-06 20:29:00,315.09328029474875,13.799356970570821,0
2023-01-06 20:30:00,305.29519729724956,12.253923430833469,0
2023-01-06 20:31:00,294.4607641006687,12.071733104097945,0
2023-01-06 20:32:00,337.9951337162303,11.132809360984034,0
2023-01-06 20:33:00,335.059989113108,13.225490856632069,0
2023-01-06 20:34:00,315.91434992967544,13.901746211891997,0
2023-01-06 20:35:00,267.78011934889685,13.261017926583134,0
2023-01-06 20:36:00,409.0251118961993,13.320886437235588,0
2023-01-06 20:37:00,305.4565473298414,14.46986369560231,0
2023-01-06 20:38:00,431.95970301536704,12.25646259833989,0
2023-01-06 20:39:00,321.37395610206136,13.793202553921395,0
2023-01-06 20:40:00,246.167543232938,12.533130379596976,0
2023-01-06 20:41:00,308.0808274698802,13.104314639704073,0
2023-01-06 20:42:00,404.2899179881309,13.934944710082897,0
2023-01-06 20:43:00,371.03979139469004,14.418440602178128,0
2023-01-06 20:44:00,425.71190001251443,13.482674917066477,0
2023-01-06 20:45:00,415.8243249954689,13.231177196889742,0
2023-01-06 20:46:00,404.8730931444321,12.259942077851171,0
2023-01-06 20:47:00,379.82970606403427,12.906008389639089,0
2023-01-06 20:48:00,386.629580110749,12.90801344535855,0
2023-01-06 20:49:00,374.21286416208744,14.154126073446587,0
2023-01-06 20:50:00,377.5501411357397,12.929507722192614,0
2023-01-06 20:51:00,338.5235031645733,13.799250325560767,0
2023-01-06 20:52:00,365.9724653036868,13.091164475500715,0
2023-01-06 20:53:00,348.1132353713119,12.165258138563056,0
2023-01-06 20:54:00,405.1882819412902,12.801117671827178,0
2023-01-06 20:55:00,384.4515472429328,14.437503286718314,0
2023-01-06 20:56:00,283.0473370852653,14.611608768494644,0
2023-01-06 20:57:00,442.30457054194835,14.417489346713822,0
2023-01-06 20:58:00,410.03760795348336,14.417408952780644,0
2023-01-06 20:59:00,327.4346113421841,14.466252709602184,0
2023-01-06 21:00:00,345.9690955133315,14.761505351640038,0
2023-01-06 21:01:00,338.00589156435626,14.944428809120788,0
2023-01-06 21:02:00,335.05819502180464,12.70391212723569,0
2023-01-06 21:03:00,401.5918365068779,13.608339921845104,0
2023-01-06 21:04:00,300.70840295142756,12.520614862625589,0
2023-01-06 21:05:00,424.74294598179506,14.673856526467562,0
2023-01-06 21:06:00,427.4344114276623,15.025511647112703,0
2023-01-06 21:07:00,438.01186397111815,14.012766842888846,0
2023-01-06 21:08:00,341.27965949250984,12.687582620830048,0
2023-01-06 21:09:00,401.65198511767716,12.904734238160723,0
2023-01-06 21:10:00,364.7985365829368,14.551939800057163,0
2023-01-06 21:11:00,315.2318769920787,14.56325543469063,0
2023-01-06 21:12:00,326.49297109317126,13.121502698413167,0
2023-01-06 21:13:00,394.5841445030993,13.483971096646528,0
2023-01-06 21:14:00,316.65853389011863,12.21034226076888,0
2023-01-06 21:15:00,405.12962050240515,15.062094815731813,0
2023-01-06 21:16:00,243.2575434567362,15.161784301455391,0
2023-01-06 21:17:00,365.3736294373675,13.860760890559172,0
2023-01-06 21:18:00,399.5369728832236,14.343801004201246,0
2023-01-06 21:19:00,300.8293662274142,12.56317465595805,0
2023-01-06 21:20:00,323.7296791431115,13.239440651043815,0
2023-01-06 21:21:00,364.6938341622759,14.445268866304813,0
2023-01-06 21:22:00,336.3001368310064,15.613491195160949,0
2023-01-06 21:23:00,379.8812783490555,14.364680802766532,0
2023-01-06 21:24:00,304.50143746958497,13.613486788568906,0
2023-01-06 21:25:00,387.79455785507355,15.138364189632789,0
2023-01-06 21:26:00,341.92478923733177,12.603355427937828,0
2023-01-06 21:27:00,346.8294735067084,13.561764716231327,0
2023-01-06 21:28:00,448.70349580042307,14.33327861311762,0
2023-01-06 21:29:00,347.9642105737329,13.722217409646031,0
2023-01-06 21:30:00,371.4786246364163,13.540598574558942,0
2023-01-06 21:31:00,385.71323412010486,14.821433029468698,0
2023-01-06 21:32:00,367.1443175292546,15.151190907208292,0
2023-01-06 21:33:00,448.9117924362592,14.215535988443852,0
2023-01-06 21:34:00,375.8768625731654,14.14575005485257,0
2023-01-06 21:35:00,386.44680029801594,14.811068286924677,0
2023-01-06 21:36:00,353.43844618287494,14.152036824779666,0
2023-01-06 21:37:00,362.25242765113603,15.90830133672466,0
2023-01-06 21:38:00,376.6696449329796,13.713766010356409,0
2023-01-06 21:39:00,358.92999278009336,15.578633432541592,0
2023-01-06 21:40:00,912.0148360388324,16.237850301118446,0
2023-01-06 21:41:00,335.6720609102153,13.041113865631372,0
2023-01-06 21:42:00,510.13974749024925,13.885617116008088,0
2023-01-06 21:43:00,379.3855486718662,13.969579451688409,0
2023-01-06 21:44:00,355.2054806277813,13.6056512394903,0
2023-01-06 21:45:00,354.83459250399875,13.281408768474583,0
2023-01-06 21:46:00,385.92336666435983,15.972459302942855,0
2023-01-06 21:47:00,411.1561392621543,15.00453357342322,0
2023-01-06 21:48:00,426.1626726536547,13.890750696793924,0
2023-01-06 21:49:00,463.4967847861362,14.065845373234866,0
2023-01-06 21:50:00,358.91092921736737,14.869058795717978,0
2023-01-06 21:51:00,404.5364376203576,14.150106329266364,0
2023-01-06 21:52:00,395.81965568273233,15.699144750864807,0
2023-01-06 21:53:00,411.06887109054094,14.30250384711255,0
2023-01-06 21:54:00,375.6986554470946,14.607760784860318,0
2023-01-06 21:55:00,376.80132761631285,13.795950444610618,0
2023-01-06 21:56:00,450.6483275096464,12.781127483841018,0
2023-01-06 21:57:00,484.68217370274743,13.571445180114265,0
2023-01-06 21:58:00,476.8706020721419,13.399021526382905,0
2023-01-06 21:59:00,434.35327154084075,12.381816986569671,0
2023-01-06 22:00:00,478.14247400816015,13.979700512590906,0
2023-01-06 22:01:00,436.50419682698464,14.731644471567616,0
2023-01-06 22:02:00,433.5262113681949,13.7423020090087,0
2023-01-06 22:03:00,387.602100613259,13.533525660402947,0
2023-01-06 22:04:00,333.73330573838336,13.430800388246976,0
2023-01-06 22:05:00,389.4873543727013,13.090055524935867,0
2023-01-06 22:06:00,401.0505135679607,12.46159619035976,0
2023-01-06 22:07:00,500.6678390695183,14.634150248877292,0
2023-01-06 22:08:00,315.90499988616585,13.456066661203534,0
2023-01-06 22:09:00,338.5714579389015,15.227086815253369,0
2023-01-06 22:10:00,393.25790617650836,13.871238871279868,0
2023-01-06 22:11:00,429.97342667863313,16.481355155954937,0
2023-01-06 22:12:00,339.59496504005773,15.694043686847996,0
2023-01-06 22:13:00,441.10505251682565,13.688640179071731,0
2023-01-06 22:14:00,390.8420910728118,13.00203472882376,0
2023-01-06 22:15:00,434.11256614730416,15.45841160215121,0
2023-01-06 22:16:00,401.43709809798406,13.31309989957034,0
2023-01-06 22:17:00,352.8050103150974,11.971167085958504,0
2023-01-06 22:18:00,384.6766964791457,12.389682663516385,0
2023-01-06 22:19:00,381.79633057736544,13.6881661580741,0
2023-01-06 22:20:00,430.81049007745526,13.482539724364846,0
2023-01-06 22:21:00,488.3501574879839,13.650978002050397,0
2023-01-06 22:22:00,444.0825123487406,14.876818973152524,0
2023-01-06 22:23:00,448.5127354133025,14.6381100012212,0
2023-01-06 22:24:00,467.7880458404367,15.908256764197265,0
2023-01-06 22:25:00,324.3757634533434,13.675064252884782,0
2023-01-06 22:26:00,354.79203225045825,15.409397174993154,0
2023-01-06 22:27:00,436.8153022903233,13.384997479005754,0
2023-01-06 22:28:00,387.22682185860504,14.499203497858117,0
2023-01-06 22:29:00,340.3347899678745,14.613276013588099,0
2023-01-06 22:30:00,522.2261343621947,13.913403741431482,0
2023-01-06 22:31:00,444.7019190961096,15.358911263424492,0
2023-01-06 22:32:00,456.79688252168273,13.25180069517278,0
2023-01-06 22:33:00,423.75779868376634,14.103161335615457,0
2023-01-06 22:34:00,435.50298288575465,12.518136148534305,0
2023-01-06 22:35:00,412.53546132466045,14.015086363330052,0
2023-01-06 22:36:00,423.0689725513211,14.118586629398354,0
2023-01-06 22:37:00,427.5424925078125,15.157641077663625,0
2023-01-06 22:38:00,347.7887569989973,13.6540869399077,0
2023-01-06 22:39:00,451.2269471223633,14.149404924986287,0
2023-01-06 22:40:00,464.31974993772536,14.090544495692003,0
2023-01-06 22:41:00,406.13115881530376,15.82611345751953,0
2023-01-06 22:42:00,358.54596257402136,14.028493766333018,0
2023-01-06 22:43:00,494.89339638430414,14.450245895349774,0
2023-01-06 22:44:00,578.0187008343812,14.397235219966959,0
2023-01-06 22:45:00,361.62735115794055,14.167661453589988,0
2023-01-06 22:46:00,441.0328807767351,13.541879504159326,0
2023-01-06 22:47:00,394.35877308211496,13.157827698500984,0
2023-01-06 22:48:00,355.717692611881,13.883214546346919,0
2023-01-06 22:49:00,440.4838873212892,13.733288489465805,0
2023-01-06 22:50:00,401.66257730497284,14.767181440163487,0
2023-01-06 22:51:00,349.25250990623005,13.25645502918408,0
2023-01-06 22:52:00,400.23913573111565,14.501350850555385,0
2023-01-06 22:53:00,349.27765073726505,13.134975776164785,0
2023-01-06 22:54:00,467.35620328670865,14.225583009592786,0
2023-01-06 22:55:00,449.82931247497754,15.396688454324748,0
2023-01-06 22:56:00,570.2451805532797,13.631241398073193,0
2023-01-06 22:57:00,460.5265968414752,15.246041100183184,0
2023-01-06 22:58:00,476.87313724129183,13.74260627928267,0
2023-01-06 22:59:00,412.91595353934025,16.055576544885103,0
2023-01-06 23:00:00,390.54722804565785,15.606548423728992,0
2023-01-06 23:01:00,429.2736545443232,14.042800888307376,0
2023-01-06 23:02:00,445.34423904344527,14.631933013051409,0
2023-01-06 23:03:00,403.8873195808321,13.525337191088209,0
2023-01-06 23:04:00,390.2744698231889,15.090201029378212,0
2023-01-06 23:05:00,471.8585845091208,13.10622599995888,0
2023-01-06 23:06:00,487.2489061328985,15.222279903615176,0
2023-01-06 23:07:00,428.4355255230775,14.782583028934024,0
2023-01-06 23:08:00,536.6828555638061,14.710886771821611,0
2023-01-06 23:09:00,396.56822523422113,15.154134623092936,0
2023-01-06 23:10:00,493.4972578308997,15.56116692572162,0
2023-01-06 23:11:00,492.5710348898857,14.335164075880925,0
2023-01-06 23:12:00,448.29587691067815,14.164369743531093,0
2023-01-06 23:13:00,426.91728030066764,14.640902168059784,0
2023-01-06 23:14:00,544.8381519572886,13.221727594343903,0
2023-01-06 23:15:00,472.46287689588445,13.847977484785746,0
2023-01-06 23:16:00,457.67098996729635,12.98750741368507,0
2023-01-06 23:17:00,509.1237044214123,13.24242023024029,0
2023-01-06 23:18:00,450.9635288237636,15.854736379293579,0
2023-01-06 23:19:00,431.81911946221885,15.119884705231085,0
2023-01-06 23:20:00,918.1355505957183,14.087735084980585,0
2023-01-06 23:21:00,464.2713905030377,12.924587491298787,0
2023-01-06 23:22:00,470.3323414113442,14.919280056197499,0
2023-01-06 23:23:00,503.5373181706934,14.797807392226856,0
2023-01-06 23:24:00,461.16516432808004,13.889529482535302,0
2023-01-06 23:25:00,466.10390388398014,13.988779924167329,0
2023-01-06 23:26:00,523.5924859913232,13.682862771640618,0
2023-01-06 23:27:00,439.36848571415265,15.939409042121842,0
2023-01-06 23:28:00,454.27859701273377,15.5535192501352,0
2023-01-06 23:29:00,475.1375615417186,13.940020205744213,0
2023-01-06 23:30:00,531.8397139748033,12.939474001713172,0
2023-01-06 23:31:00,541.979532691313,14.163100244952222,0
2023-01-06 23:32:00,542.7650665149542,11.707798902515936,0
2023-01-06 23:33:00,473.3874585866452,15.203574093151177,0
2023-01-06 23:34:00,534.7888504855085,16.499187480216236,0
2023-01-06 23:35:00,417.0491066285642,14.093559581462742,0
2023-01-06 23:36:00,473.2636942869563,16.11561573535736,0
2023-01-06 23:37:00,490.2404849411592,13.472162698550127,0
2023-01-06 23:38:00,503.86216887633464,16.425786512808504,0
2023-01-06 23:39:00,508.3518979950049,14.516714154207245,0
2023-01-06 23:40:00,430.243184763888,14.150066697485249,0
2023-01-06 23:41:00,488.98223524104185,15.673430708440936,0
2023-01-06 23:42:00,542.1411959950701,13.846900409647963,0
2023-01-06 23:43:00,490.3792829920013,13.069310391958677,0
2023-01-06 23:44:00,415.62396124669493,15.302972748853074,0
2023-01-06 23:45:00,527.7364709441716,15.68123882636111,0
2023-01-06 23:46:00,484.6304391417739,15.80690381240037,0
2023-01-06 23:47:00,456.6431845178032,15.592963268926338,0
2023-01-06 23:48:00,456.8233611160314,14.05850990162091,0
2023-01-06 23:49:00,502.7987545934151,16.121277057825452,0
2023-01-06 23:50:00,363.04387918595546,15.370415338302045,0
2023-01-06 23:51:00,506.97118989210935,14.970897201644528,0
2023-01-06 23:52:00,516.7188687145649,14.979140847695462,0
2023-01-06 23:53:00,552.7164562906352,14.766265553047603,0
2023-01-06 23:54:00,547.631610527145,14.835889045975183,0
2023-01-06 23:55:00,538.7382089013313,18.388139174137915,0
2023-01-06 23:56:00,468.6203905255595,14.681936147428303,0
2023-01-06 23:57:00,509.0344098313763,13.978699717518353,0
2023-01-06 23:58:00,486.7633915122036,14.889923208872517,0
2023-01-06 23:59:00,391.54987426427743,13.333764665943082,0
2023-01-07 00:00:00,550.4242140253875,13.446032349116944,0
2023-01-07 00:01:00,486.894336512435,15.58039933097194,0
2023-01-07 00:02:00,583.9997958562568,14.467026079337458,0
2023-01-07 00:03:00,541.9232713365378,14.694647617592139,0
2023-01-07 00:04:00,477.7603491182253,14.75896867640168,0
2023-01-07 00:05:00,532.9925760482953,15.584450279042743,0
2023-01-07 00:06:00,463.2225725510148,16.791509293017334,0
2023-01-07 00:07:00,529.821475600074,14.417117009105144,0
2023-01-07 00:08:00,485.0514371583397,14.484361500242416,0
2023-01-07 00:09:00,552.9744401916919,14.149550520069557,0
2023-01-07 00:10:00,465.50890448960894,15.650093028602154,0
2023-01-07 00:11:00,567.8022896856518,14.060633956687115,0
2023-01-07 00:12:00,518.8034663582747,15.36098446046084,0
2023-01-07 00:13:00,465.9943624133547,15.585637774613332,0
2023-01-07 00:14:00,418.8290305126185,13.666630977703736,0
2023-01-07 00:15:00,541.3703516851904,14.80186827752633,0
2023-01-07 00:16:00,571.6651941271064,13.600824547552385,0
2023-01-07 00:17:00,487.3328648190339,13.640800292665132,0
2023-01-07 00:18:00,483.9784324055999,14.640831071054341,0
2023-01-07 00:19:00,457.54904806648426,14.278646334399202,0
2023-01-07 00:20:00,583.9657995113067,14.110745830900767,0
2023-01-07 00:21:00,554.6223791545347,14.45200135984634,0
2023-01-07 00:22:00,474.9163190378307,15.489544579795963,0
2023-01-07 00:23:00,515.7920705528068,15.298348898746985,0
2023-01-07 00:24:00,425.0405047385117,17.169722161146858,0
2023-01-07 00:25:00,501.903592839004,16.31926083000284,0
2023-01-07 00:26:00,547.0257053761651,15.361494182850656,0
2023-01-07 00:27:00,533.2303761105802,16.450244808436146,0
2023-01-07 00:28:00,414.192550146405,13.342034654198077,0
2023-01-07 00:29:00,521.8962729913256,14.782773135046133,0
2023-01-07 00:30:00,514.4576584392692,15.605547859933468,0
2023-01-07 00:31:00,630.3431399242828,15.822652354871444,0
2023-01-07 00:32:00,535.6631072976676,14.288991266682421,0
2023-01-07 00:33:00,431.5506500658483,14.140392478718814,0
2023-01-07 00:34:00,531.6571531487116,14.930476493705733,0
2023-01-07 00:35:00,542.9346146187858,16.354231267388396,0
2023-01-07 00:36:00,440.79184835369006,15.100468207370268,0
2023-01-07 00:37:00,507.6795025140573,16.294962327943345,0
2023-01-07 00:38:00,578.7878943608027,12.933733871802152,0
2023-01-07 00:39:00,521.3294568478915,14.257182804590327,0
2023-01-07 00:40:00,596.6211678597468,14.139183860738466,0
2023-01-07 00:41:00,576.3877928933474,16.1017048251843,0
2023-01-07 00:42:00,540.6800466090606,14.324971306200352,0
2023-01-07 00:43:00,611.5761248323691,14.36517970976281,0
2023-01-07 00:44:00,637.0912475230723,14.996721258031222,0
2023-01-07 00:45:00,514.8121419428373,15.89827022968092,0
2023-01-07 00:46:00,431.1785865564772,17.370495490585892,0
2023-01-07 00:47:00,614.2589323730326,16.10875403192054,0
2023-01-07 00:48:00,570.8384317430127,15.632632668294551,0
2023-01-07 00:49:00,558.3081802465077,16.580476811000228,0
2023-01-07 00:50:00,501.42183628108535,13.498391618012425,0
2023-01-07 00:51:00,558.7504198934182,14.537140224099742,0
2023-01-07 00:52:00,556.6740939769671,15.28112840311095,0
2023-01-07 00:53:00,542.8610023912395,14.362315968106635,0
2023-01-07 00:54:00,547.4256387587775,15.615899196984676,0
2023-01-07 00:55:00,519.4132595901785,15.788149632749017,0
2023-01-07 00:56:00,599.039553813765,13.295896865803297,0
2023-01-07 00:57:00,615.143573577699,16.955883560766345,0
2023-01-07 00:58:00,512.3190962827708,14.00170835477318,0
2023-01-07 00:59:00,472.2050262509257,15.59145580668041,0
2023-01-07 01:00:00,1076.8656835121515,13.947048987896277,0
2023-01-07 01:01:00,541.91357498341,15.430392134336241,0
2023-01-07 01:02:00,545.576071224259,17.588302286502998,0
2023-01-07 01:03:00,462.4786883809974,16.26980866325032,0
2023-01-07 01:04:00,535.2340499153662,15.580956141749471,0
2023-01-07 01:05:00,565.3927750615743,14.981255645438097,0
2023-01-07 01:06:00,488.9061579279834,15.507366004032143,0
2023-01-07 01:07:00,586.3173527490768,14.951528859545734,0
2023-01-07 01:08:00,526.4237355587013,16.400458297445756,0
2023-01-07 01:09:00,461.42729017869203,16.458091144787673,0
2023-01-07 01:10:00,576.5703829706268,16.13111688695056,0
2023-01-07 01:11:00,524.1371460724876,15.245995113623035,0
2023-01-07 01:12:00,544.995226903985,16.246400583253504,0
2023-01-07 01:13:00,534.1820567327352,17.459382473102558,0
2023-01-07 01:14:00,583.7056862301572,16.921590902180615,0
2023-01-07 01:15:00,534.3423004435649,15.063636563862419,0
2023-01-07 01:16:00,544.1964879293768,15.589379485392957,0
2023-01-07 01:17:00,615.7735885929864,15.32164333805961,0
2023-01-07 01:18:00,600.2287033388687,16.598737813712678,0
2023-01-07 01:19:00,560.9396305686676,14.467128109366673,0
2023-01-07 01:20:00,551.1572364809155,17.006045902722782,0
2023-01-07 01:21:00,474.11519412122533,14.15980652665084,0
2023-01-07 01:22:00,535.7905166720707,14.248068864781809,0
2023-01-07 01:23:00,543.3889593485468,14.88586126817826,0
2023-01-07 01:24:00,575.5597230108566,16.28335888637244,0
2023-01-07 01:25:00,493.2792005348672,15.956351795300924,0
2023-01-07 01:26:00,528.9584805080923,14.392156906890216,0
2023-01-07 01:27:00,674.0118091854478,15.541148143650194,0
2023-01-07 01:28:00,571.8029476297042,15.658548539878195,0
2023-01-07 01:29:00,611.0057252471503,14.682454447090688,0
2023-01-07 01:30:00,596.8904074086531,14.397300538275163,0
2023-01-07 01:31:00,589.6085544109743,13.450113887765813,0
2023-01-07 01:32:00,563.3972764127243,14.860030047100441,0
2023-01-07 01:33:00,621.6996724701548,16.688888415766606,0
2023-01-07 01:34:00,558.8542982141468,15.973590589160528,0
2023-01-07 01:35:00,604.4426438629082,14.34879730845408,0
2023-01-07 01:36:00,557.3800250678645,14.283026960652467,0
2023-01-07 01:37:00,609.3566819304127,15.697220177718986,0
2023-01-07 01:38:00,580.3870492782465,16.075214805266747,0
2023-01-07 01:39:00,606.5844513251917,15.494509390714363,0
2023-01-07 01:40:00,722.1942351138855,16.49293815065847,0
2023-01-07 01:41:00,631.1834221296609,16.539900305729557,0
2023-01-07 01:42:00,561.8947274468006,15.383038627147002,0
2023-01-07 01:43:00,536.7502103024287,16.99189434279816,0
2023-01-07 01:44:00,544.2399384780988,15.369814136893684,0
2023-01-07 01:45:00,565.6551477559036,16.261672102598297,0
2023-01-07 01:46:00,601.4275003265806,17.086555936160085,0
2023-01-07 01:47:00,609.3745493450476,16.285407422175567,0
2023-01-07 01:48:00,578.836825237929,16.073646846987106,0
2023-01-07 01:49:00,573.0804128650763,14.890893737574997,0
2023-01-07 01:50:00,591.8292385932184,14.238544349654397,0
2023-01-07 01:51:00,574.8178665795631,14.574233357725602,0
2023-01-07 01:52:00,591.4937923754856,14.173114749580494,0
2023-01-07 01:53:00,549.4360646325205,14.482793320179406,0
2023-01-07 01:54:00,554.2118109655305,14.718280515119284,0
2023-01-07 01:55:00,563.0244540279227,16.253180657202467,0
2023-01-07 01:56:00,600.7181596558453,15.918166415764375,0
2023-01-07 01:57:00,573.0571335390935,15.233114250092038,0
2023-01-07 01:58:00,549.3964920077049,15.72020526905256,0
2023-01-07 01:59:00,646.526803712841,16.413951481354967,0
2023-01-07 02:00:00,551.8773165787842,16.97236464122577,0
2023-01-07 02:01:00,633.3834009465987,16.078666916747725,0
2023-01-07 02:02:00,605.3635776109008,15.535084220924215,0
2023-01-07 02:03:00,642.1347652497244,15.32020763009715,0
2023-01-07 02:04:00,579.3316976476327,16.204395178769754,0
2023-01-07 02:05:00,583.9670478830263,15.202851087467598,0
2023-01-07 02:06:00,554.0048246018849,15.141156815480615,0
2023-01-07 02:07:00,600.7162281853907,18.187480591457536,0
2023-01-07 02:08:00,576.580131320178,17.38206303051587,0
2023-01-07 02:09:00,615.6338723166575,16.15249957205915,0
2023-01-07 02:10:00,643.5659721853325,14.512802628494413,0
2023-01-07 02:11:00,647.2576557110658,16.08871175847126,0
2023-01-07 02:12:00,578.3510024359888,17.817403004140438,0
2023-01-07 02:13:00,668.541252434578,16.619078238092076,0
2023-01-07 02:14:00,596.9249156887288,18.761250148796485,0
2023-01-07 02:15:00,632.9299007010777,15.657241372138548,0
2023-01-07 02:16:00,556.2617083556995,16.327567425800655,0
2023-01-07 02:17:00,600.7465131768549,15.153423690511993,0
2023-01-07 02:18:00,675.3008326382081,17.797799850797347,0
2023-01-07 02:19:00,659.8652421248253,16.65962161737725,0
2023-01-07 02:20:00,628.3878114285682,15.83730419497229,0
2023-01-07 02:21:00,576.3237122109292,14.671343113040852,0
2023-01-07 02:22:00,506.57281438408455,17.07781759180777,0
2023-01-07 02:23:00,534.4908046994913,17.673081118006877,0
2023-01-07 02:24:00,578.3399709191148,17.673448654326474,0
2023-01-07 02:25:00,588.5004301815208,17.051456122163646,0
2023-01-07 02:26:00,585.2835964928738,16.125184556159375,0
2023-01-07 02:27:00,667.2269704443798,14.425283123057723,0
2023-01-07 02:28:00,670.8976773693272,15.053813393719503,0
2023-01-07 02:29:00,580.0160456913463,13.75675922834105,0
2023-01-07 02:30:00,641.2864696185459,15.008496332744672,0
2023-01-07 02:31:00,654.9747268151825,15.16903719797536,0
2023-01-07 02:32:00,604.1053369403589,17.196358532728606,0
2023-01-07 02:33:00,656.0733429726255,17.09367554391989,0
2023-01-07 02:34:00,657.0184028686681,16.07828436764,0
2023-01-07 02:35:00,705.5844676058772,15.998446138158313,0
2023-01-07 02:36:00,668.4914220573206,16.724116528682003,0
2023-01-07 02:37:00,638.5321969263665,16.679037036402125,0
2023-01-07 02:38:00,634.674043484378,16.247655614911107,0
2023-01-07 02:39:00,641.5301467827816,17.09318693574191,0
2023-01-07 02:40:00,1110.821576641239,15.821478624783538,0
2023-01-07 02:41:00,514.198904136751,16.888833430607924,0
2023-01-07 02:42:00,631.0111660522089,14.638194874491498,0
2023-01-07 02:43:00,596.5501549688215,16.395414392215574,0
2023-01-07 02:44:00,558.4672866556521,15.733479523075937,0
2023-01-07 02:45:00,616.5843885045076,16.670016232655982,0
2023-01-07 02:46:00,654.4812163287432,18.212340322800483,0
2023-01-07 02:47:00,696.4116345169066,15.677699412492695,0
2023-01-07 02:48:00,600.9301340954161,15.785662616878271,0
2023-01-07 02:49:00,636.6662894895348,16.03432580136371,0
2023-01-07 02:50:00,628.4495602754296,16.345344865699172,0
2023-01-07 02:51:00,653.5309958216958,15.847440859024156,0
2023-01-07 02:52:00,610.9548988676223,16.461136627450436,0
2023-01-07 02:53:00,610.1107881226145,15.533775112433567,0
2023-01-07 02:54:00,630.4146588630914,17.690777864498706,0
2023-01-07 02:55:00,606.5918734371372,17.249766154383877,0
2023-01-07 02:56:00,662.9900501617867,18.165789112369342,0
2023-01-07 02:57:00,530.1115994072892,15.020228456562906,0
2023-01-07 02:58:00,659.709143440701,15.757018057492589,0
2023-01-07 02:59:00,670.6339183389882,15.357309133536656,0
2023-01-07 03:00:00,688.6691169203137,15.189848877182387,0
2023-01-07 03:01:00,716.8571938318504,16.192254370468984,0
2023-01-07 03:02:00,617.9515799454921,17.748633591572418,0
2023-01-07 03:03:00,683.694819576632,17.557292277233767,0
2023-01-07 03:04:00,570.9851898323789,15.83307138296412,0
2023-01-07 03:05:00,740.0529463421437,15.589164627085019,0
2023-01-07 03:06:00,629.2228274501653,16.332497753981116,0
2023-01-07 03:07:00,685.8990902222433,16.130323943560136,0
2023-01-07 03:08:00,602.1875835916613,16.553990232742677,0
2023-01-07 03:09:00,708.0371918922549,17.490673853451696,0
2023-01-07 03:10:00,697.1892965367629,19.73058420979923,0
2023-01-07 03:11:00,624.003621840927,15.17431495333209,0
2023-01-07 03:12:00,735.9256207728249,17.37002570209454,0
2023-01-07 03:13:00,732.4540413947256,14.897397921086835,0
2023-01-07 03:14:00,680.364289118337,17.089804083010698,0
2023-01-07 03:15:00,698.8957140921175,16.051275599696307,0
2023-01-07 03:16:00,731.893597621035,14.842234604469306,0
2023-01-07 03:17:00,598.6416484543553,16.417772831872984,0
2023-01-07 03:18:00,629.0697218560089,15.097185167229897,0
2023-01-07 03:19:00,744.5357695568613,14.323174001554547,0
2023-01-07 03:20:00,725.8601872511041,15.042552884606135,0
2023-01-07 03:21:00,555.4200728667225,18.609166265404557,0
2023-01-07 03:22:00,761.2156295027597,17.234057607694126,0
2023-01-07 03:23:00,690.6927540983719,17.41336807430623,0
2023-01-07 03:24:00,622.1296971568651,15.851959087046206,0
2023-01-07 03:25:00,696.1445174458465,16.379130266781416,0
2023-01-07 03:26:00,550.7449170491302,16.6109698794968,0
2023-01-07 03:27:00,726.8919907726332,18.65073658415309,0
2023-01-07 03:28:00,631.1139045803155,16.782826844666577,0
2023-01-07 03:29:00,701.5245469811618,16.507522042367928,0
2023-01-07 03:30:00,620.2811060790275,18.602344690615087,0
2023-01-07 03:31:00,602.1681973606162,15.332990250276989,0
2023-01-07 03:32:00,635.820619848509,16.157705657667663,0
2023-01-07 03:33:00,634.4054201135492,16.4344561249081,0
2023-01-07 03:34:00,603.3532640166713,18.25202306564784,0
2023-01-07 03:35:00,668.640496526164,16.26072046973648,0
2023-01-07 03:36:00,676.4222375869987,16.433721254841043,0
2023-01-07 03:37:00,690.9630326415025,16.771091272441584,0
2023-01-07 03:38:00,648.8758536977703,16.01096973751389,0
2023-01-07 03:39:00,621.5730458843113,17.653713977460118,0
2023-01-07 03:40:00,657.8252463393367,16.062526377954793,0
2023-01-07 03:41:00,575.9720954267818,17.297611075241214,0
2023-01-07 03:42:00,678.6860225967004,15.605550092427476,0
2023-01-07 03:43:00,672.7422766814549,18.10511393425895,0
2023-01-07 03:44:00,667.6416821919016,17.789867961651655,0
2023-01-07 03:45:00,607.7119292317687,16.518975616715615,0
2023-01-07 03:46:00,634.9581673663138,14.423646459302736,0
2023-01-07 03:47:00,685.8070023582874,16.8833750835056,0
2023-01-07 03:48:00,620.1078571831995,16.801378657548423,0
2023-01-07 03:49:00,570.0388083405962,17.146134826293192,0
2023-01-07 03:50:00,714.0917120684908,16.55363563101793,0
2023-01-07 03:51:00,689.973972529998,19.026091060960074,0
2023-01-07 03:52:00,622.4885949155542,15.865365162608166,0
2023-01-07 03:53:00,642.8036461773586,16.400003859176273,0
2023-01-07 03:54:00,697.1830687503845,15.990842586676603,0
2023-01-07 03:55:00,698.8079903884636,17.13243818154481,0
2023-01-07 03:56:00,691.18766854748,15.563535578875124,0
2023-01-07 03:57:00,713.3043755546579,15.889967047563083,0
2023-01-07 03:58:00,688.9023501721282,17.49217379203392,0
2023-01-07 03:59:00,652.4755221762048,15.348899043671736,0
2023-01-07 04:00:00,645.8710427651691,16.16332733280745,0
2023-01-07 04:01:00,641.3442990854902,16.42087457865255,0
2023-01-07 04:02:00,706.2699480958382,15.851857538092021,0
2023-01-07 04:03:00,664.0250073529194,17.155075528175924,0
2023-01-07 04:04:00,763.3224451486028,16.614304207601343,0
2023-01-07 04:05:00,633.9073747983517,17.154869032021484,0
2023-01-07 04:06:00,599.5165626255033,16.738612294095745,0
2023-01-07 04:07:00,645.0824299967327,18.710934824920415,0
2023-01-07 04:08:00,706.7281737731004,18.16909990639119,0
2023-01-07 04:09:00,680.8403450201687,18.7117633803604,0
2023-01-07 04:10:00,646.7071714116441,15.716251132173493,0
2023-01-07 04:11:00,625.8033894775739,17.98431608032683,0
2023-01-07 04:12:00,706.4468421071576,16.62333098243916,0
2023-01-07 04:13:00,606.0728635842488,17.848294188738976,0
2023-01-07 04:14:00,650.5284017342778,16.774085764275473,0
2023-01-07 04:15:00,771.2099499788976,17.319473070231588,0
2023-01-07 04:16:00,624.6215831604978,18.44443148299345,0
2023-01-07 04:17:00,677.7015384533065,16.791480153118986,0
2023-01-07 04:18:00,654.215766225099,18.35109582883347,0
2023-01-07 04:19:00,718.1968953849956,17.193725378922302,0
2023-01-07 04:20:00,1094.7867491892996,18.551561339393345,0
2023-01-07 04:21:00,626.0549398705579,17.97630976253354,0
2023-01-07 04:22:00,644.0590192126425,16.59308222416017,0
2023-01-07 04:23:00,723.4428485065425,17.42812728834943,0
2023-01-07 04:24:00,746.8172653344982,17.187320056152963,0
2023-01-07 04:25:00,591.1815209140318,17.79548214585129,0
2023-01-07 04:26:00,667.097327487119,15.839278664633845,0
2023-01-07 04:27:00,657.175306837249,15.85680318357946,0
2023-01-07 04:28:00,610.528840096644,16.16494793199454,0
2023-01-07 04:29:00,640.5750859674898,16.791744895567863,0
2023-01-07 04:30:00,683.4944360696502,17.352209549836004,0
2023-01-07 04:31:00,666.2517616785468,17.939792431306994,0
2023-01-07 04:32:00,621.5470957942131,18.947316912650713,0
2023-01-07 04:33:00,690.578558821286,17.144610697958797,0
2023-01-07 04:34:00,678.9086238155651,16.71462779950719,0
2023-01-07 04:35:00,754.3070891897405,18.342300088627766,0
2023-01-07 04:36:00,663.0982527302284,18.29293402490785,0
2023-01-07 04:37:00,784.1878877116907,15.931912864496564,0
2023-01-07 04:38:00,657.6690121351118,13.918868172435184,0
2023-01-07 04:39:00,720.4373540442361,14.341416401206416,0
2023-01-07 04:40:00,654.4844670311553,15.889747670479528,0
2023-01-07 04:41:00,572.2558482896343,16.854415351274632,0
2023-01-07 04:42:00,740.5515630268217,17.137807330139232,0
2023-01-07 04:43:00,696.9111559777589,15.869739683411908,0
2023-01-07 04:44:00,626.5234423769858,16.25548181474063,0
2023-01-07 04:45:00,660.4778010017612,19.368193941147936,0
2023-01-07 04:46:00,675.9075078721049,16.883567105225918,0
2023-01-07 04:47:00,642.4725853411068,18.229364088432906,0
2023-01-07 04:48:00,631.2901011530146,16.041112032283007,0
2023-01-07 04:49:00,696.3175337848469,16.352090595791637,0
2023-01-07 04:50:00,787.020443676729,16.816645109719,0
2023-01-07 04:51:00,676.9628187585053,19.554882885500522,0
2023-01-07 04:52:00,616.0301569149038,17.47483087105212,0
2023-01-07 04:53:00,691.7777270199934,17.150866294843137,0
2023-01-07 04:54:00,688.6243981916714,16.48391840730394,0
2023-01-07 04:55:00,676.2275344341609,16.45621763316775,0
2023-01-07 04:56:00,676.8578244820199,16.15597889813175,0
2023-01-07 04:57:00,710.9613063838028,17.006402001138923,0
2023-01-07 04:58:00,659.9790975511215,16.83498058452973,0
2023-01-07 04:59:00,681.64503276865,16.762484632250203,0
2023-01-07 05:00:00,638.1240140838372,18.986859129439217,0
2023-01-07 05:01:00,716.5276001086517,16.735008324626108,0
2023-01-07 05:02:00,736.6859280031733,15.552039328880118,0
2023-01-07 05:03:00,708.6356942221869,17.143144935038237,0
2023-01-07 05:04:00,693.5145703887467,17.809149822540654,0
2023-01-07 05:05:00,690.8137652301488,17.73661076070773,0
2023-01-07 05:06:00,706.8339825550421,16.86777627633176,0
2023-01-07 05:07:00,726.6187412669623,18.39940416909161,0
2023-01-07 05:08:00,715.93946203886,17.182368088172904,0
2023-01-07 05:09:00,705.1531813760297,17.838644639120126,0
2023-01-07 05:10:00,742.2637939127819,16.538426149568174,0
2023-01-07 05:11:00,638.6127570124797,15.751733526452629,0
2023-01-07 05:12:00,631.0711088498504,17.05340242208567,0
2023-01-07 05:13:00,661.0896482124203,15.595805025299946,0
2023-01-07 05:14:00,679.8862834478697,17.83436420202855,0
2023-01-07 05:15:00,624.5917894807089,17.475913395036034,0
2023-01-07 05:16:00,718.5278455261183,18.502916280682257,0
2023-01-07 05:17:00,712.9664173247675,19.23703944671431,0
2023-01-07 05:18:00,726.1780300930922,18.304867333875336,0
2023-01-07 05:19:00,697.3736922835392,16.815132240657242,0
2023-01-07 05:20:00,652.6505171208124,17.435236175639922,0
2023-01-07 05:21:00,734.2914242356727,17.98993712229622,0
2023-01-07 05:22:00,629.7302336369646,18.590235164282717,0
2023-01-07 05:23:00,715.1480769482303,18.176280836067978,0
2023-01-07 05:24:00,747.1009088186057,16.338063197653415,0
2023-01-07 05:25:00,622.5937790652174,15.998098300846065,0
2023-01-07 05:26:00,603.817076803789,17.22214308480475,0
2023-01-07 05:27:00,589.1211188991281,16.805224688081797,0
2023-01-07 05:28:00,758.1610440537027,18.10961833436079,0
2023-01-07 05:29:00,711.3657869278044,17.50846988266068,0
2023-01-07 05:30:00,687.7706864108228,17.118635677737302,0
2023-01-07 05:31:00,575.3315757512726,16.47716330952402,0
2023-01-07 05:32:00,687.2806206322432,18.00130989946598,0
2023-01-07 05:33:00,690.6116274488571,18.12514188097953,0
2023-01-07 05:34:00,774.1545410164036,15.48412582884369,0
2023-01-07 05:35:00,695.3691043371631,15.15034859190296,0
2023-01-07 05:36:00,723.726455304058,17.830053429900893,0
2023-01-07 05:37:00,657.5363274176831,18.710640775965935,0
2023-01-07 05:38:00,617.9490180633981,16.643217171534555,0
2023-01-07 05:39:00,644.1029351257639,18.404041556085012,0
2023-01-07 05:40:00,779.6396661468872,16.57371618699329,0
2023-01-07 05:41:00,697.1539009510556,16.6136395704825,0
2023-01-07 05:42:00,679.9810846321283,16.97664848456637,0
2023-01-07 05:43:00,793.6848472531154,17.753037557855592,0
2023-01-07 05:44:00,726.3358313060974,17.408719340256123,0
2023-01-07 05:45:00,696.9090662152233,18.564400808305276,0
2023-01-07 05:46:00,728.6091914264982,18.328432555355175,0
2023-01-07 05:47:00,749.5691861152472,17.427947027105382,0
2023-01-07 05:48:00,764.9939014024893,16.57745348869523,0
2023-01-07 05:49:00,745.4802018924804,18.318230711595437,0
2023-01-07 05:50:00,717.4537118735664,17.74041868100066,0
2023-01-07 05:51:00,723.0224889243323,17.380671725836304,0
2023-01-07 05:52:00,659.7280158243999,18.523547160952386,0
2023-01-07 05:53:00,659.5342209228786,15.916995387813767,0
2023-01-07 05:54:00,791.8641859347377,17.49614808183892,0
2023-01-07 05:55:00,693.9418053125308,17.794882540731987,0
2023-01-07 05:56:00,717.050810882828,17.417164304384464,0
2023-01-07 05:57:00,774.9186087424831,18.188242369740237,0
2023-01-07 05:58:00,730.4262707535171,18.287114256352545,0
2023-01-07 05:59:00,702.7175143897613,17.428849316431595,0
2023-01-07 06:00:00,1159.0851719488933,18.301788109126026,0
2023-01-07 06:01:00,630.955435607428,17.85621027287646,0
2023-01-07 06:02:00,806.5385328037819,17.336247470867963,0
2023-01-07 06:03:00,696.2191352529956,17.018504486988938,0
2023-01-07 06:04:00,738.7570234757909,18.4952118602209,0
2023-01-07 06:05:00,686.1706367358531,17.934152715025846,0
2023-01-07 06:06:00,649.1643459312583,19.368823885817744,0
2023-01-07 06:07:00,662.6940821057252,17.452100626929724,0
2023-01-07 06:08:00,685.581122497204,17.254689312818694,0
2023-01-07 06:09:00,649.9341776829804,17.94811050682562,0
2023-01-07 06:10:00,676.2217399977408,16.913830230484987,0
2023-01-07 06:11:00,590.8150312742332,16.58730682176763,0
2023-01-07 06:12:00,690.5942532524127,16.287317285026738,0
2023-01-07 06:13:00,648.4598715216569,18.258280484481833,0
2023-01-07 06:14:00,763.6634216408536,17.356231646932017,0
2023-01-07 06:15:00,672.4879445134799,18.256408541404255,0
2023-01-07 06:16:00,641.3740356323959,16.84630200256702,0
2023-01-07 06:17:00,698.990803761758,18.884961724749736,0
2023-01-07 06:18:00,791.9002391701897,19.125704276759905,0
2023-01-07 06:19:00,697.1654630445895,16.90076340664523,0
2023-01-07 06:20:00,690.212410458363,15.946792794813687,0
2023-01-07 06:21:00,743.3301319596761,16.080436624732034,0
2023-01-07 06:22:00,702.2108239166988,17.592293949550474,0
2023-01-07 06:23:00,747.5606831243852,17.106257741101626,0
2023-01-07 06:24:00,665.2484109809355,16.79472725730602,0
2023-01-07 06:25:00,756.4866791014981,16.80359692949903,0
2023-01-07 06:26:00,706.8127499458064,17.483935488579625,0
2023-01-07 06:27:00,739.9267622089833,16.97692397209257,0
2023-01-07 06:28:00,694.9502760929859,17.4526160786753,0
2023-01-07 06:29:00,654.9373375051111,18.043922522695414,0
2023-01-07 06:30:00,643.0911053718808,18.011488075133688,0
2023-01-07 06:31:00,740.9682234273224,17.403271368627813,0
2023-01-07 06:32:00,701.2337598829118,18.95207432614853,0
2023-01-07 06:33:00,779.3647550544929,17.37670957752867,0
2023-01-07 06:34:00,635.8378504515445,19.482296073484,0
2023-01-07 06:35:00,772.4294453020534,19.99821927217536,0
2023-01-07 06:36:00,757.2253700853464,17.71198739790474,0
2023-01-07 06:37:00,684.7403766157925,18.529203866699778,0
2023-01-07 06:38:00,651.6393450980324,15.954210800780858,0
2023-01-07 06:39:00,697.6703012494966,18.30814400426438,0
2023-01-07 06:40:00,706.452211813444,15.881939647052324,0
2023-01-07 06:41:00,650.2684397152667,18.70324880359084,0
2023-01-07 06:42:00,608.2271618922381,17.184794730490438,0
2023-01-07 06:43:00,645.6923315850795,18.263181128023916,0
2023-01-07 06:44:00,660.8683562158951,18.6315542508023,0
2023-01-07 06:45:00,721.1586895495678,18.82628143110209,0
2023-01-07 06:46:00,692.0217715498826,17.886056410521782,0
2023-01-07 06:47:00,729.175129069053,18.66134824730888,0
2023-01-07 06:48:00,701.3039744696049,19.165437084160878,0
2023-01-07 06:49:00,610.2579268108493,18.352523399829845,0
2023-01-07 06:50:00,632.8248886956025,17.744600824490096,0
2023-01-07 06:51:00,698.9606388636217,18.44313625512717,0
2023-01-07 06:52:00,644.5687379209455,17.984181423750048,0
2023-01-07 06:53:00,669.7134784254728,18.88338885008124,0
2023-01-07 06:54:00,619.1785103365773,19.50663654719366,0
2023-01-07 06:55:00,719.0659864081856,18.461557796606694,0
2023-01-07 06:56:00,683.3946096559882,17.017388814178148,0
2023-01-07 06:57:00,680.2335783423059,18.80085525171852,0
2023-01-07 06:58:00,706.0994914059625,18.46566499138871,0
2023-01-07 06:59:00,654.7456292820649,17.92378203831515,0
2023-01-07 07:00:00,707.2436437049881,17.994631744010213,0
2023-01-07 07:01:00,681.9715085762131,19.056371983026416,0
2023-01-07 07:02:00,699.8008563497596,18.398222163702638,0
2023-01-07 07:03:00,732.2645332674505,18.657241178757694,0
2023-01-07 07:04:00,653.1107576131357,19.86678191369182,0
2023-01-07 07:05:00,687.9267332998163,19.613487261837538,0
2023-01-07 07:06:00,615.9440313862351,17.976733693246292,0
2023-01-07 07:07:00,670.9308698700903,18.61822577610829,0
2023-01-07 07:08:00,662.4409916687138,18.043657598480507,0
2023-01-07 07:09:00,715.8735196444665,19.04480291676698,0
2023-01-07 07:10:00,652.0315512519054,18.257550383525725,0
2023-01-07 07:11:00,776.0001098903097,19.247894813675117,0
2023-01-07 07:12:00,691.1177550845923,16.07267005605603,0
2023-01-07 07:13:00,668.5941390063041,17.423502731112272,0
2023-01-07 07:14:00,595.8439811480555,17.637358707863736,0
2023-01-07 07:15:00,728.7087569522288,16.48172237189646,0
2023-01-07 07:16:00,690.3162828509923,17.913210561530356,0
2023-01-07 07:17:00,752.5340613740578,17.724364606637256,0
2023-01-07 07:18:00,668.744212883998,19.393630133419155,0
2023-01-07 07:19:00,690.2888232682564,17.027438567040274,0
2023-01-07 07:20:00,686.3679999672554,17.321570416017888,0
2023-01-07 07:21:00,651.6503497974693,16.48399485652295,0
2023-01-07 07:22:00,683.4680074151036,19.342180656614218,0
2023-01-07 07:23:00,605.0914849324165,17.4414989274556,0
2023-01-07 07:24:00,787.4764786136458,19.720308125180118,0
2023-01-07 07:25:00,647.0574683671346,16.711623763309984,0
2023-01-07 07:26:00,760.3289992473893,17.281981148018446,0
2023-01-07 07:27:00,746.2194953413508,17.635519751611145,0
2023-01-07 07:28:00,626.5087761755058,20.18613616291741,0
2023-01-07 07:29:00,689.1787167701465,18.941436536711034,0
2023-01-07 07:30:00,664.2251958628183,18.555023163948267,0
2023-01-07 07:31:00,618.4697498180278,18.372596170795756,0
2023-01-07 07:32:00,746.4272003708169,17.83622491159921,0
2023-01-07 07:33:00,753.3954304690604,17.25378802024487,0
2023-01-07 07:34:00,658.1814912706527,17.612923801969032,0
2023-01-07 07:35:00,703.4533950644787,17.614239943913677,0
2023-01-07 07:36:00,707.1271131027033,18.61615367883784,0
2023-01-07 07:37:00,638.7096065105919,19.733703750689468,0
2023-01-07 07:38:00,641.7651083520536,17.87048677751293,0
2023-01-07 07:39:00,616.8144157762915,16.68707398897871,0
2023-01-07 07:40:00,1184.1636543824957,19.11958081937189,0
2023-01-07 07:41:00,749.0761299171323,17.455461418730817,0
2023-01-07 07:42:00,650.6801451801016,18.025346387647637,0
2023-01-07 07:43:00,679.8145213893267,19.399311118418176,0
2023-01-07 07:44:00,700.8878495249029,18.109362013147926,0
2023-01-07 07:45:00,730.9844267061953,17.496526927337303,0
2023-01-07 07:46:00,652.3367727960753,16.748035195021025,0
2023-01-07 07:47:00,629.2592514514085,19.225472163310805,0
2023-01-07 07:48:00,614.1804585920008,19.172627445532797,0
2023-01-07 07:49:00,662.3022231035793,16.84946352473779,0
2023-01-07 07:50:00,707.707363840195,18.82412591107953,0
2023-01-07 07:51:00,680.5733249801085,19.655481739859752,0
2023-01-07 07:52:00,680.7073416666345,18.04230922354089,0
2023-01-07 07:53:00,652.6272399752631,17.306079288528803,0
2023-01-07 07:54:00,637.4350632109556,17.985262620190813,0
2023-01-07 07:55:00,690.2673943946891,16.745667029653532,0
2023-01-07 07:56:00,651.744788630275,18.377008010131533,0
2023-01-07 07:57:00,640.0810818558213,16.42111254440859,0
2023-01-07 07:58:00,705.4660040144907,18.97754021334167,0
2023-01-07 07:59:00,635.5909575614661,18.014704163767178,0
2023-01-07 08:00:00,689.96307928491,17.131485334170595,0
2023-01-07 08:01:00,656.5517668085645,17.660271960777575,0
2023-01-07 08:02:00,630.139983408091,17.42706851310354,0
2023-01-07 08:03:00,637.2096295822746,17.06145577479365,0
2023-01-07 08:04:00,682.1120963505583,18.074898525114875,0
2023-01-07 08:05:00,619.8350904460252,16.889865917504647,0
2023-01-07 08:06:00,656.3324301313992,19.43624313075597,0
2023-01-07 08:07:00,634.794976977601,18.280758429870634,0
2023-01-07 08:08:00,668.665709411828,18.770907860538184,0
2023-01-07 08:09:00,631.7645963845846,19.400730916137633,0
2023-01-07 08:10:00,770.785595588644,19.486211587107256,0
2023-01-07 08:11:00,635.1611926409603,18.929849598909048,0
2023-01-07 08:12:00,637.9425539940682,18.105915895689943,0
2023-01-07 08:13:00,703.6970759948601,19.02615774783691,0
2023-01-07 08:14:00,716.3014427534664,17.587240664252192,0
2023-01-07 08:15:00,639.9342443880578,17.95291256165399,0
2023-01-07 08:16:00,683.1850562085164,18.75502164929059,0
2023-01-07 08:17:00,560.9086358644304,17.759676907950023,0
2023-01-07 08:18:00,711.5498309638465,16.85160151272302,0
2023-01-07 08:19:00,691.548830551414,17.718234527118753,0
2023-01-07 08:20:00,647.4465419593073,18.156530568553546,0
2023-01-07 08:21:00,759.478732340877,19.60070025227072,0
2023-01-07 08:22:00,586.4720744391951,18.21360811230624,0
2023-01-07 08:23:00,732.1723774378635,19.2127392408655,0
2023-01-07 08:24:00,690.3268024867112,19.1210495786748,0
2023-01-07 08:25:00,674.6556590364129,15.816142497640854,0
2023-01-07 08:26:00,729.7527351502299,18.315936621388886,0
2023-01-07 08:27:00,732.3134172637632,18.52893977791043,0
2023-01-07 08:28:00,660.1958536925065,18.96438370791865,0
2023-01-07 08:29:00,687.4445663534162,17.785323349037707,0
2023-01-07 08:30:00,725.8793831087925,19.261931128903846,0
2023-01-07 08:31:00,661.6655495781224,19.61804315311791,0
2023-01-07 08:32:00,663.4808842764323,19.19822625455134,0
2023-01-07 08:33:00,638.9390635838366,16.872162856383135,0
2023-01-07 08:34:00,648.7011827266989,17.82451654305149,0
2023-01-07 08:35:00,644.8614736394667,19.62216088172837,0
2023-01-07 08:36:00,599.7936253389039,19.484016743901076,0
2023-01-07 08:37:00,570.5416572866127,16.27430943086922,0
2023-01-07 08:38:00,563.6492494834453,18.14550140601265,0
2023-01-07 08:39:00,623.729899115656,17.54924680098488,0
2023-01-07 08:40:00,601.6455960018795,17.063532851877543,0
2023-01-07 08:41:00,657.488867189393,18.037593633001435,0
2023-01-07 08:42:00,750.3162506655489,18.570039399525776,0
2023-01-07 08:43:00,606.5567705948288,17.683219889069058,0
2023-01-07 08:44:00,564.3974630240067,18.326433020826556,0
2023-01-07 08:45:00,688.1675330166398,19.122158400688317,0
2023-01-07 08:46:00,687.591110797358,19.141287458759077,0
2023-01-07 08:47:00,591.8603921492,19.504407180393557,0
2023-01-07 08:48:00,671.0508905377528,16.870364280346795,0
2023-01-07 08:49:00,692.5639672927208,18.772837676450177,0
2023-01-07 08:50:00,637.0332644572709,19.420330735471776,0
2023-01-07 08:51:00,666.6681464725267,18.538843234721245,0
2023-01-07 08:52:00,762.5011193251069,17.74426241716072,0
2023-01-07 08:53:00,667.6695511261933,18.729678722985916,0
2023-01-07 08:54:00,609.0645696189857,18.460574189369922,0
2023-01-07 08:55:00,582.5947827649021,18.116606531366553,0
2023-01-07 08:56:00,673.327680496566,19.06372173127494,0
2023-01-07 08:57:00,687.4281269345823,17.69258831789846,0
2023-01-07 08:58:00,569.7606955556012,16.089365713540897,0
2023-01-07 08:59:00,665.0428121206729,18.82060688115964,0
2023-01-07 09:00:00,628.8686191290354,19.47032830526145,0
2023-01-07 09:01:00,650.4465928750809,19.875194512930094,0
2023-01-07 09:02:00,639.8113677863404,19.351348361615052,0
2023-01-07 09:03:00,599.9485628379847,19.493372352412123,0
2023-01-07 09:04:00,562.0884306491915,18.331337720813327,0
2023-01-07 09:05:00,656.1275561804814,19.798209910288747,0
2023-01-07 09:06:00,657.6754156938881,18.190212709132144,0
2023-01-07 09:07:00,574.8839870092419,18.97998519775964,0
2023-01-07 09:08:00,646.9672583849434,17.379770539825362,0
2023-01-07 09:09:00,631.8097428252025,19.45155280421646,0
2023-01-07 09:10:00,594.2094061869467,16.655950846183018,0
2023-01-07 09:11:00,681.1503670511903,19.47288881386621,0
2023-01-07 09:12:00,644.4779667579148,18.26793291978334,0
2023-01-07 09:13:00,644.4928499815045,19.25695342892324,0
2023-01-07 09:14:00,599.9550031006922,18.889640011731874,0
2023-01-07 09:15:00,673.1014329888493,18.228966064142163,0
2023-01-07 09:16:00,722.6237639158778,15.546159397510783,0
2023-01-07 09:17:00,617.2358885054011,20.247411487106493,0
2023-01-07 09:18:00,668.57757737546,18.566900695994512,0
2023-01-07 09:19:00,665.2605972365058,17.08216644021669,0
2023-01-07 09:20:00,1077.9327763124943,19.75333800137879,0
2023-01-07 09:21:00,680.0210499127957,18.617728019365288,0
2023-01-07 09:22:00,582.3790023348334,20.32928259850535,0
2023-01-07 09:23:00,586.9027722924905,16.714894538889766,0
2023-01-07 09:24:00,552.7041543729513,17.370362703632082,0
2023-01-07 09:25:00,632.3948683065269,19.506751980364196,0
2023-01-07 09:26:00,686.4005478524128,19.737215851478922,0
2023-01-07 09:27:00,606.242609525971,19.062042500572563,0
2023-01-07 09:28:00,599.1099167943152,17.955363593472303,0
2023-01-07 09:29:00,591.980275394889,18.342565094974535,0
2023-01-07 09:30:00,570.1918521945889,19.501964114677335,0
2023-01-07 09:31:00,599.4224563825028,20.531521545208527,0
2023-01-07 09:32:00,547.6243246862107,19.592001895037225,0
2023-01-07 09:33:00,621.1242500303459,19.078373275166946,0
2023-01-07 09:34:00,625.5468276991999,17.22044537569455,0
2023-01-07 09:35:00,658.6808817221684,18.046003996998863,0
2023-01-07 09:36:00,675.8259116610758,18.575725059957914,0
2023-01-07 09:37:00,743.524355894457,20.69685335063558,0
2023-01-07 09:38:00,616.5276076473363,17.68444593869634,0
2023-01-07 09:39:00,590.1848934566236,18.237259369460535,0
2023-01-07 09:40:00,591.0865527700558,19.395656332757497,0
2023-01-07 09:41:00,643.0872736950746,17.411438552324018,0
2023-01-07 09:42:00,565.002965579574,18.29996961783248,0
2023-01-07 09:43:00,588.9197529292977,18.244755154906052,0
2023-01-07 09:44:00,639.2600454828192,19.51599732171801,0
2023-01-07 09:45:00,573.4914368272691,17.822311551691698,0
2023-01-07 09:46:00,667.5287823287192,19.8280847681694,0
2023-01-07 09:47:00,596.0577113423053,19.037160477320032,0
2023-01-07 09:48:00,542.302507780224,18.011800678688854,0
2023-01-07 09:49:00,582.4710505160119,19.436886813706266,0
2023-01-07 09:50:00,672.0334931098766,20.22999487763028,0
2023-01-07 09:51:00,617.9694389612864,17.030155315827074,0
2023-01-07 09:52:00,505.388650063974,19.321787190269575,0
2023-01-07 09:53:00,564.5819031632088,18.541436193649876,0
2023-01-07 09:54:00,637.760030248533,19.021695046606467,0
2023-01-07 09:55:00,482.34415821938785,18.849096570992337,0
2023-01-07 09:56:00,622.445573723795,18.749381003839908,0
2023-01-07 09:57:00,650.7497179558636,17.156362056274208,0
2023-01-07 09:58:00,586.4560895827614,20.21076668492194,0
2023-01-07 09:59:00,559.6399401325641,18.40875240899545,0
2023-01-07 10:00:00,626.2032442064207,20.52158134903812,0
2023-01-07 10:01:00,637.1432033583302,19.595410633853888,0
2023-01-07 10:02:00,676.0143646945678,22.537456404524097,0
2023-01-07 10:03:00,624.7371773562588,19.012062159472524,0
2023-01-07 10:04:00,542.7429353544827,19.541911535901413,0
2023-01-07 10:05:00,467.66109164617666,18.657078421732123,0
2023-01-07 10:06:00,618.5217769941623,18.264456297119988,0
2023-01-07 10:07:00,695.1047234179603,18.53566333076828,0
2023-01-07 10:08:00,584.4648037488371,18.89225577435775,0
2023-01-07 10:09:00,651.6064470244244,18.045986213140015,0
2023-01-07 10:10:00,636.0254840004477,17.7043391376371,0
2023-01-07 10:11:00,633.9028684704522,19.409064239665863,0
2023-01-07 10:12:00,580.3299043101763,19.065642375592166,0
2023-01-07 10:13:00,713.3926407412832,19.39711874917076,0
2023-01-07 10:14:00,538.7354751169398,18.383228807499318,0
2023-01-07 10:15:00,606.8771159749299,19.097405201990707,0
2023-01-07 10:16:00,590.9798073075101,17.807204763060952,0
2023-01-07 10:17:00,510.4461790015706,17.15976366816226,0
2023-01-07 10:18:00,621.85251257155,18.87744123085925,0
2023-01-07 10:19:00,553.3519627843749,18.63153239219406,0
2023-01-07 10:20:00,641.0043925804537,18.866538506283717,0
2023-01-07 10:21:00,581.8471696912386,18.648498066485953,0
2023-01-07 10:22:00,575.4069143968441,17.939290633023123,0
2023-01-07 10:23:00,588.800436033692,18.93031409186361,0
2023-01-07 10:24:00,621.8726340973766,17.87233131980517,0
2023-01-07 10:25:00,570.2770546326277,19.096728569527304,0
2023-01-07 10:26:00,625.2065304956733,18.811960807449744,0
2023-01-07 10:27:00,656.4796196638623,19.19021617872151,0
2023-01-07 10:28:00,546.4522740336532,18.59770511954274,0
2023-01-07 10:29:00,673.7172907380098,20.269503325869298,0
2023-01-07 10:30:00,568.7909156736158,20.106206545536143,0
2023-01-07 10:31:00,509.88295596539035,18.889462512456085,0
2023-01-07 10:32:00,503.13916158400133,17.800289287762503,0
2023-01-07 10:33:00,633.5251070565552,17.65338882936925,0
2023-01-07 10:34:00,593.4623280381777,20.213487241147284,0
2023-01-07 10:35:00,515.5990872799626,19.6531823422325,0
2023-01-07 10:36:00,594.0694368347961,19.546000767432407,0
2023-01-07 10:37:00,648.318307283421,21.638009586995352,0
2023-01-07 10:38:00,505.47059978615346,18.636841535680166,0
2023-01-07 10:39:00,632.0606540687178,19.232813726289603,0
2023-01-07 10:40:00,560.3160444116768,20.840764237285274,0
2023-01-07 10:41:00,541.204124435341,17.131870138362714,0
2023-01-07 10:42:00,435.32437600368786,18.714560536421565,0
2023-01-07 10:43:00,583.8539042085355,19.28905557936878,0
2023-01-07 10:44:00,503.72628794907337,20.704885831811474,0
2023-01-07 10:45:00,471.303469905194,18.107181684598093,0
2023-01-07 10:46:00,476.95204312386625,19.321656373507363,0
2023-01-07 10:47:00,620.0088407763294,17.18708860818565,0
2023-01-07 10:48:00,548.182383313518,19.92314031465498,0
2023-01-07 10:49:00,596.7764178856651,18.369088955702995,0
2023-01-07 10:50:00,549.5496756333113,18.622821672475244,0
2023-01-07 10:51:00,480.1455327100239,19.669252737461616,0
2023-01-07 10:52:00,588.0902108398649,18.505987115743867,0
2023-01-07 10:53:00,605.6359040853438,17.881567870398662,0
2023-01-07 10:54:00,558.8579866825241,17.95876307448118,0
2023-01-07 10:55:00,478.77217252786124,18.083984068671036,0
2023-01-07 10:56:00,546.2350063774081,18.998770526870697,0
2023-01-07 10:57:00,543.3850229076472,18.63755744501139,0
2023-01-07 10:58:00,549.885963507702,18.73882602334154,0
2023-01-07 10:59:00,512.2047574092725,20.362107130588306,0
2023-01-07 11:00:00,975.1543259101229,19.583454002054292,0
2023-01-07 11:01:00,582.4469238802071,18.896978973338705,0
2023-01-07 11:02:00,516.4266374137611,17.793921120679293,0
2023-01-07 11:03:00,445.3689134263967,20.404950664364012,0
2023-01-07 11:04:00,557.1575666181426,18.67852227089195,0
2023-01-07 11:05:00,537.7675012056993,18.16801805592435,0
2023-01-07 11:06:00,567.8625314040769,19.250812462515515,0
2023-01-07 11:07:00,505.80417886208767,17.302177439887323,0
2023-01-07 11:08:00,513.1657837154305,19.577598985378852,0
2023-01-07 11:09:00,483.2647004240863,19.246481850527825,0
2023-01-07 11:10:00,497.2673845702362,19.272338688774994,0
2023-01-07 11:11:00,477.78820434741397,19.907774392104415,0
2023-01-07 11:12:00,511.104833675186,20.073353760886366,0
2023-01-07 11:13:00,475.8865252425812,18.226637033506044,0
2023-01-07 11:14:00,542.1985329481973,18.62946103532813,0
2023-01-07 11:15:00,578.51452832879,20.625328030078922,0
2023-01-07 11:16:00,487.5468769946738,19.208429068513926,0
2023-01-07 11:17:00,522.3442492138362,18.63550742853085,0
2023-01-07 11:18:00,522.3001228443111,17.868908317193522,0
2023-01-07 11:19:00,477.58256084184995,20.667245603020046,0
2023-01-07 11:20:00,510.8670767516139,19.51349735636887,0
2023-01-07 11:21:00,409.7103255985293,17.012487561076597,0
2023-01-07 11:22:00,581.7711102802862,19.618637474544382,0
2023-01-07 11:23:00,556.0830787179157,18.435088106361835,0
2023-01-07 11:24:00,530.6721206798287,18.429584826906403,0
2023-01-07 11:25:00,576.4328080662543,19.94665800975015,0
2023-01-07 11:26:00,541.0233657139296,18.98960829017452,0
2023-01-07 11:27:00,448.82539694019067,19.019795576466322,0
2023-01-07 11:28:00,627.9729235129948,20.540574096602235,0
2023-01-07 11:29:00,527.2864194635177,17.643847315011726,0
2023-01-07 11:30:00,522.8395610218674,19.73693577495987,0
2023-01-07 11:31:00,418.3686228161321,19.031566516535047,0
2023-01-07 11:32:00,573.3125259458834,19.239486745432128,0
2023-01-07 11:33:00,438.5107812070083,19.577637121518702,0
2023-01-07 11:34:00,533.097050417992,20.921196585283674,0
2023-01-07 11:35:00,446.0428512229135,19.543849470170862,0
2023-01-07 11:36:00,477.174643363592,19.659716207627284,0
2023-01-07 11:37:00,496.55089533882204,18.514592063431206,0
2023-01-07 11:38:00,533.3391898416047,19.68953404285965,0
2023-01-07 11:39:00,544.2017633857843,20.302698615098517,0
2023-01-07 11:40:00,473.62803892980696,17.96817667708421,0
2023-01-07 11:41:00,484.2370876276798,19.774901178929113,0
2023-01-07 11:42:00,411.72997154145605,18.800494463823448,0
2023-01-07 11:43:00,498.74572443206233,17.88959734359826,0
2023-01-07 11:44:00,531.4286418955987,19.96998373118475,0
2023-01-07 11:45:00,522.4122953071783,19.92071145267431,0
2023-01-07 11:46:00,443.5397528680712,16.359046181834604,0
2023-01-07 11:47:00,584.47403459281,19.028375195749753,0
2023-01-07 11:48:00,514.6183300697242,19.370713229880565,0
2023-01-07 11:49:00,520.0388384518834,19.97150650649865,0
2023-01-07 11:50:00,523.3107285914343,19.48237773834695,0
2023-01-07 11:51:00,467.8342919196378,18.964475054613565,0
2023-01-07 11:52:00,587.1830770978601,21.08360743955957,0
2023-01-07 11:53:00,562.4781220374921,21.21258689928049,0
2023-01-07 11:54:00,582.5730505077655,19.361369499483835,0
2023-01-07 11:55:00,473.86028643489374,20.041678093885494,0
2023-01-07 11:56:00,484.394147840415,18.601513760694065,0
2023-01-07 11:57:00,481.4121787741955,18.40771716083348,0
2023-01-07 11:58:00,516.1956526561261,20.13520447435205,0
2023-01-07 11:59:00,468.1860379426601,18.075881813716414,0
2023-01-07 12:00:00,537.2907265171993,18.58593496635309,0
2023-01-07 12:01:00,646.7164244369997,18.283227683215195,0
2023-01-07 12:02:00,552.8818560091128,17.89100623703121,0
2023-01-07 12:03:00,461.33953544430767,18.404667869282786,0
2023-01-07 12:04:00,454.2714476093367,20.993508481044998,0
2023-01-07 12:05:00,546.9644961681755,19.546788398992717,0
2023-01-07 12:06:00,492.39194098481227,19.057298530213398,0
2023-01-07 12:07:00,522.0426669597508,18.40929880593475,0
2023-01-07 12:08:00,552.6798856013339,18.855538520019266,0
2023-01-07 12:09:00,571.8811195448133,18.06111750057714,0
2023-01-07 12:10:00,459.73336016732185,18.72118868147696,0
2023-01-07 12:11:00,492.53710669655817,19.0372105171151,0
2023-01-07 12:12:00,521.5601487376828,22.029618507643164,0
2023-01-07 12:13:00,404.9064390909132,19.781290942319764,0
2023-01-07 12:14:00,465.25155522954446,20.792759630568973,0
2023-01-07 12:15:00,503.02315126552526,17.473431794126256,0
2023-01-07 12:16:00,450.7228985345613,18.891769798157345,0
2023-01-07 12:17:00,510.30768649132267,18.275048925028116,0
2023-01-07 12:18:00,426.91710352653564,20.461720410746267,0
2023-01-07 12:19:00,450.0467959252169,18.821898794416082,0
2023-01-07 12:20:00,466.002721902868,19.14623643414084,0
2023-01-07 12:21:00,494.3564919450563,18.867112912374008,0
2023-01-07 12:22:00,435.4478246784682,19.46649542141742,0
2023-01-07 12:23:00,455.7644787144637,19.80814202573819,0
2023-01-07 12:24:00,516.0976024081023,20.36514878544277,0
2023-01-07 12:25:00,534.9965405591064,21.298514949821815,0
2023-01-07 12:26:00,410.8121857506326,21.94280892102272,0
2023-01-07 12:27:00,503.8910285609134,19.19423239500457,0
2023-01-07 12:28:00,493.8803652773446,20.36402829256346,0
2023-01-07 12:29:00,377.20322956440316,19.898013644565122,0
2023-01-07 12:30:00,469.18138282850754,18.782474834548736,0
2023-01-07 12:31:00,472.56287474796363,19.393074666613103,0
2023-01-07 12:32:00,509.62969402645973,18.04387995632435,0
2023-01-07 12:33:00,507.7019514219548,19.56362205865989,0
2023-01-07 12:34:00,397.9004917288196,21.239624012004096,0
2023-01-07 12:35:00,524.4073642438779,18.64078643163714,0
2023-01-07 12:36:00,420.1778964041656,19.555774532350725,0
2023-01-07 12:37:00,386.3820500927985,20.36238312639634,0
2023-01-07 12:38:00,520.8370467192358,19.614304441623727,0
2023-01-07 12:39:00,442.5050324574982,19.96385160429106,0
2023-01-07 12:40:00,989.2323518397367,21.026338295041633,0
2023-01-07 12:41:00,435.29555701616204,20.375175304734928,0
2023-01-07 12:42:00,485.5412105479477,19.09572357942488,0
2023-01-07 12:43:00,478.7353466097344,18.953347581335443,0
2023-01-07 12:44:00,357.64260122277005,20.806646477318406,0
2023-01-07 12:45:00,521.2990770857658,18.461968913813724,0
2023-01-07 12:46:00,522.5297748123387,18.25019812351561,0
2023-01-07 12:47:00,515.209934245541,19.454068011601173,0
2023-01-07 12:48:00,489.2120043860133,19.731750949684567,0
2023-01-07 12:49:00,493.7366193941514,18.239540353551313,0
2023-01-07 12:50:00,458.4744380339203,18.853715769562566,0
2023-01-07 12:51:00,424.3375048463008,21.419860020375243,0
2023-01-07 12:52:00,454.04716655778907,21.30210089898974,0
2023-01-07 12:53:00,394.8590508852972,20.447651979120828,0
2023-01-07 12:54:00,449.3823806778771,20.179164258028027,0
2023-01-07 12:55:00,449.3406706189618,20.9170334341164,0
2023-01-07 12:56:00,401.2969004829409,19.054536203838634,0
2023-01-07 12:57:00,459.18149120720375,19.36741502796522,0
2023-01-07 12:58:00,516.6954662844106,18.305252428214178,0
2023-01-07 12:59:00,459.7832704140182,20.994640286746836,0
2023-01-07 13:00:00,398.11614929095276,19.005486204956856,0
2023-01-07 13:01:00,430.10206838261104,18.461354664925473,0
2023-01-07 13:02:00,483.5997063271315,18.033681773351436,0
2023-01-07 13:03:00,370.125851607025,17.761933123347752,0
2023-01-07 13:04:00,350.0975649408078,19.26537918496782,0
2023-01-07 13:05:00,509.41189371091116,20.737643711914277,0
2023-01-07 13:06:00,390.0244717873213,19.718481355299296,0
2023-01-07 13:07:00,467.80181425524694,20.06190313588155,0
2023-01-07 13:08:00,424.3764635643488,19.64188514911763,0
2023-01-07 13:09:00,438.33454728716237,21.06187113583796,0
2023-01-07 13:10:00,430.1923610250257,18.978999666757428,0
2023-01-07 13:11:00,497.8229632619157,17.78500747742964,0
2023-01-07 13:12:00,430.10124796322157,18.1519467763424,0
2023-01-07 13:13:00,409.7275232311231,19.366121915043664,0
2023-01-07 13:14:00,422.9550549908672,17.91225849260604,0
2023-01-07 13:15:00,336.27523668419565,19.743007019698343,0
2023-01-07 13:16:00,492.20661052407104,18.393308154064467,0
2023-01-07 13:17:00,445.05246821189826,19.521600719737854,0
2023-01-07 13:18:00,421.88691511312004,18.92818246964562,0
2023-01-07 13:19:00,375.61296250407895,20.061164937946998,0
2023-01-07 13:20:00,447.9554505944147,17.64554459450704,0
2023-01-07 13:21:00,317.74152189071776,17.932361543422648,0
2023-01-07 13:22:00,431.1480248492209,18.622372863736338,0
2023-01-07 13:23:00,338.6444127312134,20.022206171879812,0
2023-01-07 13:24:00,402.62346995136807,19.347807795578397,0
2023-01-07 13:25:00,399.7138677269319,21.59570732841263,0
2023-01-07 13:26:00,409.31528849611345,20.993155346527672,0
2023-01-07 13:27:00,393.41557552007646,19.587949208483774,0
2023-01-07 13:28:00,439.193726168369,20.20011725342249,0
2023-01-07 13:29:00,396.4120270062475,18.932224056816903,0
2023-01-07 13:30:00,450.540141054515,20.318438520286424,0
2023-01-07 13:31:00,359.37830710342996,21.16252505378202,0
2023-01-07 13:32:00,433.9487299159882,18.421622706372855,0
2023-01-07 13:33:00,450.7407267770294,18.475093679508014,0
2023-01-07 13:34:00,502.77119003711647,18.644314192281865,0
2023-01-07 13:35:00,515.181542370191,21.60264564903061,0
2023-01-07 13:36:00,451.86976458729475,19.543434240050168,0
2023-01-07 13:37:00,434.6542206657013,21.259082822660293,0
2023-01-07 13:38:00,320.29871845172903,17.566803861358327,0
2023-01-07 13:39:00,367.3503624084623,21.431579589311553,0
2023-01-07 13:40:00,387.7911094515432,20.780715207186677,0
2023-01-07 13:41:00,307.53917269279543,19.304987687423132,0
2023-01-07 13:42:00,445.88780939398436,21.366996746856522,0
2023-01-07 13:43:00,443.097630762489,20.405647939637532,0
2023-01-07 13:44:00,309.98309077114914,18.924639362422738,0
2023-01-07 13:45:00,398.6995773043606,19.251350319964175,0
2023-01-07 13:46:00,439.4014987548396,20.816668618444528,0
2023-01-07 13:47:00,425.9029481869911,19.514161245856123,0
2023-01-07 13:48:00,439.2842210237573,19.194282208047195,0
2023-01-07 13:49:00,385.08570243593414,18.65720222722811,0
2023-01-07 13:50:00,380.3818447934543,19.641274195197074,0
2023-01-07 13:51:00,428.78062446696697,19.818939813531898,0
2023-01-07 13:52:00,449.8600556870841,19.67671172956214,0
2023-01-07 13:53:00,445.1727977542375,18.219872206841874,0
2023-01-07 13:54:00,382.6134640784548,18.699596188025485,0
2023-01-07 13:55:00,512.059262827539,18.36200449850443,0
2023-01-07 13:56:00,405.6267668636799,19.859330705391066,0
2023-01-07 13:57:00,457.1380157249975,18.660545607251326,0
2023-01-07 13:58:00,340.36902389663,17.94485889187593,0
2023-01-07 13:59:00,441.7128748126046,19.74753597137173,0
2023-01-07 14:00:00,440.3921315143871,19.322885514464616,0
2023-01-07 14:01:00,342.0075473543054,19.689736108013804,0
2023-01-07 14:02:00,379.0466913203066,19.199630339161818,0
2023-01-07 14:03:00,386.5027345741406,20.4885744824301,0
2023-01-07 14:04:00,381.4552315747514,18.897917193970194,0
2023-01-07 14:05:00,433.0878363991549,18.80362774817501,0
2023-01-07 14:06:00,429.1388497677676,19.567695169191865,0
2023-01-07 14:07:00,328.9890880255346,18.70040704868335,0
2023-01-07 14:08:00,421.0895581079188,21.315071587632815,0
2023-01-07 14:09:00,374.8668242236881,19.898198183171434,0
2023-01-07 14:10:00,382.8734922083551,20.911211046383716,0
2023-01-07 14:11:00,253.6144224930936,18.927521638045874,0
2023-01-07 14:12:00,332.8986086032953,21.65727363564642,0
2023-01-07 14:13:00,337.20472087868126,19.24667336574956,0
2023-01-07 14:14:00,429.6008813544004,20.42053986498271,0
2023-01-07 14:15:00,469.21439872421365,19.166070933382947,0
2023-01-07 14:16:00,344.4317730730737,18.27442263127213,0
2023-01-07 14:17:00,394.6348311867321,20.44579368515538,0
2023-01-07 14:18:00,354.012809803848,18.409118524067907,0
2023-01-07 14:19:00,420.8075291738131,19.868737384499095,0
2023-01-07 14:20:00,920.9183627152662,19.301754337892053,0
2023-01-07 14:21:00,397.5892038125494,19.211524026602596,0
2023-01-07 14:22:00,404.22543056388514,21.1737931597028,0
2023-01-07 14:23:00,400.47659418673214,19.323821381766738,0
2023-01-07 14:24:00,373.63623057273304,18.92284722938074,0
2023-01-07 14:25:00,485.56894385943724,21.00510355220427,0
2023-01-07 14:26:00,312.90298192650545,18.651439073876663,0
2023-01-07 14:27:00,352.98674525703683,19.6453601961871,0
2023-01-07 14:28:00,393.18676619149716,17.87477708277531,0
2023-01-07 14:29:00,358.7128099947363,18.277237943509206,0
2023-01-07 14:30:00,325.37566058792015,20.049749884449568,0
2023-01-07 14:31:00,408.2000405635839,16.77882760040911,0
2023-01-07 14:32:00,401.41973364141074,20.876614804326728,0
2023-01-07 14:33:00,368.7947932569673,19.73976261922418,0
2023-01-07 14:34:00,415.7559585402945,20.539354545447555,0
2023-01-07 14:35:00,323.1414134927385,21.39055486831056,0
2023-01-07 14:36:00,393.13963934167816,20.90658528400487,0
2023-01-07 14:37:00,393.17083251683425,20.75466782186001,0
2023-01-07 14:38:00,381.37964579696217,21.802549307894743,0
2023-01-07 14:39:00,215.46520480491208,21.67040560133136,0
2023-01-07 14:40:00,379.4472948035035,21.34560323486252,0
2023-01-07 14:41:00,297.82499061671706,19.011494189376144,0
2023-01-07 14:42:00,389.5147468575677,19.74508329696542,0
2023-01-07 14:43:00,437.45162758908447,18.923141578724653,0
2023-01-07 14:44:00,414.99116376956937,20.939340396276794,0
2023-01-07 14:45:00,440.17873494133056,19.87441930624012,0
2023-01-07 14:46:00,330.2151812989394,19.55050060331008,0
2023-01-07 14:47:00,390.0024474574791,21.41466632821639,0
2023-01-07 14:48:00,474.0710562305269,20.71297335213295,0
2023-01-07 14:49:00,349.09197994161696,21.984945887757238,0
2023-01-07 14:50:00,301.1765955538285,19.8769546125362,0
2023-01-07 14:51:00,435.39718617907994,21.00318696009221,0
2023-01-07 14:52:00,348.08308804365987,19.661134504214342,0
2023-01-07 14:53:00,451.0912333349892,18.842751718286777,0
2023-01-07 14:54:00,368.9444645010468,21.134517790199247,0
2023-01-07 14:55:00,315.80342159582676,20.01703717844437,0
2023-01-07 14:56:00,410.8772064973852,19.37396568084683,0
2023-01-07 14:57:00,370.87048209123896,20.078848857591005,0
2023-01-07 14:58:00,333.830050579795,17.93708555883973,0
2023-01-07 14:59:00,342.69505672284134,19.707987423131637,0
2023-01-07 15:00:00,396.15370005863787,21.549361835525215,0
2023-01-07 15:01:00,324.4731955925983,20.321822596807294,0
2023-01-07 15:02:00,363.0759523286956,19.472321295855252,0
2023-01-07 15:03:00,303.26788485849175,19.318592042724923,0
2023-01-07 15:04:00,370.62484706924397,19.834410088865557,0
2023-01-07 15:05:00,333.95934416735355,20.152718446253914,0
2023-01-07 15:06:00,288.86354666625004,19.15455613311989,0
2023-01-07 15:07:00,333.05350188517525,20.943713852432317,0
2023-01-07 15:08:00,346.83988443688304,19.894953684646527,0
2023-01-07 15:09:00,416.3822244223047,22.10960690627079,0
2023-01-07 15:10:00,329.11458397599324,20.300929702494983,0
2023-01-07 15:11:00,341.79893758576713,21.956280071114957,0
2023-01-07 15:12:00,329.4757057377779,20.95383871799908,0
2023-01-07 15:13:00,309.98475962923754,19.51390696771881,0
2023-01-07 15:14:00,306.0125427152821,21.678485831132463,0
2023-01-07 15:15:00,373.1430911874746,17.98055733719071,0
2023-01-07 15:16:00,254.71384497965653,21.422285280353204,0
2023-01-07 15:17:00,316.3098139253991,20.82597400834408,0
2023-01-07 15:18:00,359.9656590849289,19.331696038202043,0
2023-01-07 15:19:00,315.2217434100145,20.6473132765209,0
2023-01-07 15:20:00,263.89018373841645,19.4488400194754,0
2023-01-07 15:21:00,383.4157876494243,20.78450239205382,0
2023-01-07 15:22:00,432.7758096150053,20.103464309135905,0
2023-01-07 15:23:00,395.9357435410831,19.645313579734548,0
2023-01-07 15:24:00,404.75003630516954,19.73559831415091,0
2023-01-07 15:25:00,347.55776236708317,19.30873201429054,0
2023-01-07 15:26:00,361.4206768660425,21.345063706857104,0
2023-01-07 15:27:00,381.57867399465954,21.618963562355184,0
2023-01-07 15:28:00,346.74335100452356,19.43158970447247,0
2023-01-07 15:29:00,452.31396323435445,19.9832366096341,0
2023-01-07 15:30:00,349.60354411137706,20.86599888100492,0
2023-01-07 15:31:00,362.4562525489219,20.764213487742737,0
2023-01-07 15:32:00,288.1828126426105,19.703909604762174,0
2023-01-07 15:33:00,288.1497192431814,17.613786172334077,0
2023-01-07 15:34:00,385.23328935571107,21.442435363224842,0
2023-01-07 15:35:00,346.4657524566008,20.284183268391075,0
2023-01-07 15:36:00,340.023303368067,17.65870589890808,0
2023-01-07 15:37:00,309.6833144686532,20.9914694835531,0
2023-01-07 15:38:00,328.51014023453655,20.376820022027385,0
2023-01-07 15:39:00,286.15343862129635,19.222576020875735,0
2023-01-07 15:40:00,352.13588627417954,21.58541425369035,0
2023-01-07 15:41:00,315.75808193620594,18.94106567545587,0
2023-01-07 15:42:00,334.45169601036474,19.542631003565237,0
2023-01-07 15:43:00,396.10057474509256,21.06067881288635,0
2023-01-07 15:44:00,254.52574612002314,20.713311297710653,0
2023-01-07 15:45:00,413.77151407328626,20.170179719995716,0
2023-01-07 15:46:00,289.34788360999346,18.208471755291704,0
2023-01-07 15:47:00,320.87474428523046,20.508129448719878,0
2023-01-07 15:48:00,344.4356692992448,18.721342311028494,0
2023-01-07 15:49:00,307.9342860916205,21.107545015107274,0
2023-01-07 15:50:00,276.4594395877363,20.106548273411452,0
2023-01-07 15:51:00,386.29516662459815,19.946372718432983,0
2023-01-07 15:52:00,299.37366951170435,20.42481426670907,0
2023-01-07 15:53:00,299.18761184910863,20.879807597382428,0
2023-01-07 15:54:00,341.3277903447605,20.21185645679895,0
2023-01-07 15:55:00,373.8073404785159,21.10475571057184,0
2023-01-07 15:56:00,229.87541700876477,20.58557628217085,0
2023-01-07 15:57:00,326.51371924116097,19.319334068832703,0
2023-01-07 15:58:00,424.4135442985243,19.00539928711819,0
2023-01-07 15:59:00,368.06919773761075,22.18401229920705,0
2023-01-07 16:00:00,762.0620267949998,19.931616658405023,0
2023-01-07 16:01:00,252.59452025097397,19.6634788132651,0
2023-01-07 16:02:00,388.92955266009426,19.019631085638274,0
2023-01-07 16:03:00,355.6622602887565,21.209369743898137,0
2023-01-07 16:04:00,333.2606882241841,18.960995251311374,0
2023-01-07 16:05:00,314.19271671185743,19.18501583572135,0
2023-01-07 16:06:00,380.8834683269063,18.45129223393006,0
2023-01-07 16:07:00,241.01081090927596,19.34639731507574,0
2023-01-07 16:08:00,324.1762017194124,20.85238714395753,0
2023-01-07 16:09:00,257.7684542969704,18.44377978219028,0
2023-01-07 16:10:00,217.69693737301293,20.496401089036393,0
2023-01-07 16:11:00,315.5040673102363,19.6321929728114,0
2023-01-07 16:12:00,352.2716814293066,18.62623981232472,0
2023-01-07 16:13:00,324.8043797194337,19.098840998288402,0
2023-01-07 16:14:00,445.3935222626348,20.46438169065817,0
2023-01-07 16:15:00,444.17381188031743,20.93019875313896,0
2023-01-07 16:16:00,261.0633051684378,20.85706523924666,0
2023-01-07 16:17:00,379.22080851007007,21.528507213519212,0
2023-01-07 16:18:00,326.8698397065657,20.160945026977735,0
2023-01-07 16:19:00,363.41435435786894,20.243540153352654,0
2023-01-07 16:20:00,273.28704306531546,18.00694212094824,0
2023-01-07 16:21:00,306.080878678629,18.443313598239406,0
2023-01-07 16:22:00,280.22016922340697,20.994400024200704,0
2023-01-07 16:23:00,333.55063797970377,20.052830600379387,0
2023-01-07 16:24:00,363.8515274327785,19.937016279108054,0
2023-01-07 16:25:00,336.52785671522815,19.316319584921505,0
2023-01-07 16:26:00,358.8034953136283,20.230818636407005,0
2023-01-07 16:27:00,180.06123047227004,20.66497315717188,0
2023-01-07 16:28:00,314.2489243110497,19.474073208625246,0
2023-01-07 16:29:00,339.2502491378809,20.66117947364478,0
2023-01-07 16:30:00,364.80075182262084,20.135430501686276,0
2023-01-07 16:31:00,385.2302148472188,20.802260688160768,0
2023-01-07 16:32:00,343.7959400593985,22.079391689505517,0
2023-01-07 16:33:00,259.2984650867594,19.83380786682723,0
2023-01-07 16:34:00,391.5118252884395,20.531568784871634,0
2023-01-07 16:35:00,351.93803574869236,19.33609203397579,0
2023-01-07 16:36:00,297.0469449310601,19.245478410075417,0
2023-01-07 16:37:00,275.90218332175556,21.38990350183155,0
2023-01-07 16:38:00,305.4779015651812,20.297574444319196,0
2023-01-07 16:39:00,232.1012023525946,21.067714885205582,0
2023-01-07 16:40:00,292.9192378465905,19.261856515325174,0
2023-01-07 16:41:00,308.998315214437,18.175307444842637,0
2023-01-07 16:42:00,220.14421157162158,20.38898865059422,0
2023-01-07 16:43:00,274.16695799152103,19.284347719638962,0
2023-01-07 16:44:00,308.2630094624398,20.51371966428944,0
2023-01-07 16:45:00,370.42869260267446,18.54822202364022,0
2023-01-07 16:46:00,341.08987636836866,20.393536029562185,0
2023-01-07 16:47:00,240.84829171496744,19.46675610227332,0
2023-01-07 16:48:00,241.51151342052663,20.385103653277962,0
2023-01-07 16:49:00,342.29454599279745,20.22065982699682,0
2023-01-07 16:50:00,362.5382957617394,20.58809850170054,0
2023-01-07 16:51:00,344.3238853734389,19.352032420585935,0
2023-01-07 16:52:00,342.60599777062066,18.94147908580854,0
2023-01-07 16:53:00,366.17398516368405,21.04117136754748,0
2023-01-07 16:54:00,345.236479372768,19.31283620795765,0
2023-01-07 16:55:00,406.3120637023207,19.813390307196098,0
2023-01-07 16:56:00,277.47298927673,21.852804944363257,0
2023-01-07 16:57:00,288.5375723927267,20.96734752860158,0
2023-01-07 16:58:00,365.11010854282483,20.44166701240383,0
2023-01-07 16:59:00,327.95307400991544,18.984230068191934,0
2023-01-07 17:00:00,268.41897941400947,19.97445951579398,0
2023-01-07 17:01:00,395.63519475550686,17.362488853551753,0
2023-01-07 17:02:00,245.02774240938845,19.2529811224201,0
2023-01-07 17:03:00,270.7594473621658,20.47422215213699,0
2023-01-07 17:04:00,338.81886385063837,19.019567102673115,0
2023-01-07 17:05:00,370.52901542072834,20.811368205622276,0
2023-01-07 17:06:00,376.99669009758327,20.613128197233713,0
2023-01-07 17:07:00,361.6006659740915,20.082774721407215,0
2023-01-07 17:08:00,251.94529595483027,20.91967760618602,0
2023-01-07 17:09:00,349.4447432244957,19.68887606725792,0
2023-01-07 17:10:00,256.6969134804261,21.82977865966077,0
2023-01-07 17:11:00,338.3693576979003,19.56560614596175,0
2023-01-07 17:12:00,220.18662196098225,19.1016701612315,0
2023-01-07 17:13:00,315.6655627714184,20.838820809865787,0
2023-01-07 17:14:00,215.27555331406342,18.805189530095276,0
2023-01-07 17:15:00,340.60940172439877,19.776774492460927,0
2023-01-07 17:16:00,267.1131521284183,21.148494603666332,0
2023-01-07 17:17:00,224.091977462881,18.913092958269424,0
2023-01-07 17:18:00,345.15507266950004,21.33201455344329,0
2023-01-07 17:19:00,325.5256817951558,18.710058985334108,0
2023-01-07 17:20:00,238.43756527820943,18.66498895905763,0
2023-01-07 17:21:00,320.61825231870296,19.816880870707564,0
2023-01-07 17:22:00,250.98583182473024,22.319683323292196,0
2023-01-07 17:23:00,355.7852716352918,20.505705243523582,0
2023-01-07 17:24:00,404.08781591743275,20.635439651083065,0
2023-01-07 17:25:00,296.03692055499175,21.13184308239029,0
2023-01-07 17:26:00,146.64719864114295,19.916024614602918,0
2023-01-07 17:27:00,219.5609281864157,21.767930323369608,0
2023-01-07 17:28:00,335.8900667449411,20.080028779453905,0
2023-01-07 17:29:00,346.6578762620732,20.674258414613302,0
2023-01-07 17:30:00,217.0147867432547,19.468881670465144,0
2023-01-07 17:31:00,287.67619929359915,19.305503576633754,0
2023-01-07 17:32:00,223.5055218391774,20.952507553445244,0
2023-01-07 17:33:00,237.21090989735427,19.19011978335319,0
2023-01-07 17:34:00,352.715322314632,18.53347805192098,0
2023-01-07 17:35:00,226.26679071457966,18.648921472433308,0
2023-01-07 17:36:00,339.7790320112457,20.868204551517433,0
2023-01-07 17:37:00,328.0912349225733,18.870420003820172,0
2023-01-07 17:38:00,366.146803237604,18.553503295650213,0
2023-01-07 17:39:00,246.67782093744572,18.81138137456049,0
2023-01-07 17:40:00,874.2639242366004,19.923720966575885,0
2023-01-07 17:41:00,225.76533338297565,20.839869755860857,0
2023-01-07 17:42:00,248.00247879131544,19.71385782867972,0
2023-01-07 17:43:00,376.9632706520057,20.580638926806383,0
2023-01-07 17:44:00,298.7841470829129,21.02264622647285,0
2023-01-07 17:45:00,353.9441279565446,19.572154916977276,0
2023-01-07 17:46:00,318.97545542902077,21.218990827758397,0
2023-01-07 17:47:00,353.5320030468844,18.629714858122586,0
2023-01-07 17:48:00,287.7289467961953,19.184249408989157,0
2023-01-07 17:49:00,359.01167084058153,18.606544776873985,0
2023-01-07 17:50:00,279.8298212978917,20.511819984572984,0
2023-01-07 17:51:00,275.05711823296195,20.023625050435694,0
2023-01-07 17:52:00,302.8657939797209,20.345297207983936,0
2023-01-07 17:53:00,296.4074236211928,19.775000079572248,0
2023-01-07 17:54:00,277.11860065406535,21.042907566955833,0
2023-01-07 17:55:00,254.19958783384286,20.340491069227202,0
2023-01-07 17:56:00,283.157621197214,21.312608932329432,0
2023-01-07 17:57:00,243.32174408678384,20.205802402604633,0
2023-01-07 17:58:00,294.40517889275907,20.25139516265896,0
2023-01-07 17:59:00,264.8250468213149,18.844369351393983,0
2023-01-07 18:00:00,245.73103751401266,20.793710207500364,0
2023-01-07 18:01:00,319.19516056119966,21.88386804246916,0
2023-01-07 18:02:00,291.7720640351273,18.98339347481635,0
2023-01-07 18:03:00,302.6954722842366,20.917226384805392,0
2023-01-07 18:04:00,275.22675362702967,21.390925154728787,0
2023-01-07 18:05:00,241.07907620067294,18.83097616724688,0
2023-01-07 18:06:00,410.0005798547137,19.58594227860006,0
2023-01-07 18:07:00,235.45910796502085,19.997430018078113,0
2023-01-07 18:08:00,281.2199516331186,19.62108788737244,0
2023-01-07 18:09:00,281.9497968500575,21.445482280710106,0
2023-01-07 18:10:00,280.03616410642746,18.778117261849893,0
2023-01-07 18:11:00,311.7676284625533,21.67725187434784,0
2023-01-07 18:12:00,208.6109567075889,20.289490262391038,0
2023-01-07 18:13:00,316.8213195925684,17.975622232228673,0
2023-01-07 18:14:00,312.2472972937287,19.631417980094447,0
2023-01-07 18:15:00,259.4980596252631,19.370875658339628,0
2023-01-07 18:16:00,297.23180559269207,21.36459276649484,0
2023-01-07 18:17:00,262.47357130407397,20.717167127354173,0
2023-01-07 18:18:00,271.4481423185863,20.011448915386662,0
2023-01-07 18:19:00,328.8759314557849,19.139343943211735,0
2023-01-07 18:20:00,361.72808344020046,20.145642047986705,0
2023-01-07 18:21:00,272.12149588074465,19.907865987171565,0
2023-01-07 18:22:00,243.91132616520667,20.262892824857357,0
2023-01-07 18:23:00,237.46961466304685,20.590245127623373,0
2023-01-07 18:24:00,260.5213002502138,20.973436582280186,0
2023-01-07 18:25:00,250.65985130421063,19.261991395527144,0
2023-01-07 18:26:00,269.4390363868724,21.164029441510248,0
2023-01-07 18:27:00,277.24759289846287,20.27856502228447,0
2023-01-07 18:28:00,286.85229635619345,19.28856439257607,0
2023-01-07 18:29:00,268.1461909561702,20.38180020960713,0
2023-01-07 18:30:00,308.081769117311,21.053802048238865,0
2023-01-07 18:31:00,274.0867466316556,20.47549700023699,0
2023-01-07 18:32:00,291.85224840624653,20.711051313297382,0
2023-01-07 18:33:00,333.0851282653276,20.756186458985884,0
2023-01-07 18:34:00,327.2426414480915,19.51500534223432,0
2023-01-07 18:35:00,298.7881530981398,19.444869020565466,0
2023-01-07 18:36:00,357.1620398660167,20.959188930183355,0
2023-01-07 18:37:00,310.8372360349295,20.961867289078633,0
2023-01-07 18:38:00,303.00810043395035,21.864211814702365,0
2023-01-07 18:39:00,316.0612332405968,19.609636194381377,0
2023-01-07 18:40:00,356.77119742001867,19.909063509021056,0
2023-01-07 18:41:00,219.0394408907228,19.69018871430423,0
2023-01-07 18:42:00,321.71791391573845,19.705934147562505,0
2023-01-07 18:43:00,257.8039649143152,20.650960521771818,0
2023-01-07 18:44:00,328.05865486978473,20.535216103018467,0
2023-01-07 18:45:00,323.0984795430378,21.49167308883795,0
2023-01-07 18:46:00,366.8105356580737,19.71606511805991,0
2023-01-07 18:47:00,389.66923958725647,20.064123755367604,0
2023-01-07 18:48:00,422.11482197416706,20.426772544684862,0
2023-01-07 18:49:00,399.5916960946087,20.708032987091762,0
2023-01-07 18:50:00,421.30005201804863,18.56245861554696,0
2023-01-07 18:51:00,388.3099179435231,19.790601119735765,0
2023-01-07 18:52:00,249.0283253903683,21.70084754274574,0
2023-01-07 18:53:00,348.34959826736,21.252185593315968,0
2023-01-07 18:54:00,316.8878978522329,18.719000140945006,0
2023-01-07 18:55:00,322.63204002507746,20.364483733970573,0
2023-01-07 18:56:00,318.120429471911,20.619696259296767,0
2023-01-07 18:57:00,244.58705740768505,21.023325285715455,0
2023-01-07 18:58:00,282.8258651476271,20.026113080234307,0
2023-01-07 18:59:00,304.2324399836909,20.412494547529487,0
2023-01-07 19:00:00,321.1990190987483,20.08684383639124,0
2023-01-07 19:01:00,311.3194286488731,21.17425502223401,0
2023-01-07 19:02:00,385.39710971074766,20.02655806336054,0
2023-01-07 19:03:00,313.5762023575534,20.113835098710805,0
2023-01-07 19:04:00,256.86256619605996,19.450359558400915,0
2023-01-07 19:05:00,334.52086761031194,18.933176961494322,0
2023-01-07 19:06:00,349.47272656855995,20.536707810795143,0
2023-01-07 19:07:00,296.81815115482885,20.42017687513747,0
2023-01-07 19:08:00,268.34382618151096,20.71692470827702,0
2023-01-07 19:09:00,321.82316001419554,17.966910130714716,0
2023-01-07 19:10:00,283.01825211751316,21.4302693040268,0
2023-01-07 19:11:00,250.89632783256218,19.473281803581486,0
2023-01-07 19:12:00,316.0577221682465,19.759626118801677,0
2023-01-07 19:13:00,350.83979332972814,18.80869308593746,0
2023-01-07 19:14:00,284.95523230387823,21.52515615961738,0
2023-01-07 19:15:00,402.6424636773596,20.260534084755843,0
2023-01-07 19:16:00,354.50304735023457,21.249018246171918,0
2023-01-07 19:17:00,247.9442757426317,18.768993082191226,0
2023-01-07 19:18:00,288.65121984070595,19.780468373884794,0
2023-01-07 19:19:00,380.0633465476693,21.71010009963026,0
2023-01-07 19:20:00,871.5114562808392,19.64136013435333,0
2023-01-07 19:21:00,242.73018660263762,18.883536467351302,0
2023-01-07 19:22:00,337.39243074865124,20.003488856812,0
2023-01-07 19:23:00,374.74422738368406,19.691062316287574,0
2023-01-07 19:24:00,343.27719803056544,19.207290787541222,0
2023-01-07 19:25:00,368.64688736258586,21.039378500506,0
2023-01-07 19:26:00,411.7474074205725,21.373721408245288,0
2023-01-07 19:27:00,280.1112952752025,19.83132925273272,0
2023-01-07 19:28:00,267.3052737812697,20.390636062128852,0
2023-01-07 19:29:00,304.4257200324973,20.954462728473015,0
2023-01-07 19:30:00,391.2280718145114,19.871093219816082,0
2023-01-07 19:31:00,308.6625645576356,20.230879333575672,0
2023-01-07 19:32:00,337.5307172564906,22.227675140833053,0
2023-01-07 19:33:00,267.3716076851131,20.320108608784572,0
2023-01-07 19:34:00,381.9468036723991,19.383208293353075,0
2023-01-07 19:35:00,247.4079922602874,18.45903479277687,0
2023-01-07 19:36:00,221.77276096663508,20.76630964531458,0
2023-01-07 19:37:00,389.18373523265666,18.96957910557262,0
2023-01-07 19:38:00,323.4545344362251,19.2631726351745,0
2023-01-07 19:39:00,350.8458881524343,18.970504074569153,0
2023-01-07 19:40:00,201.25933587011008,20.920180975685184,0
2023-01-07 19:41:00,251.12572080610704,22.82639854092673,0
2023-01-07 19:42:00,238.15054014632415,21.162089524943628,0
2023-01-07 19:43:00,378.12848174977535,20.013463852793905,0
2023-01-07 19:44:00,350.25709408814254,20.98165758887361,0
2023-01-07 19:45:00,265.62709782382524,19.627527853289997,0
2023-01-07 19:46:00,381.08375207353436,21.29009445142106,0
2023-01-07 19:47:00,244.6074251958545,20.49024514546462,0
2023-01-07 19:48:00,308.6949281351278,19.65280504199405,0
2023-01-07 19:49:00,298.0735351934719,21.169448045472254,0
2023-01-07 19:50:00,356.7096139532621,20.01810060054439,0
2023-01-07 19:51:00,266.2501053199588,19.16620990821713,0
2023-01-07 19:52:00,351.7101025938513,20.9010547231532,0
2023-01-07 19:53:00,313.885288126317,18.015460886613393,0
2023-01-07 19:54:00,386.0274817659056,22.35004018268838,0
2023-01-07 19:55:00,254.80106643944862,19.38222243106872,0
2023-01-07 19:56:00,319.6102267261341,21.516076341631052,0
2023-01-07 19:57:00,351.3607319061949,19.759842401533938,0
2023-01-07 19:58:00,386.91416427147874,18.269031402570263,0
2023-01-07 19:59:00,341.1895378258095,20.958562257655057,0
2023-01-07 20:00:00,334.7819039085401,17.480393512143888,0
2023-01-07 20:01:00,350.28230227981277,19.535145900613333,0
2023-01-07 20:02:00,362.82224831695316,19.206163633723694,0
2023-01-07 20:03:00,276.58665948519035,21.019859305107918,0
2023-01-07 20:04:00,340.09824567705306,19.28471566116059,0
2023-01-07 20:05:00,304.4115454510084,18.7124432944015,0
2023-01-07 20:06:00,265.46138930026996,20.474314380442145,0
2023-01-07 20:07:00,368.31959655737586,19.901161753195048,0
2023-01-07 20:08:00,294.749615887615,19.728153198978983,0
2023-01-07 20:09:00,267.40316935610684,20.335464135694345,0
2023-01-07 20:10:00,371.8194484242087,19.770317504670448,0
2023-01-07 20:11:00,401.95068886192763,18.45716475052417,0
2023-01-07 20:12:00,462.9057990067038,20.636520767729845,0
2023-01-07 20:13:00,315.4118060525968,21.118933486877523,0
2023-01-07 20:14:00,325.5529246341554,17.79428182026986,0
2023-01-07 20:15:00,207.4650702705173,20.743642104314443,0
2023-01-07 20:16:00,279.19572260753984,18.926576425053053,0
2023-01-07 20:17:00,259.172454130496,18.94317723796699,0
2023-01-07 20:18:00,356.95406496207056,18.61730489381803,0
2023-01-07 20:19:00,414.7749788464036,19.813795548284393,0
2023-01-07 20:20:00,359.4637679609262,21.289714662586167,0
2023-01-07 20:21:00,320.58221709008825,18.957501843522486,0
2023-01-07 20:22:00,339.52642323352137,20.390643928423316,0
2023-01-07 20:23:00,326.75352694979335,20.634754867627258,0
2023-01-07 20:24:00,304.48086783228604,18.34074097569944,0
2023-01-07 20:25:00,280.95723494720875,19.599042448744793,0
2023-01-07 20:26:00,292.79528981843714,20.624585785537906,0
2023-01-07 20:27:00,328.9899113458664,20.067828275393424,0
2023-01-07 20:28:00,455.06747836523357,20.153733859676436,0
2023-01-07 20:29:00,231.36899498881135,19.501880055124257,0
2023-01-07 20:30:00,319.0656083977898,19.929565714575535,0
2023-01-07 20:31:00,421.141303192005,17.96407736759356,0
2023-01-07 20:32:00,280.15682056912823,20.982281463519726,0
2023-01-07 20:33:00,412.79117424600713,21.58944870065816,0
2023-01-07 20:34:00,322.84114043380714,19.94084831718846,0
2023-01-07 20:35:00,281.63473833422483,20.83318337754298,0
2023-01-07 20:36:00,319.03928494790625,22.030268090778385,0
2023-01-07 20:37:00,312.9971588274363,19.180110388042337,0
2023-01-07 20:38:00,309.57978493697817,20.788134373732994,0
2023-01-07 20:39:00,385.3970873551889,22.12782818078545,0
2023-01-07 20:40:00,365.7777995053161,20.64489619972993,0
2023-01-07 20:41:00,312.15721834175815,20.493118970942003,0
2023-01-07 20:42:00,385.7697335006546,20.32023176980982,0
2023-01-07 20:43:00,327.9854655061422,18.377142084810792,0
2023-01-07 20:44:00,418.62168017937955,19.992103163903383,0
2023-01-07 20:45:00,329.5384568083201,20.51677310893299,0
2023-01-07 20:46:00,338.38434067522013,20.05851244987401,0
2023-01-07 20:47:00,316.3224180968569,20.099379705413966,0
2023-01-07 20:48:00,323.01496132506304,17.007734385202646,0
2023-01-07 20:49:00,413.6152274052289,19.2998818627307,0
2023-01-07 20:50:00,331.16092188006957,18.02959589528501,0
2023-01-07 20:51:00,309.6219359748737,18.915853653659777,0
2023-01-07 20:52:00,274.40520405713596,19.202590904369707,0
2023-01-07 20:53:00,312.0660471463962,21.173447268936297,0
2023-01-07 20:54:00,368.332569953756,21.159849183762205,0
2023-01-07 20:55:00,304.7360304901453,20.423278076751604,0
2023-01-07 20:56:00,399.81654069262,19.045155414189757,0
2023-01-07 20:57:00,286.459004601461,19.754253788964782,0
2023-01-07 20:58:00,395.6266366388878,20.24416340957097,0
2023-01-07 20:59:00,393.2953541428615,19.516507130029545,0
2023-01-07 21:00:00,920.020899022832,20.686104511323343,0
2023-01-07 21:01:00,472.37358147090384,18.433731772118318,0
2023-01-07 21:02:00,410.37919601191334,19.847704309820774,0
2023-01-07 21:03:00,386.74385830991383,19.743978430095844,0
2023-01-07 21:04:00,310.9799651081042,19.62494636630517,0
2023-01-07 21:05:00,377.01003550442607,20.183918401400003,0
2023-01-07 21:06:00,506.0769996961225,22.096332953487206,0
2023-01-07 21:07:00,383.74111260017656,19.698664930461618,0
2023-01-07 21:08:00,487.9888614662272,20.35568664535048,0
2023-01-07 21:09:00,406.60933749358173,20.69973549561856,0
2023-01-07 21:10:00,360.0546595913571,21.3505856244938,0
2023-01-07 21:11:00,441.8944114666232,19.435514062167098,0
2023-01-07 21:12:00,367.8795410680553,19.72576142634379,0
2023-01-07 21:13:00,353.14194307515567,20.45412360923462,0
2023-01-07 21:14:00,390.1029676657615,19.88060333434863,0
2023-01-07 21:15:00,371.80226434309907,19.54928203870872,0
2023-01-07 21:16:00,354.42952177940276,20.41454318662757,0
2023-01-07 21:17:00,395.9396109653685,20.96536357959485,0
2023-01-07 21:18:00,441.98084993105783,17.012558331600392,0
2023-01-07 21:19:00,310.21194249115086,22.31263806557034,0
2023-01-07 21:20:00,312.73737377539567,19.818241100692568,0
2023-01-07 21:21:00,380.8808537652722,21.241683393802283,0
2023-01-07 21:22:00,423.67901590636694,20.5553352893011,0
2023-01-07 21:23:00,401.0044496913224,19.131179026430004,0
2023-01-07 21:24:00,459.01225013234694,18.12123787420851,0
2023-01-07 21:25:00,379.30760185841234,20.136243103048418,0
2023-01-07 21:26:00,479.68069934613214,18.584529242532795,0
2023-01-07 21:27:00,361.3920400061175,21.33599104638838,0
2023-01-07 21:28:00,438.56769226903594,19.823134310252406,0
2023-01-07 21:29:00,261.42977521657156,18.501427279156893,0
2023-01-07 21:30:00,441.44210569190034,20.00498809651455,0
2023-01-07 21:31:00,373.0419417018302,20.42354849026418,0
2023-01-07 21:32:00,459.97405432883517,18.970922626231324,0
2023-01-07 21:33:00,360.39117665936834,18.274417415067983,0
2023-01-07 21:34:00,342.33143369275564,19.947546470075295,0
2023-01-07 21:35:00,340.1588376855716,19.41234781135667,0
2023-01-07 21:36:00,311.3586969138527,19.590698773408636,0
2023-01-07 21:37:00,392.63315151233866,17.585080968343107,0
2023-01-07 21:38:00,339.60841212929927,19.098671771238585,0
2023-01-07 21:39:00,318.4946948859816,19.318785518222935,0
2023-01-07 21:40:00,271.682638862995,20.541440114860624,0
2023-01-07 21:41:00,313.51688109574366,21.578827844893805,0
2023-01-07 21:42:00,355.8550769427933,19.835475650099294,0
2023-01-07 21:43:00,384.524879653632,19.631069851545032,0
2023-01-07 21:44:00,404.30419543960164,19.578486874694676,0
2023-01-07 21:45:00,396.836473701168,20.62928416796703,0
2023-01-07 21:46:00,404.75312805265906,18.504656486167576,0
2023-01-07 21:47:00,345.108597560924,20.18075277054892,0
2023-01-07 21:48:00,393.2604468319666,20.106682946826385,0
2023-01-07 21:49:00,381.3071620398401,20.29101388780876,0
2023-01-07 21:50:00,413.93120327125484,19.401847385090658,0
2023-01-07 21:51:00,353.534003273503,18.703561008781552,0
2023-01-07 21:52:00,427.3086910069712,20.4488261160874,0
2023-01-07 21:53:00,380.11708887973236,19.381884910619313,0
2023-01-07 21:54:00,431.5558767439325,19.355067953198585,0
2023-01-07 21:55:00,348.1363954041822,20.029645520521118,0
2023-01-07 21:56:00,456.1345027934906,20.811232117816655,0
2023-01-07 21:57:00,433.01440724988856,20.85523890723275,0
2023-01-07 21:58:00,362.09823657095643,20.64970534849981,0
2023-01-07 21:59:00,431.4956987235469,19.964696856918106,0
2023-01-07 22:00:00,376.43857861105107,19.738206972099412,0
2023-01-07 22:01:00,431.5258132883333,18.51009595653564,0
2023-01-07 22:02:00,409.0004920364218,20.90506916792598,0
2023-01-07 22:03:00,278.2474860383401,19.834849507008972,0
2023-01-07 22:04:00,301.91111289199887,19.530778650331797,0
2023-01-07 22:05:00,367.8603067798584,20.592456917754507,0
2023-01-07 22:06:00,361.59033214654704,20.289870942490683,0
2023-01-07 22:07:00,422.77204438118525,18.7846089058957,0
2023-01-07 22:08:00,426.2522963951386,19.96027798287056,0
2023-01-07 22:09:00,350.83333130596975,19.42993684688568,0
2023-01-07 22:10:00,459.3271816481797,17.083589241118506,0
2023-01-07 22:11:00,461.71820781983166,21.149126667362644,0
2023-01-07 22:12:00,338.4652669482561,19.393583412238872,0
2023-01-07 22:13:00,408.10257545732753,19.942262895481843,0
2023-01-07 22:14:00,476.7379896869346,20.73766560882008,0
2023-01-07 22:15:00,455.88069292543815,20.605200110659883,0
2023-01-07 22:16:00,385.57095129834283,19.48660986497642,0
2023-01-07 22:17:00,379.74663933487676,20.24682271371675,0
2023-01-07 22:18:00,400.6174039533323,21.49476932596512,0
2023-01-07 22:19:00,456.3773197410181,18.982232583670687,0
2023-01-07 22:20:00,395.58633332137134,20.167811548302424,0
2023-01-07 22:21:00,413.3493497172517,19.269098534089334,0
2023-01-07 22:22:00,443.17160611537076,20.664013632108034,0
2023-01-07 22:23:00,407.10914297826724,19.883302954295345,0
2023-01-07 22:24:00,372.6712533318991,20.361050974886137,0
2023-01-07 22:25:00,443.0392441640258,17.843044281650503,0
2023-01-07 22:26:00,417.459877277599,20.365932145892696,0
2023-01-07 22:27:00,404.3220610751034,19.06741828025393,0
2023-01-07 22:28:00,430.71871845365234,19.625094046076324,0
2023-01-07 22:29:00,380.08006305562753,20.21561579689568,0
2023-01-07 22:30:00,415.03911265336455,19.24815328940279,0
2023-01-07 22:31:00,350.4265558530437,21.35461242662433,0
2023-01-07 22:32:00,471.05137117293697,20.65764255270521,0
2023-01-07 22:33:00,331.2702333971034,19.255312890583415,0
2023-01-07 22:34:00,448.7701396953841,20.572502396996274,0
2023-01-07 22:35:00,411.8202032358247,19.48855541470055,0
2023-01-07 22:36:00,487.09825039504244,18.37804999059514,0
2023-01-07 22:37:00,442.7906278402543,19.352820402025408,0
2023-01-07 22:38:00,508.56640116277174,18.928182910164328,0
2023-01-07 22:39:00,548.7495900952241,19.674402946597965,0
